time,co2,motion,rms,Door_contact,window,power1,power2,power3,power5,power6,labels,sum_power,derivative_co2
0,406.15384615384613,0.0,0.0135,0.0,0.0,13.0,0.0,0.0,0.0,0.0,0,13.0,-3.846153846153868
600,410.0,0.0,0.0135,0.0,0.0,13.0,0.0,0.0,0.0,0.0,0,13.0,2.5
1200,410.0,0.0,0.0135,0.0,0.0,13.0,0.0,0.0,0.0,0.0,0,13.0,0.0
1800,410.0,0.0,0.0135,0.0,0.0,13.0,0.0,0.0,0.0,0.0,0,13.0,0.0
2400,407.5,0.0,0.0134,0.0,0.0,13.0,0.0,0.0,0.0,0.0,0,13.0,-2.5
3000,410.0,0.0,0.0134,0.0,0.0,13.0,0.0,0.0,0.0,0.0,0,13.0,0.0
3600,410.0,0.0,0.0134,0.0,0.0,13.0,0.0,0.0,0.0,0.0,0,13.0,0.0
4200,410.0,0.0,0.0133,0.0,0.0,13.0,0.0,0.0,0.0,0.0,0,13.0,0.0
4800,410.0,0.0,0.0133,0.0,0.0,13.0,0.0,0.0,0.0,0.0,0,13.0,0.0
5400,410.0,0.0,0.0133,0.0,0.0,13.0,0.0,0.0,0.0,0.0,0,13.0,-4.285714285714278
6000,410.0,0.0,0.0132,0.0,0.0,13.0,0.0,0.0,0.0,0.0,0,13.0,-3.3333333333333144
6600,410.0,0.0,0.0132,0.0,0.0,13.0,0.0,0.0,0.0,0.0,0,13.0,-6.153846153846132
7200,414.2857142857143,0.0,0.0132,0.0,0.0,13.0,0.0,0.0,0.0,0.0,0,13.0,-5.714285714285722
7800,413.3333333333333,0.0,0.0131,0.0,0.0,13.0,0.0,0.0,0.0,0.0,0,13.0,-6.666666666666686
8400,416.15384615384613,0.0,0.0131,0.0,0.0,13.0,0.0,0.0,0.0,0.0,0,13.0,-3.846153846153868
9000,420.0,0.0,0.0131,0.0,0.0,13.0,0.0,0.0,0.0,0.0,0,13.0,0.0
9600,420.0,0.0,0.013,0.0,0.0,13.0,0.0,0.0,0.0,0.0,0,13.0,0.0
10200,420.0,0.0,0.013,0.0,0.0,13.0,0.0,0.0,0.0,0.0,0,13.0,0.0
10800,420.0,0.0,0.013,0.0,0.0,13.0,0.0,0.0,0.0,0.0,0,13.0,0.0
11400,420.0,0.0,0.0129,0.0,0.0,13.0,0.0,0.0,0.0,0.0,0,13.0,0.0
12000,420.0,0.0,0.0129,0.0,0.0,13.0,0.0,0.0,0.0,0.0,0,13.0,0.0
12600,420.0,0.0,0.0129,0.0,0.0,13.0,0.0,0.0,0.0,0.0,0,13.0,0.0
13200,420.0,0.0,0.0128,0.0,0.0,13.0,0.0,0.0,0.0,0.0,0,13.0,0.0
13800,420.0,0.0,0.0128,0.0,0.0,13.0,0.0,0.0,0.0,0.0,0,13.0,0.0
14400,420.0,0.0,0.0128,0.0,0.0,13.0,0.0,0.0,0.0,0.0,0,13.0,0.0
15000,420.0,0.0,0.0127,0.0,0.0,13.0,0.0,0.0,0.0,0.0,0,13.0,0.0
15600,420.0,0.0,0.0127,0.0,0.0,13.0,0.0,0.0,0.0,0.0,0,13.0,0.0
16200,420.0,0.0,0.0127,0.0,0.0,13.0,0.0,0.0,0.0,0.0,0,13.0,0.0
16800,420.0,0.0,0.0131,0.0,0.0,13.0,0.0,0.0,0.0,0.0,0,13.0,0.0
17400,420.0,0.0,0.0131,0.0,0.0,13.0,0.0,0.0,0.0,0.0,0,13.0,0.0
18000,420.0,0.0,0.0131,0.0,0.0,13.0,0.0,0.0,0.0,0.0,0,13.0,-4.444444444444457
18600,420.0,0.0,0.0131,0.0,0.0,13.0,0.0,0.0,0.0,0.0,0,13.0,-12.30769230769232
19200,420.0,2.0,0.0131,0.0,0.0,13.0,0.0,0.0,0.0,0.0,0,13.0,0.0
19800,424.44444444444446,0.0,0.0131,0.0,0.0,13.0,0.0,0.0,0.0,0.0,0,13.0,-5.555555555555543
20400,432.3076923076923,0.0,0.0131,0.0,0.0,13.0,0.0,0.0,0.0,0.0,0,13.0,2.307692307692321
21600,430.0,3.0,0.0131,1.0,0.0,13.0,0.0,0.0,0.0,0.0,0,13.0,-50.45454545454544
22200,430.0,2.0,0.0134,1.0,0.0,13.0,0.0,0.0,0.0,0.0,0,13.0,-71.73913043478262
22800,455.2631578947368,0.0,0.0134,1.0,0.0,13.0,0.0,0.0,0.0,0.0,0,13.0,-140.29239766081872
23400,480.45454545454544,0.0,0.0134,1.0,0.0,13.0,0.0,0.0,0.0,0.0,0,13.0,-184.36026936026934
24000,501.7391304347826,1.0,0.0133,1.0,0.0,13.0,0.0,0.0,23.0,23.0,0,59.0,-164.41471571906357
24600,595.5555555555555,3.0,0.0133,0.0,0.0,13.0,0.0,0.0,22.0,22.0,0,57.0,-87.6444444444445
25200,664.8148148148148,1.0,0.0133,0.0,0.0,13.0,0.0,0.0,18.0,18.0,0,49.0,-58.51851851851859
25800,666.1538461538462,1.0,0.0135,0.0,0.0,13.0,0.0,0.0,19.0,19.0,0,51.0,-79.56043956043948
26400,683.2,4.0,0.0135,0.0,0.0,13.0,0.0,0.0,18.0,18.0,0,49.0,-165.64615384615377
27000,723.3333333333334,0.0,0.0135,0.0,0.0,13.0,0.0,0.0,21.0,21.0,0,55.0,-188.66666666666663
27600,745.7142857142857,2.0,0.0137,0.0,0.0,13.0,0.0,0.0,23.0,23.0,0,59.0,-137.0857142857143
28200,848.8461538461538,3.0,0.0137,0.0,0.0,13.0,0.0,0.0,24.0,24.0,0,61.0,-84.48717948717956
28800,912.0,2.0,0.0137,0.0,0.0,13.0,0.0,0.0,29.0,29.0,0,71.0,122.0
29400,882.8,0.0,0.0227,0.0,0.0,13.0,0.0,0.0,26.0,26.0,0,65.0,68.18461538461531
30000,933.3333333333334,0.0,0.0227,0.0,0.0,13.0,0.0,0.0,20.0,20.0,0,53.0,70.9333333333334
30600,790.0,1.0,0.0227,0.0,0.0,13.0,0.0,0.0,21.0,21.0,0,55.0,-50.0
31200,814.6153846153846,2.0,0.0116,1.0,0.0,13.0,0.0,0.0,21.0,21.0,0,55.0,-21.63461538461536
31800,862.4,0.0,0.0116,0.0,0.0,13.0,0.0,0.0,19.0,19.0,0,51.0,-28.90434782608702
32400,840.0,3.0,0.0116,0.0,0.0,13.0,0.0,0.0,21.0,21.0,0,55.0,-58.888888888888914
33000,836.25,2.0,0.0254,0.0,0.0,13.0,0.0,0.0,21.0,21.0,0,55.0,-114.95000000000005
33600,891.304347826087,3.0,0.0254,0.0,0.0,13.0,0.0,0.0,23.0,23.0,0,59.0,-72.695652173913
34200,898.8888888888889,1.0,0.0254,0.0,0.0,13.0,0.0,0.0,19.0,19.0,0,51.0,-18.03418803418799
34800,951.2,3.0,0.0502,1.0,0.0,13.0,0.0,0.0,17.0,17.0,2,47.0,-77.49565217391296
35400,964.0,3.0,0.0502,0.0,0.0,13.0,0.0,0.0,30.0,30.0,2,73.0,-70.5454545454545
36000,916.9230769230769,5.0,0.0502,0.0,0.0,13.0,0.0,0.0,30.0,30.0,2,73.0,-150.27692307692314
36600,1028.695652173913,1.0,0.0279,0.0,0.0,13.0,0.0,0.0,29.0,29.0,1,71.0,-101.304347826087
37200,1034.5454545454545,2.0,0.0279,1.0,0.0,13.0,0.0,0.0,25.0,25.0,1,63.0,-7.854545454545587
37800,1067.2,0.0,0.0279,0.0,0.0,13.0,0.0,0.0,22.0,22.0,1,57.0,199.80869565217392
38400,1130.0,5.0,0.04,0.0,1.0,72.0,25.0,0.0,25.0,25.0,1.8,147.0,306.9565217391304
39000,1042.4,0.0,0.04,1.0,1.0,75.0,29.0,0.0,26.0,26.0,1.8,156.0,218.23333333333346
39600,867.3913043478261,0.0,0.04,1.0,1.0,74.0,26.0,0.0,24.0,24.0,1.8,148.0,97.39130434782612
40200,823.0434782608696,1.0,0.01,0.0,1.0,69.0,24.0,0.0,24.0,24.0,0.8,141.0,43.04347826086962
40800,824.1666666666666,1.0,0.01,0.0,1.0,70.0,27.0,0.0,23.0,23.0,0.8,143.0,14.166666666666629
41400,770.0,3.0,0.01,0.0,1.0,68.0,24.0,0.0,21.0,21.0,0.8,134.0,99.58333333333337
42000,780.0,1.0,0.0089,0.0,1.0,56.0,24.0,0.0,24.0,24.0,0,128.0,118.51851851851848
42600,810.0,2.0,0.0089,0.0,1.0,56.0,14.0,0.0,21.0,21.0,0,112.0,171.1111111111111
43200,670.4166666666666,1.0,0.0089,0.0,1.0,56.0,14.0,0.0,31.0,31.0,0,132.0,-42.08333333333337
43800,661.4814814814815,2.0,0.011,0.0,1.0,29.0,14.0,0.0,21.0,21.0,0.4,85.0,-8.518518518518476
44400,638.8888888888889,0.0,0.011,0.0,1.0,75.0,29.0,0.0,20.0,20.0,0.4,144.0,55.68888888888887
45000,712.5,4.0,0.011,0.0,1.0,78.0,28.0,0.0,24.0,24.0,0.4,154.0,89.90740740740739
45600,670.0,1.0,0.01,0.0,1.0,85.0,26.0,0.0,20.0,20.0,1,151.0,10.799999999999955
46200,583.2,3.0,0.01,1.0,1.0,69.0,30.0,0.0,21.0,21.0,1,141.0,-94.79999999999995
46800,622.5925925925926,1.0,0.01,0.0,1.0,70.0,28.0,0.0,26.0,26.0,1,150.0,-41.80740740740737
47400,659.2,2.0,0.0172,0.0,1.0,67.0,28.0,0.0,20.0,20.0,1.2,135.0,20.450000000000045
48000,678.0,0.0,0.0172,0.0,1.0,70.0,26.0,0.0,23.0,23.0,1.2,142.0,28.38461538461536
48600,664.4,1.0,0.0172,1.0,1.0,80.0,26.0,0.0,30.0,30.0,1.2,166.0,-0.21538461538466436
49200,638.75,1.0,0.0386,0.0,1.0,65.0,26.0,0.0,20.0,20.0,2,131.0,0.9722222222221717
49800,649.6153846153846,3.0,0.0386,0.0,1.0,66.0,27.0,0.0,22.0,22.0,2,137.0,14.230769230769283
50400,664.6153846153846,0.0,0.0386,0.0,1.0,71.0,28.0,0.0,22.0,22.0,2,143.0,19.61538461538464
51000,637.7777777777778,1.0,0.0661,0.0,1.0,65.0,28.0,0.0,24.0,24.0,3,141.0,1.4814814814815236
51600,635.3846153846154,3.0,0.0661,1.0,1.0,72.0,28.0,0.0,21.0,21.0,3,142.0,-20.03205128205127
52200,645.0,2.0,0.0661,0.0,1.0,70.0,26.0,0.0,18.0,18.0,3,132.0,55.799999999999955
52800,636.2962962962963,2.0,0.0661,0.0,1.0,66.0,27.0,0.0,23.0,23.0,3.7,139.0,95.0462962962963
53400,655.4166666666666,2.0,0.0661,0.0,1.0,30.0,16.0,0.0,26.0,26.0,3.7,98.0,151.01666666666665
54000,589.2,1.0,0.0558,0.0,1.0,69.0,30.0,0.0,24.0,24.0,3.5,147.0,88.29090909090911
54600,541.25,0.0,0.0558,0.0,1.0,71.0,45.0,0.0,22.0,22.0,3.5,160.0,53.25
55200,504.4,2.0,0.0558,0.0,1.0,67.0,31.0,0.0,0.0,0.0,3.5,98.0,28.566666666666663
55800,500.90909090909093,1.0,0.0356,0.0,1.0,68.0,33.0,0.0,0.0,0.0,2.3,101.0,36.909090909090935
56400,488.0,2.0,0.0356,0.0,1.0,68.0,27.0,0.0,0.0,0.0,2.3,95.0,23.0
57000,475.8333333333333,0.0,0.0356,0.0,1.0,83.0,46.0,0.0,0.0,0.0,2.3,129.0,-23.578431372549062
57600,464.0,1.0,0.0207,0.0,1.0,68.0,31.0,0.0,0.0,0.0,1.5,99.0,-23.69230769230768
58200,465.0,0.0,0.0207,0.0,0.0,69.0,26.0,0.0,0.0,0.0,1.5,95.0,-25.952380952380963
58800,499.4117647058824,0.0,0.0207,0.0,0.0,14.0,0.0,0.0,0.0,0.0,1.5,14.0,19.411764705882376
59400,487.6923076923077,0.0,0.031,0.0,0.0,13.0,0.0,0.0,0.0,0.0,3,13.0,1.5811965811965933
60000,490.95238095238096,0.0,0.031,0.0,0.0,13.0,0.0,0.0,0.0,0.0,3,13.0,3.1746031746031917
60600,480.0,0.0,0.031,0.0,0.0,13.0,0.0,0.0,0.0,0.0,3,13.0,-17.0
61200,486.1111111111111,0.0,0.0493,0.0,0.0,13.0,0.0,0.0,0.0,0.0,3,13.0,32.426900584795305
61800,487.77777777777777,0.0,0.0493,0.0,0.0,13.0,0.0,0.0,0.0,0.0,3,13.0,56.57777777777778
62400,497.0,0.0,0.0493,0.0,0.0,13.0,0.0,0.0,0.0,0.0,3,13.0,62.78947368421052
63000,453.6842105263158,0.0,0.016,0.0,0.0,13.0,0.0,0.0,0.0,0.0,1.6,13.0,20.350877192982466
63600,431.2,0.0,0.016,0.0,0.0,13.0,0.0,0.0,0.0,0.0,1.6,13.0,-6.981818181818198
64200,434.2105263157895,0.0,0.016,0.0,0.0,13.0,0.0,0.0,0.0,0.0,1.6,13.0,0.21052631578947967
64800,433.3333333333333,0.0,0.0328,0.0,0.0,13.0,0.0,0.0,0.0,0.0,2,13.0,1.5686274509803866
65400,438.1818181818182,0.0,0.0328,0.0,0.0,13.0,0.0,0.0,0.0,0.0,2,13.0,7.005347593582883
66000,434.0,0.0,0.0328,0.0,0.0,13.0,0.0,0.0,0.0,0.0,2,13.0,-2.0
66600,431.7647058823529,0.0,0.0261,0.0,0.0,13.0,0.0,0.0,0.0,0.0,1,13.0,4.145658263305336
67200,431.1764705882353,0.0,0.0261,0.0,0.0,13.0,0.0,0.0,0.0,0.0,1,13.0,11.176470588235304
67800,436.0,0.0,0.0261,0.0,0.0,13.0,0.0,0.0,0.0,0.0,1,13.0,22.25
68400,427.6190476190476,0.0,0.0109,0.0,0.0,13.0,0.0,0.0,0.0,0.0,1,13.0,5.238095238095184
69000,420.0,0.0,0.0109,0.0,0.0,13.0,0.0,0.0,0.0,0.0,1,13.0,0.0
69600,413.75,0.0,0.0109,0.0,0.0,13.0,0.0,0.0,0.0,0.0,1,13.0,0.0
70200,422.3809523809524,0.0,0.0011,0.0,0.0,13.0,0.0,0.0,0.0,0.0,0,13.0,0.0
86400,407.77777777777777,0.0,0.001,0.0,0.0,13.0,0.0,0.0,0.0,0.0,0,13.0,10.555555555555543
87000,401.6666666666667,0.0,0.001,0.0,0.0,13.0,0.0,0.0,0.0,0.0,0,13.0,3.0
87600,397.3333333333333,0.0,0.001,0.0,0.0,13.0,0.0,0.0,0.0,0.0,0,13.0,-1.3333333333333712
88200,397.22222222222223,0.0,0.001,0.0,0.0,13.0,0.0,0.0,0.0,0.0,0,13.0,1.5079365079365061
88800,398.6666666666667,0.0,0.001,0.0,0.0,13.0,0.0,0.0,0.0,0.0,0,13.0,-4.060606060606062
89400,398.6666666666667,0.0,0.001,0.0,0.0,13.0,0.0,0.0,0.0,0.0,0,13.0,-5.333333333333314
90000,395.7142857142857,0.0,0.001,0.0,0.0,13.0,0.0,0.0,0.0,0.0,0,13.0,5.714285714285722
90600,402.72727272727275,0.0,0.001,0.0,0.0,13.0,0.0,0.0,0.0,0.0,0,13.0,12.727272727272748
91200,404.0,0.0,0.001,0.0,0.0,13.0,0.0,0.0,0.0,0.0,0,13.0,9.714285714285722
91800,390.0,0.0,0.001,0.0,0.0,13.0,0.0,0.0,0.0,0.0,0,13.0,-5.0
92400,390.0,0.0,0.001,0.0,0.0,13.0,0.0,0.0,0.0,0.0,0,13.0,-5.0
93000,394.2857142857143,0.0,0.001,0.0,0.0,13.0,0.0,0.0,0.0,0.0,0,13.0,-5.714285714285722
93600,395.0,0.0,0.001,0.0,0.0,13.0,0.0,0.0,0.0,0.0,0,13.0,0.0
94200,395.0,0.0,0.001,0.0,0.0,13.0,0.0,0.0,0.0,0.0,0,13.0,-3.0
94800,400.0,0.0,0.001,0.0,0.0,13.0,0.0,0.0,0.0,0.0,0,13.0,0.0
95400,395.0,0.0,0.001,0.0,0.0,13.0,0.0,0.0,0.0,0.0,0,13.0,-5.0
96000,398.0,0.0,0.001,0.0,0.0,13.0,0.0,0.0,0.0,0.0,0,13.0,-2.8333333333333144
96600,400.0,0.0,0.001,0.0,0.0,13.0,0.0,0.0,0.0,0.0,0,13.0,-1.6666666666666856
97200,400.0,0.0,0.001,0.0,0.0,13.0,0.0,0.0,0.0,0.0,0,13.0,-0.7142857142857224
97800,400.8333333333333,0.0,0.001,0.0,0.0,13.0,0.0,0.0,0.0,0.0,0,13.0,-2.0238095238095184
98400,401.6666666666667,0.0,0.001,0.0,0.0,13.0,0.0,0.0,0.0,0.0,0,13.0,0.0
99000,400.7142857142857,0.0,0.001,0.0,0.0,13.0,0.0,0.0,0.0,0.0,0,13.0,-1.7857142857142776
99600,402.85714285714283,0.0,0.001,0.0,0.0,13.0,0.0,0.0,0.0,0.0,0,13.0,1.0389610389610198
100200,401.6666666666667,0.0,0.001,0.0,0.0,13.0,0.0,0.0,0.0,0.0,0,13.0,-3.7878787878787534
100800,402.5,0.0,0.001,0.0,0.0,13.0,0.0,0.0,0.0,0.0,0,13.0,-1.136363636363626
101400,401.8181818181818,0.0,0.001,0.0,0.0,13.0,0.0,0.0,0.0,0.0,0,13.0,-10.324675324675354
102000,405.45454545454544,0.0,0.001,0.0,0.0,13.0,0.0,0.0,0.0,0.0,0,13.0,-3.7121212121212466
102600,403.6363636363636,0.0,0.001,0.0,0.0,13.0,0.0,0.0,0.0,0.0,0,13.0,-4.220779220779207
103200,412.14285714285717,0.0,0.001,0.0,0.0,13.0,0.0,0.0,0.0,0.0,0,13.0,0.0
103800,409.1666666666667,0.0,0.001,0.0,0.0,13.0,0.0,0.0,0.0,0.0,0,13.0,-5.833333333333314
104400,407.85714285714283,0.0,0.001,0.0,0.0,13.0,0.0,0.0,0.0,0.0,0,13.0,-7.142857142857167
105000,412.14285714285717,1.0,0.001,0.0,0.0,13.0,0.0,0.0,0.0,0.0,0,13.0,-7.857142857142833
105600,415.0,0.0,0.001,0.0,0.0,13.0,0.0,0.0,0.0,0.0,0,13.0,-1.0
106200,415.0,0.0,0.001,0.0,0.0,13.0,0.0,0.0,0.0,0.0,0,13.0,-37.22222222222223
106800,420.0,1.0,0.001,0.0,0.0,13.0,0.0,0.0,0.0,0.0,0,13.0,-57.14285714285717
107400,416.0,5.0,0.001,1.0,0.0,13.0,0.0,0.0,0.0,0.0,0,13.0,-70.1904761904762
108000,452.22222222222223,2.0,0.001,1.0,0.0,13.0,0.0,0.0,0.0,0.0,0,13.0,-44.92063492063494
108600,477.14285714285717,2.0,0.001,1.0,0.0,13.0,0.0,0.0,48.0,48.0,0,109.0,-12.232142857142833
109200,486.1904761904762,3.0,0.001,1.0,0.0,13.0,0.0,0.0,40.0,40.0,0,93.0,-24.285714285714278
109800,497.14285714285717,2.0,0.001,1.0,0.0,13.0,0.0,0.0,26.0,26.0,0,65.0,-13.383458646616532
110400,489.375,0.0,0.001,1.0,0.0,13.0,0.0,0.0,29.0,29.0,0,71.0,-67.09558823529414
111000,510.4761904761905,2.0,0.001,0.0,0.0,13.0,0.0,0.0,40.0,40.0,0,93.0,-23.61471861471864
111600,510.5263157894737,1.0,0.001,0.0,0.0,13.0,0.0,0.0,25.0,25.0,0,63.0,-2.10526315789474
112200,556.4705882352941,3.0,0.001,0.0,0.0,13.0,0.0,0.0,31.0,31.0,0,75.0,-50.05115089514061
112800,534.0909090909091,2.0,0.001,0.0,0.0,13.0,0.0,0.0,32.0,32.0,0,77.0,-59.61279461279457
113400,512.6315789473684,1.0,0.001,0.0,0.0,13.0,0.0,0.0,29.0,29.0,0,71.0,-148.13765182186228
114000,606.5217391304348,4.0,0.001,0.0,0.0,13.0,0.0,0.0,28.0,28.0,0,69.0,-111.6264090177134
114600,593.7037037037037,2.0,0.001,0.0,0.0,13.0,0.0,0.0,23.0,23.0,0,59.0,-175.87962962962968
115200,660.7692307692307,0.0,0.001,1.0,0.0,13.0,0.0,0.0,21.0,21.0,0,55.0,-141.1538461538462
115800,718.1481481481482,1.0,0.001,1.0,0.0,13.0,0.0,0.0,21.0,21.0,0,55.0,-171.1111111111111
116400,769.5833333333334,1.0,0.001,0.0,0.0,63.0,23.0,0.0,18.0,18.0,0,122.0,-268.19444444444446
117000,801.9230769230769,0.0,0.001,0.0,0.0,61.0,23.0,0.0,20.0,20.0,0,124.0,-385.676923076923
117600,889.2592592592592,1.0,0.001,0.0,0.0,72.0,27.0,0.0,24.0,24.0,0,147.0,-325.55555555555554
118200,1037.7777777777778,4.0,0.001,0.0,0.0,62.0,27.0,0.0,30.0,30.0,0,149.0,-147.77777777777783
118800,1187.6,3.0,0.001,0.0,0.0,61.0,25.0,0.0,19.0,19.0,0,124.0,-61.288888888889005
119400,1214.8148148148148,2.0,0.0196,0.0,0.0,65.0,26.0,0.0,23.0,23.0,1,137.0,75.19943019943025
120000,1185.5555555555557,0.0,0.0196,0.0,0.0,63.0,29.0,0.0,19.0,19.0,1,130.0,-52.90598290598291
120600,1248.888888888889,0.0,0.0196,0.0,0.0,59.0,25.0,0.0,23.0,23.0,1,130.0,-20.676328502415345
121200,1139.6153846153845,0.0,0.0426,0.0,0.0,60.0,25.0,0.0,18.0,18.0,1.3,121.0,-100.86080586080584
121800,1238.4615384615386,0.0,0.0426,0.0,0.0,60.0,26.0,0.0,22.0,22.0,1.3,130.0,62.46153846153857
122400,1269.5652173913043,1.0,0.0426,0.0,0.0,24.0,15.0,0.0,21.0,21.0,1.3,81.0,290.3652173913042
123000,1240.4761904761904,2.0,0.0173,1.0,0.0,24.0,15.0,0.0,21.0,21.0,1,81.0,327.7489177489176
123600,1176.0,2.0,0.0173,1.0,0.0,24.0,15.0,0.0,21.0,21.0,1,81.0,151.625
124200,979.2,0.0,0.0173,0.0,0.0,60.0,24.0,0.0,22.0,22.0,1,128.0,-139.26153846153852
124800,912.7272727272727,2.0,0.0259,0.0,0.0,62.0,24.0,0.0,16.0,16.0,1.5,118.0,-275.7342657342658
125400,1024.375,1.0,0.0259,0.0,0.0,14.0,0.0,0.0,24.0,24.0,1.5,62.0,-171.33928571428578
126000,1118.4615384615386,1.0,0.0259,0.0,0.0,13.0,0.0,0.0,37.0,37.0,1.5,87.0,-119.23076923076906
126600,1188.4615384615386,2.0,0.0346,0.0,0.0,13.0,0.0,0.0,27.0,27.0,3,67.0,-165.98290598290578
127200,1195.7142857142858,0.0,0.0346,0.0,0.0,13.0,0.0,0.0,29.0,29.0,3,71.0,-207.8571428571429
127800,1237.6923076923076,2.0,0.0346,0.0,0.0,13.0,0.0,0.0,30.0,30.0,3,73.0,-142.30769230769238
128400,1354.4444444444443,1.0,0.045,0.0,0.0,13.0,0.0,0.0,27.0,27.0,3.5,67.0,-16.984126984126988
129000,1403.5714285714287,0.0,0.045,0.0,0.0,13.0,0.0,0.0,28.0,28.0,3.5,69.0,0.23809523809541133
129600,1380.0,1.0,0.045,0.0,0.0,13.0,0.0,0.0,28.0,28.0,3.5,69.0,-70.90909090909099
130200,1371.4285714285713,1.0,0.0347,0.0,0.0,13.0,0.0,0.0,27.0,27.0,3,67.0,-132.46031746031758
130800,1403.3333333333333,1.0,0.0347,0.0,0.0,13.0,0.0,0.0,30.0,30.0,3,73.0,44.28571428571422
131400,1450.909090909091,0.0,0.0347,0.0,0.0,13.0,0.0,0.0,29.0,29.0,3,71.0,403.63636363636374
132000,1503.888888888889,0.0,0.0208,0.0,0.0,13.0,0.0,0.0,25.0,25.0,1,63.0,632.3504273504274
132600,1359.047619047619,0.0,0.0208,0.0,1.0,13.0,0.0,0.0,32.0,32.0,1,77.0,556.1309523809524
133200,1047.2727272727273,1.0,0.0208,0.0,1.0,13.0,0.0,0.0,30.0,30.0,1,73.0,368.04195804195797
133800,871.5384615384615,0.0,0.0279,0.0,1.0,13.0,0.0,0.0,22.0,22.0,0,57.0,215.93846153846152
134400,802.9166666666666,1.0,0.0279,0.0,1.0,13.0,0.0,0.0,20.0,20.0,0,53.0,162.32843137254895
135000,679.2307692307693,3.0,0.0279,0.0,1.0,13.0,0.0,0.0,22.0,22.0,0,57.0,53.1196581196582
135600,655.6,1.0,0.037,1.0,1.0,13.0,0.0,0.0,21.0,21.0,3,55.0,100.39999999999998
136200,640.5882352941177,1.0,0.037,0.0,1.0,13.0,0.0,0.0,21.0,21.0,3,55.0,69.2245989304813
136800,626.1111111111111,2.0,0.037,0.0,1.0,69.0,25.0,0.0,22.0,22.0,3,138.0,24.005847953216403
137400,555.2,1.0,0.0362,0.0,1.0,67.0,30.0,0.0,23.0,23.0,3,143.0,20.200000000000045
138000,571.3636363636364,3.0,0.0362,0.0,1.0,67.0,37.0,0.0,15.0,15.0,3,134.0,9.488636363636374
138600,602.1052631578947,2.0,0.0362,0.0,1.0,68.0,26.0,0.0,15.0,15.0,3,124.0,58.77192982456131
139200,535.0,3.0,0.0386,0.0,1.0,71.0,25.0,0.0,15.0,15.0,2.3,126.0,13.0
139800,561.875,2.0,0.0386,0.0,1.0,67.0,25.0,0.0,16.0,16.0,2.3,124.0,19.79166666666663
140400,543.3333333333334,4.0,0.018,0.0,1.0,84.0,26.0,0.0,21.0,21.0,2.5,152.0,-52.753623188405754
141000,522.0,1.0,0.018,0.0,1.0,65.0,25.0,0.0,24.0,24.0,2.5,138.0,-36.695652173913004
141600,542.0833333333334,3.0,0.018,0.0,1.0,75.0,26.0,0.0,27.0,27.0,2.5,155.0,-10.993589743589723
142200,596.0869565217391,4.0,0.0178,0.0,1.0,74.0,26.0,0.0,22.0,22.0,3,144.0,38.944099378882015
142800,558.695652173913,1.0,0.0178,0.0,1.0,64.0,26.0,0.0,25.0,25.0,3,140.0,-1.304347826086996
143400,553.0769230769231,0.0,0.0178,0.0,1.0,68.0,27.0,0.0,22.0,22.0,3,139.0,3.0769230769230944
144000,557.1428571428571,0.0,0.02,0.0,0.0,14.0,0.0,0.0,18.0,18.0,2.3,50.0,12.14285714285711
144600,560.0,0.0,0.02,0.0,0.0,13.0,0.0,0.0,0.0,0.0,2.3,13.0,32.5
145200,550.0,0.0,0.02,0.0,0.0,13.0,0.0,0.0,0.0,0.0,2.3,13.0,50.0
145800,545.0,0.0,0.0241,0.0,0.0,13.0,0.0,0.0,0.0,0.0,1.3,13.0,40.0
146400,527.5,0.0,0.0241,0.0,0.0,13.0,0.0,0.0,0.0,0.0,1.3,13.0,37.5
147000,500.0,0.0,0.0241,0.0,0.0,13.0,0.0,0.0,0.0,0.0,1.3,13.0,20.0
147600,505.0,0.0,0.0353,0.0,0.0,13.0,0.0,0.0,0.0,0.0,2,13.0,32.0
148200,490.0,0.0,0.0353,0.0,0.0,13.0,0.0,0.0,0.0,0.0,2,13.0,14.70588235294116
148800,480.0,0.0,0.0353,0.0,0.0,13.0,0.0,0.0,0.0,0.0,2,13.0,10.0
149400,473.0,0.0,0.0227,0.0,0.0,13.0,0.0,0.0,0.0,0.0,1,13.0,3.0
150000,475.29411764705884,0.0,0.0227,0.0,0.0,13.0,0.0,0.0,0.0,0.0,1,13.0,28.151260504201673
150600,470.0,0.0,0.0227,0.0,0.0,13.0,0.0,0.0,0.0,0.0,1,13.0,15.0
151200,470.0,0.0,0.0368,0.0,0.0,13.0,0.0,0.0,0.0,0.0,2,13.0,28.461538461538453
151800,447.14285714285717,0.0,0.0368,0.0,0.0,13.0,0.0,0.0,0.0,0.0,2,13.0,2.142857142857167
152400,455.0,0.0,0.0368,0.0,0.0,13.0,0.0,0.0,0.0,0.0,2,13.0,15.0
153000,441.53846153846155,0.0,0.0366,0.0,0.0,13.0,0.0,0.0,0.0,0.0,2,13.0,1.5384615384615472
153600,445.0,0.0,0.0366,0.0,0.0,13.0,0.0,0.0,0.0,0.0,2,13.0,10.0
154200,440.0,0.0,0.0366,0.0,0.0,13.0,0.0,0.0,0.0,0.0,2,13.0,10.0
154800,440.0,0.0,0.001,0.0,0.0,13.0,0.0,0.0,0.0,0.0,0,13.0,10.0
155400,435.0,0.0,0.001,0.0,0.0,13.0,0.0,0.0,0.0,0.0,0,13.0,5.0
156000,430.0,0.0,0.001,0.0,0.0,13.0,0.0,0.0,0.0,0.0,0,13.0,0.0
156600,430.0,0.0,0.001,0.0,0.0,13.0,0.0,0.0,0.0,0.0,0,13.0,0.0
157200,430.0,0.0,0.001,0.0,0.0,13.0,0.0,0.0,0.0,0.0,0,13.0,0.0
157800,430.0,0.0,0.001,0.0,0.0,13.0,0.0,0.0,0.0,0.0,0,13.0,0.0
158400,430.0,0.0,0.001,0.0,0.0,13.0,0.0,0.0,0.0,0.0,0,13.0,0.0
172200,390.0,0.0,0.001,0.0,0.0,13.0,0.0,0.0,0.0,0.0,0,13.0,0.0
173400,390.0,0.0,0.001,0.0,0.0,13.0,0.0,0.0,0.0,0.0,0,13.0,0.0
174000,390.0,0.0,0.001,0.0,0.0,13.0,0.0,0.0,0.0,0.0,0,13.0,0.0
174600,390.0,0.0,0.001,0.0,0.0,13.0,0.0,0.0,0.0,0.0,0,13.0,0.0
175200,390.0,0.0,0.001,0.0,0.0,13.0,0.0,0.0,0.0,0.0,0,13.0,0.0
175800,390.0,0.0,0.001,0.0,0.0,13.0,0.0,0.0,0.0,0.0,0,13.0,0.0
176400,390.0,0.0,0.001,0.0,0.0,13.0,0.0,0.0,0.0,0.0,0,13.0,0.0
177000,390.0,0.0,0.001,0.0,0.0,13.0,0.0,0.0,0.0,0.0,0,13.0,0.0
177600,390.0,0.0,0.001,0.0,0.0,13.0,0.0,0.0,0.0,0.0,0,13.0,0.0
178200,390.0,0.0,0.001,0.0,0.0,13.0,0.0,0.0,0.0,0.0,0,13.0,0.0
178800,390.0,0.0,0.001,0.0,0.0,13.0,0.0,0.0,0.0,0.0,0,13.0,0.0
179400,390.0,0.0,0.001,0.0,0.0,13.0,0.0,0.0,0.0,0.0,0,13.0,0.0
180000,390.0,0.0,0.001,0.0,0.0,13.0,0.0,0.0,0.0,0.0,0,13.0,0.0
180600,390.0,0.0,0.001,0.0,0.0,13.0,0.0,0.0,0.0,0.0,0,13.0,0.0
181200,390.0,0.0,0.001,0.0,0.0,13.0,0.0,0.0,0.0,0.0,0,13.0,0.0
181800,390.0,0.0,0.001,0.0,0.0,13.0,0.0,0.0,0.0,0.0,0,13.0,0.0
182400,390.0,0.0,0.001,0.0,0.0,13.0,0.0,0.0,0.0,0.0,0,13.0,0.0
183000,390.0,0.0,0.001,0.0,0.0,13.0,0.0,0.0,0.0,0.0,0,13.0,0.0
183600,390.0,0.0,0.001,0.0,0.0,13.0,0.0,0.0,0.0,0.0,0,13.0,0.0
184200,390.0,0.0,0.001,0.0,0.0,13.0,0.0,0.0,0.0,0.0,0,13.0,0.0
184800,390.0,0.0,0.001,0.0,0.0,13.0,0.0,0.0,0.0,0.0,0,13.0,0.0
185400,390.0,0.0,0.001,0.0,0.0,13.0,0.0,0.0,0.0,0.0,0,13.0,0.0
186000,390.0,0.0,0.001,0.0,0.0,13.0,0.0,0.0,0.0,0.0,0,13.0,0.0
186600,390.0,0.0,0.001,0.0,0.0,13.0,0.0,0.0,0.0,0.0,0,13.0,0.0
187200,390.0,0.0,0.001,0.0,0.0,13.0,0.0,0.0,0.0,0.0,0,13.0,-590.0
187800,390.0,0.0,0.001,0.0,0.0,13.0,0.0,0.0,0.0,0.0,0,13.0,0.0
188400,390.0,0.0,0.001,0.0,0.0,13.0,0.0,0.0,0.0,0.0,0,13.0,0.0
189000,980.0,0.0,0.001,0.0,0.0,13.0,0.0,0.0,0.0,0.0,0,13.0,590.0
189600,390.0,0.0,0.001,0.0,0.0,13.0,0.0,0.0,0.0,0.0,0,13.0,0.0
190200,390.0,0.0,0.001,0.0,0.0,13.0,0.0,0.0,0.0,0.0,0,13.0,0.0
190800,390.0,1.0,0.001,0.0,0.0,13.0,0.0,0.0,0.0,0.0,0,13.0,-6.666666666666686
191400,390.0,2.0,0.001,1.0,0.0,13.0,0.0,0.0,0.0,0.0,0,13.0,-12.222222222222229
192000,390.0,0.0,0.001,0.0,1.0,13.0,0.0,0.0,0.0,0.0,0,13.0,-17.272727272727252
192600,396.6666666666667,1.0,0.001,0.0,1.0,66.0,28.0,0.0,0.0,0.0,0,94.0,-13.733333333333292
193200,402.22222222222223,3.0,0.001,0.0,1.0,70.0,30.0,0.0,0.0,0.0,0,100.0,-28.730158730158735
193800,407.27272727272725,4.0,0.001,0.0,1.0,77.0,25.0,0.0,0.0,0.0,0,102.0,-31.363636363636374
194400,410.4,5.0,0.001,0.0,1.0,89.0,27.0,0.0,0.0,0.0,0,116.0,-77.60000000000002
195000,430.95238095238096,2.0,0.001,0.0,1.0,69.0,29.0,32.0,0.0,0.0,0,130.0,-87.38095238095241
195600,438.6363636363636,2.0,0.001,0.0,1.0,84.0,48.0,39.0,0.0,0.0,0,171.0,-149.93506493506493
196200,488.0,1.0,0.001,0.0,1.0,65.0,27.0,37.0,0.0,0.0,0,129.0,-142.0
196800,518.3333333333334,0.0,0.001,0.0,1.0,64.0,25.0,37.0,0.0,0.0,0,126.0,-219.74358974358972
197400,588.5714285714286,0.0,0.001,0.0,1.0,61.0,24.0,35.0,19.0,19.0,0,158.0,-61.428571428571445
198000,630.0,0.0,0.001,0.0,1.0,70.0,42.0,35.0,25.0,25.0,0,197.0,50.76923076923072
198600,738.0769230769231,0.0,0.001,1.0,1.0,64.0,25.0,39.0,23.0,23.0,0,174.0,150.5769230769231
199200,650.0,1.0,0.001,1.0,1.0,65.0,36.0,38.0,20.0,20.0,0,179.0,-33.5
199800,579.2307692307693,2.0,0.001,1.0,1.0,62.0,24.0,38.0,21.0,21.0,0,166.0,-233.26923076923072
200400,587.5,1.0,0.001,1.0,1.0,65.0,38.0,37.0,25.0,25.0,0,190.0,-155.0
201000,683.5,4.0,0.001,1.0,1.0,65.0,36.0,36.0,20.0,20.0,0,177.0,29.899999999999977
201600,812.5,1.0,0.001,1.0,1.0,85.0,35.0,36.0,22.0,22.0,0,200.0,199.86842105263156
202200,742.5,1.0,0.001,1.0,1.0,118.0,23.0,33.0,22.0,22.0,0,218.0,187.26190476190482
202800,653.6,1.0,0.001,1.0,1.0,118.0,20.0,33.0,32.0,32.0,0,235.0,120.96842105263158
203400,612.6315789473684,2.0,0.001,1.0,1.0,119.0,21.0,39.0,22.0,22.0,0,223.0,80.63157894736844
204000,555.2380952380952,3.0,0.0116,1.0,1.0,114.0,21.0,33.0,23.0,23.0,1,214.0,35.238095238095184
204600,532.6315789473684,1.0,0.0116,1.0,1.0,111.0,22.0,33.0,25.0,25.0,1,216.0,25.012531328320847
205200,532.0,2.0,0.0116,1.0,1.0,105.0,21.0,33.0,24.0,24.0,1,207.0,27.0
205800,520.0,0.0,0.0254,1.0,1.0,95.0,22.0,37.0,28.0,28.0,1.5,210.0,-58.571428571428555
206400,507.6190476190476,3.0,0.0254,1.0,1.0,94.0,20.0,38.0,30.0,30.0,1.5,212.0,-128.26330532212887
207000,505.0,5.0,0.0254,1.0,1.0,94.0,22.0,33.0,34.0,34.0,1.5,217.0,-113.0
207600,578.5714285714286,5.0,0.0402,1.0,1.0,86.0,24.0,32.0,21.0,21.0,3,184.0,-19.285714285714334
208200,635.8823529411765,6.0,0.0402,1.0,1.0,81.0,24.0,38.0,23.0,23.0,3,189.0,39.632352941176464
208800,618.0,2.0,0.0402,1.0,1.0,76.0,22.0,33.0,23.0,23.0,3,177.0,43.454545454545496
209400,597.8571428571429,0.0,0.0379,0.0,1.0,76.0,23.0,32.0,23.0,23.0,4,177.0,23.35714285714289
210000,596.25,1.0,0.0379,0.0,1.0,13.0,0.0,33.0,23.0,23.0,4,92.0,-116.93181818181813
210600,574.5454545454545,1.0,0.0379,0.0,1.0,13.0,0.0,32.0,23.0,23.0,4,91.0,-176.93602693602702
211200,574.5,1.0,0.0359,0.0,1.0,13.0,0.0,36.0,15.0,15.0,4,79.0,-215.5
211800,713.1818181818181,0.0,0.0359,0.0,1.0,13.0,0.0,39.0,26.0,26.0,4,104.0,-79.12587412587413
212400,751.4814814814815,0.0,0.0359,0.0,1.0,13.0,0.0,36.0,25.0,25.0,4,99.0,23.40455840455843
213000,790.0,2.0,0.0295,0.0,1.0,13.0,0.0,35.0,32.0,32.0,3.5,112.0,159.58333333333337
213600,792.3076923076923,3.0,0.0295,0.0,1.0,13.0,0.0,38.0,37.0,37.0,3.5,125.0,243.17725752508352
214200,728.0769230769231,4.0,0.0295,0.0,1.0,13.0,0.0,34.0,22.0,22.0,3.5,91.0,171.67692307692312
214800,630.4166666666666,0.0,0.0374,0.0,1.0,13.0,0.0,34.0,22.0,22.0,4,91.0,101.21666666666658
215400,549.1304347826087,3.0,0.0374,0.0,1.0,13.0,0.0,34.0,24.0,24.0,4,95.0,71.13043478260875
216000,556.4,0.0,0.0374,0.0,1.0,13.0,0.0,34.0,24.0,24.0,4,95.0,71.16190476190474
216600,529.2,3.0,0.0402,0.0,1.0,13.0,0.0,34.0,24.0,24.0,4.3,95.0,50.80000000000007
217200,478.0,2.0,0.0402,0.0,1.0,13.0,0.0,34.0,24.0,24.0,4.3,95.0,-41.61538461538464
217800,485.23809523809524,1.0,0.0402,0.0,1.0,13.0,0.0,34.0,25.0,25.0,4.3,97.0,-98.22344322344321
218400,478.4,2.0,0.0386,0.0,1.0,13.0,0.0,38.0,17.0,17.0,2,85.0,-107.20000000000005
219000,519.6153846153846,1.0,0.0386,0.0,1.0,13.0,0.0,41.0,27.0,27.0,2,108.0,-28.076923076923094
219600,583.4615384615385,2.0,0.0386,0.0,1.0,13.0,0.0,41.0,26.0,26.0,2,106.0,54.943019943019976
220200,585.6,0.0,0.0242,0.0,1.0,13.0,0.0,35.0,26.0,26.0,2.2,100.0,-4.029629629629653
220800,547.6923076923077,2.0,0.0242,0.0,1.0,13.0,0.0,35.0,21.0,21.0,2.2,90.0,8.433048433048498
221400,528.5185185185185,2.0,0.0242,0.0,1.0,13.0,0.0,0.0,25.0,25.0,2.2,63.0,36.518518518518476
222000,589.6296296296297,2.0,0.0158,0.0,1.0,13.0,0.0,0.0,26.0,26.0,1,65.0,110.87962962962968
222600,539.2592592592592,4.0,0.0158,0.0,1.0,13.0,0.0,0.0,33.0,33.0,1,79.0,89.25925925925924
223200,492.0,3.0,0.0158,0.0,1.0,13.0,0.0,0.0,32.0,32.0,1,77.0,68.66666666666669
223800,478.75,5.0,0.0239,0.0,1.0,13.0,0.0,0.0,32.0,32.0,1.5,77.0,55.416666666666686
224400,450.0,3.0,0.0239,0.0,1.0,13.0,0.0,0.0,28.0,28.0,1.5,69.0,38.0
225000,423.3333333333333,3.0,0.0239,0.0,1.0,13.0,0.0,0.0,38.0,38.0,1.5,89.0,-4.666666666666686
225600,423.3333333333333,2.0,0.039,0.0,1.0,13.0,0.0,0.0,32.0,32.0,3,77.0,-17.971014492753625
226200,412.0,2.0,0.039,1.0,1.0,13.0,0.0,0.0,32.0,32.0,3,77.0,-24.5
226800,428.0,2.0,0.016,0.0,1.0,43.0,40.0,0.0,33.0,33.0,1,149.0,-14.941176470588232
227400,441.30434782608694,1.0,0.016,0.0,1.0,54.0,46.0,0.0,25.0,25.0,1,150.0,16.30434782608694
228000,436.5,4.0,0.016,0.0,1.0,58.0,37.0,0.0,24.0,24.0,1,143.0,10.5
228600,442.94117647058823,6.0,0.0417,0.0,1.0,42.0,31.0,0.0,23.0,23.0,0.5,119.0,23.850267379679167
229200,425.0,2.0,0.0417,0.0,1.0,51.0,30.0,0.0,34.0,34.0,0.5,149.0,0.5555555555555429
229800,426.0,6.0,0.0417,0.0,1.0,46.0,28.0,0.0,25.0,25.0,0.5,124.0,0.2857142857142776
230400,419.09090909090907,1.0,0.0537,0.0,1.0,35.0,25.0,0.0,34.0,34.0,1.5,128.0,-8.909090909090935
231000,424.44444444444446,0.0,0.0537,0.0,1.0,48.0,37.0,0.0,33.0,33.0,1.5,151.0,5.444444444444457
231600,425.7142857142857,5.0,0.0537,0.0,1.0,32.0,23.0,0.0,27.0,27.0,1.5,109.0,23.839285714285722
232200,428.0,4.0,0.0294,0.0,1.0,13.0,0.0,0.0,26.0,26.0,3,65.0,23.26315789473682
232800,419.0,3.0,0.0294,0.0,1.0,13.0,0.0,0.0,28.0,28.0,3,69.0,3.2857142857142776
233400,401.875,0.0,0.0294,0.0,1.0,13.0,0.0,0.0,28.0,28.0,3,69.0,-1.4583333333333144
234000,404.7368421052632,0.0,0.0151,0.0,0.0,13.0,0.0,0.0,28.0,28.0,2,69.0,14.736842105263179
234600,415.7142857142857,0.0,0.0151,0.0,0.0,13.0,0.0,0.0,0.0,0.0,2,13.0,25.714285714285722
235200,403.3333333333333,0.0,0.0151,0.0,0.0,13.0,0.0,0.0,0.0,0.0,2,13.0,13.333333333333314
235800,390.0,0.0,0.0268,0.0,0.0,13.0,0.0,0.0,0.0,0.0,1,13.0,0.0
236400,390.0,0.0,0.0268,0.0,0.0,13.0,0.0,0.0,0.0,0.0,1,13.0,0.0
237000,390.0,0.0,0.0268,0.0,0.0,13.0,0.0,0.0,0.0,0.0,1,13.0,0.0
237600,390.0,0.0,0.0562,0.0,0.0,13.0,0.0,0.0,0.0,0.0,1,13.0,0.0
238200,390.0,0.0,0.0562,0.0,0.0,13.0,0.0,0.0,0.0,0.0,1,13.0,0.0
238800,390.0,0.0,0.0562,0.0,0.0,13.0,0.0,0.0,0.0,0.0,1,13.0,0.0
239400,390.0,0.0,0.0148,0.0,0.0,13.0,0.0,0.0,0.0,0.0,2,13.0,0.0
240000,390.0,0.0,0.0148,0.0,0.0,13.0,0.0,0.0,0.0,0.0,2,13.0,0.0
240600,390.0,0.0,0.0148,0.0,0.0,13.0,0.0,0.0,0.0,0.0,2,13.0,0.0
241200,390.0,0.0,0.0225,0.0,0.0,13.0,0.0,0.0,0.0,0.0,2,13.0,0.0
241800,390.0,0.0,0.0225,0.0,0.0,13.0,0.0,0.0,0.0,0.0,2,13.0,0.0
242400,390.0,0.0,0.0225,0.0,0.0,13.0,0.0,0.0,0.0,0.0,2,13.0,0.0
259200,390.0,0.0,0.001,0.0,0.0,13.0,0.0,0.0,0.0,0.0,0,13.0,0.0
259800,390.0,0.0,0.001,0.0,0.0,13.0,0.0,0.0,0.0,0.0,0,13.0,-160.0
260400,390.0,0.0,0.001,0.0,0.0,13.0,0.0,0.0,0.0,0.0,0,13.0,0.0
261000,390.0,0.0,0.001,0.0,0.0,13.0,0.0,0.0,0.0,0.0,0,13.0,0.0
261600,550.0,0.0,0.001,0.0,0.0,13.0,0.0,0.0,0.0,0.0,0,13.0,160.0
262200,390.0,0.0,0.001,0.0,0.0,13.0,0.0,0.0,0.0,0.0,0,13.0,0.0
262800,390.0,0.0,0.001,0.0,0.0,13.0,0.0,0.0,0.0,0.0,0,13.0,0.0
263400,390.0,0.0,0.001,0.0,0.0,13.0,0.0,0.0,0.0,0.0,0,13.0,0.0
264000,390.0,0.0,0.001,0.0,0.0,13.0,0.0,0.0,0.0,0.0,0,13.0,0.0
264600,390.0,0.0,0.001,0.0,0.0,13.0,0.0,0.0,0.0,0.0,0,13.0,0.0
265200,390.0,0.0,0.001,0.0,0.0,13.0,0.0,0.0,0.0,0.0,0,13.0,0.0
265800,390.0,0.0,0.001,0.0,0.0,13.0,0.0,0.0,0.0,0.0,0,13.0,0.0
266400,390.0,0.0,0.001,0.0,0.0,13.0,0.0,0.0,0.0,0.0,0,13.0,0.0
267000,390.0,0.0,0.001,0.0,0.0,13.0,0.0,0.0,0.0,0.0,0,13.0,0.0
267600,390.0,0.0,0.001,0.0,0.0,13.0,0.0,0.0,0.0,0.0,0,13.0,0.0
268200,390.0,0.0,0.001,0.0,0.0,13.0,0.0,0.0,0.0,0.0,0,13.0,0.0
268800,390.0,0.0,0.001,0.0,0.0,13.0,0.0,0.0,0.0,0.0,0,13.0,0.0
269400,390.0,0.0,0.001,0.0,0.0,13.0,0.0,0.0,0.0,0.0,0,13.0,0.0
270000,390.0,0.0,0.001,0.0,0.0,13.0,0.0,0.0,0.0,0.0,0,13.0,0.0
270600,390.0,0.0,0.001,0.0,0.0,13.0,0.0,0.0,0.0,0.0,0,13.0,0.0
271200,390.0,0.0,0.001,0.0,0.0,13.0,0.0,0.0,0.0,0.0,0,13.0,0.0
271800,390.0,0.0,0.001,0.0,0.0,13.0,0.0,0.0,0.0,0.0,0,13.0,0.0
272400,390.0,0.0,0.001,0.0,0.0,13.0,0.0,0.0,0.0,0.0,0,13.0,0.0
273000,390.0,0.0,0.001,0.0,0.0,13.0,0.0,0.0,0.0,0.0,0,13.0,0.0
273600,390.0,0.0,0.001,0.0,0.0,13.0,0.0,0.0,0.0,0.0,0,13.0,0.0
274200,390.0,0.0,0.001,0.0,0.0,13.0,0.0,0.0,0.0,0.0,0,13.0,0.0
274800,390.0,0.0,0.001,0.0,0.0,13.0,0.0,0.0,0.0,0.0,0,13.0,0.0
275400,390.0,0.0,0.001,0.0,0.0,13.0,0.0,0.0,0.0,0.0,0,13.0,0.0
276000,390.0,0.0,0.001,0.0,0.0,13.0,0.0,0.0,0.0,0.0,0,13.0,-10.0
276600,390.0,0.0,0.001,0.0,0.0,13.0,0.0,0.0,0.0,0.0,0,13.0,-25.0
277200,390.0,0.0,0.001,0.0,0.0,13.0,0.0,0.0,0.0,0.0,0,13.0,-58.75
277800,400.0,1.0,0.001,0.0,0.0,13.0,0.0,0.0,0.0,0.0,0,13.0,-65.0
278400,415.0,1.0,0.001,1.0,0.0,13.0,0.0,0.0,0.0,0.0,0,13.0,-55.0
279000,448.75,0.0,0.001,0.0,0.0,13.0,0.0,0.0,0.0,0.0,0,13.0,-48.173076923076906
279600,465.0,2.0,0.001,0.0,0.0,13.0,0.0,0.0,0.0,0.0,0,13.0,-72.33333333333337
280200,470.0,3.0,0.001,1.0,0.0,13.0,0.0,0.0,0.0,0.0,0,13.0,-121.0
280800,496.9230769230769,3.0,0.001,1.0,1.0,13.0,0.0,0.0,0.0,0.0,0,13.0,-105.5769230769231
281400,537.3333333333334,1.0,0.001,1.0,1.0,72.0,28.0,0.0,0.0,0.0,0,100.0,-78.5
282000,591.0,2.0,0.001,1.0,1.0,72.0,32.0,0.0,0.0,0.0,0,104.0,-31.35294117647061
282600,602.5,2.0,0.001,1.0,1.0,69.0,26.0,0.0,0.0,0.0,0,95.0,18.055555555555543
283200,615.8333333333334,2.0,0.001,1.0,1.0,78.0,32.0,0.0,0.0,0.0,0,110.0,24.780701754385973
283800,622.3529411764706,4.0,0.001,1.0,1.0,77.0,34.0,0.0,0.0,0.0,0,111.0,83.4640522875817
284400,584.4444444444445,1.0,0.001,1.0,1.0,77.0,31.0,0.0,0.0,0.0,0,108.0,-2.5120772946859233
285000,591.0526315789474,0.0,0.001,1.0,1.0,81.0,34.0,0.0,0.0,0.0,0,115.0,-80.37593984962405
285600,538.8888888888889,0.0,0.001,1.0,1.0,77.0,31.0,0.0,0.0,0.0,0,108.0,-215.1111111111111
286200,586.9565217391304,1.0,0.001,1.0,1.0,71.0,31.0,0.0,0.0,0.0,0,102.0,-194.04347826086962
286800,671.4285714285714,0.0,0.001,1.0,1.0,69.0,26.0,0.0,0.0,0.0,0,95.0,-49.238095238095184
287400,754.0,6.0,0.001,1.0,1.0,31.0,16.0,0.0,0.0,0.0,0,47.0,72.75
288000,781.0,5.0,0.001,1.0,1.0,17.0,0.0,0.0,24.0,24.0,0,65.0,172.66666666666663
288600,720.6666666666666,0.0,0.001,1.0,1.0,17.0,0.0,0.0,22.0,22.0,0,61.0,133.39393939393938
289200,681.25,4.0,0.001,1.0,1.0,17.0,0.0,0.0,25.0,25.0,0,67.0,116.875
289800,608.3333333333334,1.0,0.001,1.0,1.0,17.0,0.0,0.0,24.0,24.0,0,65.0,48.33333333333337
290400,587.2727272727273,1.0,0.001,1.0,1.0,17.0,0.0,0.0,24.0,24.0,0,65.0,-24.393939393939377
291000,564.375,3.0,0.001,1.0,1.0,17.0,0.0,0.0,25.0,25.0,0,67.0,-92.89772727272725
291600,560.0,6.0,0.001,1.0,1.0,16.0,0.0,0.0,24.0,24.0,0,64.0,-75.71428571428567
292200,611.6666666666666,0.0,0.0329,1.0,1.0,16.0,0.0,0.0,16.0,16.0,2,48.0,2.575757575757507
292800,657.2727272727273,0.0,0.0329,0.0,1.0,15.0,0.0,0.0,15.0,15.0,2,45.0,78.27272727272725
293400,635.7142857142857,0.0,0.0329,0.0,1.0,15.0,0.0,0.0,16.0,16.0,2,47.0,95.71428571428567
294000,609.0909090909091,3.0,0.046,0.0,1.0,14.0,0.0,0.0,16.0,16.0,2,46.0,84.9242424242425
294600,579.0,3.0,0.046,0.0,1.0,14.0,0.0,0.0,18.0,18.0,2,50.0,39.74074074074076
295200,540.0,2.0,0.046,0.0,1.0,14.0,0.0,0.0,15.0,15.0,2,44.0,-54.0
295800,524.1666666666666,0.0,0.0463,0.0,1.0,14.0,0.0,0.0,22.0,22.0,2.3,58.0,-42.37179487179492
296400,539.2592592592592,2.0,0.0463,0.0,1.0,13.0,0.0,0.0,23.0,23.0,2.3,59.0,-83.7037037037037
297000,594.0,1.0,0.0463,0.0,1.0,42.0,54.0,0.0,23.0,23.0,2.3,142.0,-24.888888888888914
297600,566.5384615384615,2.0,0.059,0.0,1.0,86.0,49.0,0.0,22.0,22.0,3.2,179.0,-58.076923076923094
298200,622.9629629629629,2.0,0.059,0.0,1.0,89.0,50.0,0.0,34.0,34.0,3.2,207.0,-21.437037037037044
298800,618.8888888888889,0.0,0.059,0.0,1.0,84.0,51.0,0.0,27.0,27.0,3.2,189.0,-2.8502415458937094
299400,624.6153846153846,1.0,0.0117,1.0,1.0,93.0,39.0,0.0,29.0,29.0,1,190.0,95.05016722408027
300000,644.4,2.0,0.0117,0.0,1.0,81.0,39.0,0.0,25.0,25.0,1,170.0,128.94545454545448
300600,621.7391304347826,2.0,0.0117,0.0,1.0,14.0,0.0,0.0,25.0,25.0,1,64.0,104.3478260869565
301200,529.5652173913044,0.0,0.0117,0.0,1.0,16.0,0.0,0.0,22.0,22.0,1,60.0,-10.96109839816927
301800,515.4545454545455,0.0,0.0117,0.0,1.0,14.0,0.0,0.0,26.0,26.0,1,66.0,-51.34545454545446
302400,517.3913043478261,1.0,0.0117,0.0,1.0,14.0,0.0,0.0,24.0,24.0,1,62.0,-76.6827697262479
303000,540.5263157894736,2.0,0.0167,0.0,1.0,14.0,0.0,0.0,24.0,24.0,1,62.0,-64.27368421052631
303600,566.8,0.0,0.0167,0.0,1.0,14.0,0.0,0.0,23.0,23.0,1,60.0,-84.0695652173913
304200,594.074074074074,0.0,0.0167,0.0,1.0,14.0,0.0,0.0,22.0,22.0,1,58.0,-47.59259259259261
304800,604.8,2.0,0.0094,1.0,1.0,14.0,0.0,0.0,25.0,25.0,0,64.0,-51.60000000000002
305400,650.8695652173913,0.0,0.0094,0.0,1.0,14.0,0.0,0.0,24.0,24.0,0,62.0,-13.478260869565247
306000,641.6666666666666,4.0,0.0094,0.0,1.0,20.0,19.0,0.0,25.0,25.0,0,89.0,-31.025641025641107
306600,656.4,2.0,0.0485,0.0,1.0,68.0,26.0,0.0,25.0,25.0,1.4,144.0,34.01904761904757
307200,664.3478260869565,3.0,0.0485,1.0,1.0,68.0,25.0,0.0,35.0,35.0,1.4,163.0,131.43115942028987
307800,672.6923076923077,5.0,0.0485,0.0,1.0,74.0,27.0,0.0,29.0,29.0,1.4,159.0,108.69230769230774
308400,622.3809523809524,3.0,0.042,0.0,1.0,71.0,26.0,0.0,22.0,22.0,3,141.0,49.58095238095245
309000,532.9166666666666,1.0,0.042,0.0,1.0,72.0,25.0,0.0,23.0,23.0,3,143.0,-82.91666666666674
309600,564.0,1.0,0.042,0.0,1.0,63.0,25.0,0.0,22.0,22.0,3,132.0,-90.58333333333337
310200,572.8,0.0,0.0311,0.0,1.0,66.0,15.0,0.0,22.0,22.0,3,125.0,-42.700000000000045
310800,615.8333333333334,3.0,0.0311,0.0,1.0,63.0,28.0,0.0,21.0,21.0,3,133.0,12.789855072463752
311400,654.5833333333334,4.0,0.0311,0.0,1.0,65.0,27.0,0.0,20.0,20.0,3,132.0,19.58333333333337
312000,615.5,4.0,0.0184,0.0,1.0,65.0,25.0,0.0,0.0,0.0,1,90.0,12.807692307692264
312600,603.0434782608696,1.0,0.0184,0.0,1.0,66.0,43.0,0.0,0.0,0.0,1,109.0,29.04347826086962
313200,635.0,0.0,0.0222,0.0,1.0,64.0,26.0,0.0,0.0,0.0,1.5,90.0,33.571428571428555
313800,602.6923076923077,3.0,0.0222,0.0,1.0,61.0,27.0,0.0,0.0,0.0,1.5,88.0,1.9780219780220705
314400,574.0,0.0,0.0222,0.0,1.0,59.0,25.0,0.0,0.0,0.0,1.5,84.0,-11.0
315000,601.4285714285714,0.0,0.0301,0.0,0.0,14.0,0.0,0.0,0.0,0.0,2,14.0,31.428571428571445
315600,600.7142857142857,0.0,0.0301,0.0,0.0,13.0,0.0,0.0,0.0,0.0,2,13.0,45.714285714285666
316200,585.0,0.0,0.0301,0.0,0.0,13.0,0.0,0.0,0.0,0.0,2,13.0,42.14285714285711
316800,570.0,0.0,0.0355,0.0,0.0,13.0,0.0,0.0,0.0,0.0,3.5,13.0,50.0
317400,555.0,0.0,0.0355,0.0,0.0,13.0,0.0,0.0,0.0,0.0,3.5,13.0,50.0
318000,542.8571428571429,0.0,0.0355,0.0,0.0,13.0,0.0,0.0,0.0,0.0,3.5,13.0,51.190476190476204
318600,520.0,0.0,0.0274,0.0,0.0,13.0,0.0,0.0,0.0,0.0,2,13.0,40.0
319200,505.0,0.0,0.0274,0.0,0.0,13.0,0.0,0.0,0.0,0.0,2,13.0,31.666666666666686
319800,491.6666666666667,0.0,0.0274,0.0,0.0,13.0,0.0,0.0,0.0,0.0,2,13.0,35.0
320400,480.0,0.0,0.0653,0.0,0.0,13.0,0.0,0.0,0.0,0.0,3,13.0,35.0
321000,473.3333333333333,0.0,0.0653,0.0,0.0,13.0,0.0,0.0,0.0,0.0,3,13.0,28.333333333333314
321600,456.6666666666667,0.0,0.0653,0.0,0.0,13.0,0.0,0.0,0.0,0.0,3,13.0,20.666666666666686
322200,445.0,0.0,0.0252,0.0,0.0,13.0,0.0,0.0,0.0,0.0,2.2,13.0,17.5
322800,445.0,0.0,0.0252,0.0,0.0,13.0,0.0,0.0,0.0,0.0,2.2,13.0,25.0
323400,436.0,0.0,0.0252,0.0,0.0,13.0,0.0,0.0,0.0,0.0,2.2,13.0,16.0
324000,427.5,0.0,0.0531,0.0,0.0,13.0,0.0,0.0,0.0,0.0,2,13.0,12.5
324600,420.0,0.0,0.0531,0.0,0.0,13.0,0.0,0.0,0.0,0.0,2,13.0,10.0
325200,420.0,0.0,0.0531,0.0,0.0,13.0,0.0,0.0,0.0,0.0,2,13.0,10.0
325800,415.0,0.0,0.001,0.0,0.0,13.0,0.0,0.0,0.0,0.0,0,13.0,8.333333333333314
326400,410.0,0.0,0.001,0.0,0.0,13.0,0.0,0.0,0.0,0.0,0,13.0,10.0
327000,410.0,0.0,0.001,0.0,0.0,13.0,0.0,0.0,0.0,0.0,0,13.0,10.0
327600,406.6666666666667,0.0,0.001,0.0,0.0,13.0,0.0,0.0,0.0,0.0,0,13.0,6.666666666666686
328200,400.0,0.0,0.001,0.0,0.0,13.0,0.0,0.0,0.0,0.0,0,13.0,0.0
328800,400.0,0.0,0.001,0.0,0.0,13.0,0.0,0.0,0.0,0.0,0,13.0,0.0
329400,400.0,0.0,0.001,0.0,0.0,13.0,0.0,0.0,0.0,0.0,0,13.0,0.0
330000,400.0,0.0,0.001,0.0,0.0,13.0,0.0,0.0,0.0,0.0,0,13.0,0.0
330600,400.0,0.0,0.001,0.0,0.0,13.0,0.0,0.0,0.0,0.0,0,13.0,0.0
345000,410.0,0.0,0.001,0.0,0.0,13.0,0.0,0.0,0.0,0.0,0,13.0,-5.0
346200,412.85714285714283,0.0,0.001,0.0,0.0,13.0,0.0,0.0,0.0,0.0,0,13.0,-60.47619047619048
346800,415.0,0.0,0.001,0.0,0.0,13.0,0.0,0.0,0.0,0.0,0,13.0,-5.0
347400,420.0,0.0,0.001,0.0,0.0,13.0,0.0,0.0,0.0,0.0,0,13.0,0.0
348000,473.3333333333333,0.0,0.001,0.0,0.0,13.0,0.0,0.0,0.0,0.0,0,13.0,53.333333333333314
348600,420.0,0.0,0.001,0.0,0.0,13.0,0.0,0.0,0.0,0.0,0,13.0,0.0
349200,420.0,0.0,0.001,0.0,0.0,13.0,0.0,0.0,0.0,0.0,0,13.0,0.0
349800,420.0,0.0,0.001,0.0,0.0,13.0,0.0,0.0,0.0,0.0,0,13.0,0.0
350400,420.0,0.0,0.001,0.0,0.0,13.0,0.0,0.0,0.0,0.0,0,13.0,0.0
351000,420.0,0.0,0.001,0.0,0.0,13.0,0.0,0.0,0.0,0.0,0,13.0,0.0
351600,420.0,0.0,0.001,0.0,0.0,13.0,0.0,0.0,0.0,0.0,0,13.0,0.0
352200,420.0,0.0,0.001,0.0,0.0,13.0,0.0,0.0,0.0,0.0,0,13.0,0.0
352800,420.0,0.0,0.001,0.0,0.0,13.0,0.0,0.0,0.0,0.0,0,13.0,0.0
353400,420.0,0.0,0.001,0.0,0.0,13.0,0.0,0.0,0.0,0.0,0,13.0,0.0
354000,420.0,0.0,0.001,0.0,0.0,13.0,0.0,0.0,0.0,0.0,0,13.0,-3.75
354600,420.0,0.0,0.001,0.0,0.0,13.0,0.0,0.0,0.0,0.0,0,13.0,-2.857142857142833
355200,420.0,0.0,0.001,0.0,0.0,13.0,0.0,0.0,0.0,0.0,0,13.0,-5.0
355800,423.75,0.0,0.001,0.0,0.0,13.0,0.0,0.0,0.0,0.0,0,13.0,-0.9166666666666856
356400,422.85714285714283,0.0,0.001,0.0,0.0,13.0,0.0,0.0,0.0,0.0,0,13.0,-2.142857142857167
357000,425.0,0.0,0.001,0.0,0.0,13.0,0.0,0.0,0.0,0.0,0,13.0,-5.0
357600,424.6666666666667,0.0,0.001,0.0,0.0,13.0,0.0,0.0,0.0,0.0,0,13.0,-5.333333333333314
358200,425.0,0.0,0.001,0.0,0.0,13.0,0.0,0.0,0.0,0.0,0,13.0,-5.0
358800,430.0,0.0,0.001,0.0,0.0,13.0,0.0,0.0,0.0,0.0,0,13.0,0.0
359400,430.0,0.0,0.001,0.0,0.0,13.0,0.0,0.0,0.0,0.0,0,13.0,0.0
360000,430.0,0.0,0.001,0.0,0.0,13.0,0.0,0.0,0.0,0.0,0,13.0,-693.3333333333333
360600,430.0,0.0,0.001,0.0,0.0,13.0,0.0,0.0,0.0,0.0,0,13.0,40.0
361200,430.0,0.0,0.001,0.0,0.0,13.0,0.0,0.0,0.0,0.0,0,13.0,40.0
361800,1123.3333333333333,0.0,0.001,0.0,0.0,13.0,0.0,0.0,0.0,0.0,0,13.0,733.3333333333333
362400,390.0,0.0,0.001,0.0,0.0,13.0,0.0,0.0,0.0,0.0,0,13.0,0.0
363000,390.0,0.0,0.001,0.0,0.0,13.0,0.0,0.0,0.0,0.0,0,13.0,0.0
363600,390.0,0.0,0.001,0.0,0.0,13.0,0.0,0.0,0.0,0.0,0,13.0,0.0
364200,390.0,0.0,0.001,0.0,0.0,13.0,0.0,0.0,0.0,0.0,0,13.0,0.0
364800,390.0,0.0,0.001,0.0,0.0,13.0,0.0,0.0,0.0,0.0,0,13.0,0.0
365400,390.0,0.0,0.001,0.0,0.0,13.0,0.0,0.0,0.0,0.0,0,13.0,0.0
366000,390.0,0.0,0.001,0.0,0.0,13.0,0.0,0.0,0.0,0.0,0,13.0,0.0
366600,390.0,0.0,0.001,0.0,0.0,13.0,0.0,0.0,0.0,0.0,0,13.0,0.0
367200,390.0,0.0,0.001,0.0,0.0,13.0,0.0,0.0,0.0,0.0,0,13.0,0.0
367800,390.0,0.0,0.001,0.0,0.0,13.0,0.0,0.0,0.0,0.0,0,13.0,0.0
368400,390.0,0.0,0.001,0.0,0.0,13.0,0.0,0.0,0.0,0.0,0,13.0,0.0
369000,390.0,0.0,0.001,0.0,0.0,13.0,0.0,0.0,0.0,0.0,0,13.0,0.0
369600,390.0,0.0,0.001,0.0,0.0,13.0,0.0,0.0,0.0,0.0,0,13.0,0.0
370200,390.0,0.0,0.001,0.0,0.0,13.0,0.0,0.0,0.0,0.0,0,13.0,0.0
370800,390.0,0.0,0.001,0.0,0.0,13.0,0.0,0.0,0.0,0.0,0,13.0,0.0
371400,390.0,0.0,0.001,0.0,0.0,13.0,0.0,0.0,0.0,0.0,0,13.0,0.0
372000,390.0,0.0,0.001,0.0,0.0,13.0,0.0,0.0,0.0,0.0,0,13.0,0.0
372600,390.0,0.0,0.001,0.0,0.0,13.0,0.0,0.0,0.0,0.0,0,13.0,0.0
373200,390.0,0.0,0.001,0.0,0.0,13.0,0.0,0.0,0.0,0.0,0,13.0,0.0
373800,390.0,0.0,0.001,0.0,0.0,13.0,0.0,0.0,0.0,0.0,0,13.0,0.0
374400,390.0,0.0,0.001,0.0,0.0,13.0,0.0,0.0,0.0,0.0,0,13.0,0.0
375000,390.0,0.0,0.001,0.0,0.0,13.0,0.0,0.0,0.0,0.0,0,13.0,0.0
375600,390.0,0.0,0.001,0.0,0.0,13.0,0.0,0.0,0.0,0.0,0,13.0,0.0
376200,390.0,0.0,0.001,0.0,0.0,13.0,0.0,0.0,0.0,0.0,0,13.0,0.0
376800,390.0,0.0,0.001,0.0,0.0,13.0,0.0,0.0,0.0,0.0,0,13.0,0.0
377400,390.0,0.0,0.001,0.0,0.0,13.0,0.0,0.0,0.0,0.0,0,13.0,0.0
378000,390.0,0.0,0.001,0.0,0.0,13.0,0.0,0.0,0.0,0.0,0,13.0,0.0
378600,390.0,0.0,0.001,0.0,0.0,13.0,0.0,0.0,0.0,0.0,0,13.0,0.0
379200,390.0,0.0,0.001,0.0,0.0,13.0,0.0,0.0,0.0,0.0,0,13.0,0.0
379800,390.0,0.0,0.001,0.0,0.0,13.0,0.0,0.0,0.0,0.0,0,13.0,0.0
380400,390.0,0.0,0.001,0.0,0.0,13.0,0.0,0.0,0.0,0.0,0,13.0,0.0
381000,390.0,0.0,0.001,0.0,0.0,13.0,0.0,0.0,0.0,0.0,0,13.0,0.0
381600,390.0,0.0,0.001,0.0,0.0,13.0,0.0,0.0,0.0,0.0,0,13.0,0.0
382200,390.0,0.0,0.001,0.0,0.0,13.0,0.0,0.0,0.0,0.0,0,13.0,0.0
382800,390.0,0.0,0.001,0.0,0.0,13.0,0.0,0.0,0.0,0.0,0,13.0,0.0
383400,390.0,0.0,0.001,0.0,0.0,13.0,0.0,0.0,0.0,0.0,0,13.0,0.0
384000,390.0,0.0,0.001,0.0,0.0,13.0,0.0,0.0,0.0,0.0,0,13.0,0.0
384600,390.0,0.0,0.001,0.0,0.0,13.0,0.0,0.0,0.0,0.0,0,13.0,0.0
385200,390.0,0.0,0.001,0.0,0.0,13.0,0.0,0.0,0.0,0.0,0,13.0,0.0
385800,390.0,0.0,0.001,0.0,0.0,13.0,0.0,0.0,0.0,0.0,0,13.0,0.0
386400,390.0,0.0,0.001,0.0,0.0,13.0,0.0,0.0,0.0,0.0,0,13.0,0.0
387000,390.0,0.0,0.001,0.0,0.0,13.0,0.0,0.0,0.0,0.0,0,13.0,0.0
387600,390.0,0.0,0.001,0.0,0.0,13.0,0.0,0.0,0.0,0.0,0,13.0,0.0
388200,390.0,0.0,0.001,0.0,0.0,13.0,0.0,0.0,0.0,0.0,0,13.0,0.0
388800,390.0,0.0,0.001,0.0,0.0,13.0,0.0,0.0,0.0,0.0,0,13.0,0.0
389400,390.0,0.0,0.001,0.0,0.0,13.0,0.0,0.0,0.0,0.0,0,13.0,0.0
390000,390.0,0.0,0.001,0.0,0.0,13.0,0.0,0.0,0.0,0.0,0,13.0,0.0
390600,390.0,0.0,0.001,0.0,0.0,13.0,0.0,0.0,0.0,0.0,0,13.0,0.0
391200,390.0,0.0,0.001,0.0,0.0,13.0,0.0,0.0,0.0,0.0,0,13.0,0.0
391800,390.0,0.0,0.001,0.0,0.0,13.0,0.0,0.0,0.0,0.0,0,13.0,0.0
392400,390.0,0.0,0.001,0.0,0.0,13.0,0.0,0.0,0.0,0.0,0,13.0,0.0
393000,390.0,0.0,0.001,0.0,0.0,13.0,0.0,0.0,0.0,0.0,0,13.0,0.0
393600,390.0,0.0,0.001,0.0,0.0,13.0,0.0,0.0,0.0,0.0,0,13.0,0.0
394200,390.0,0.0,0.001,0.0,0.0,13.0,0.0,0.0,0.0,0.0,0,13.0,0.0
394800,390.0,0.0,0.001,0.0,0.0,13.0,0.0,0.0,0.0,0.0,0,13.0,0.0
395400,390.0,0.0,0.001,0.0,0.0,13.0,0.0,0.0,0.0,0.0,0,13.0,0.0
396000,390.0,0.0,0.001,0.0,0.0,13.0,0.0,0.0,0.0,0.0,0,13.0,0.0
396600,390.0,0.0,0.001,0.0,0.0,13.0,0.0,0.0,0.0,0.0,0,13.0,0.0
397200,390.0,0.0,0.001,0.0,0.0,13.0,0.0,0.0,0.0,0.0,0,13.0,0.0
397800,390.0,0.0,0.001,0.0,0.0,13.0,0.0,0.0,0.0,0.0,0,13.0,0.0
398400,390.0,0.0,0.001,0.0,0.0,13.0,0.0,0.0,0.0,0.0,0,13.0,0.0
399000,390.0,0.0,0.001,0.0,0.0,13.0,0.0,0.0,0.0,0.0,0,13.0,0.0
399600,390.0,0.0,0.001,0.0,0.0,13.0,0.0,0.0,0.0,0.0,0,13.0,0.0
400200,390.0,0.0,0.001,0.0,0.0,13.0,0.0,0.0,0.0,0.0,0,13.0,0.0
400800,390.0,0.0,0.001,0.0,0.0,13.0,0.0,0.0,0.0,0.0,0,13.0,0.0
401400,390.0,0.0,0.001,0.0,0.0,13.0,0.0,0.0,0.0,0.0,0,13.0,0.0
402000,390.0,0.0,0.001,0.0,0.0,13.0,0.0,0.0,0.0,0.0,0,13.0,0.0
402600,390.0,0.0,0.001,0.0,0.0,13.0,0.0,0.0,0.0,0.0,0,13.0,0.0
403200,390.0,0.0,0.001,0.0,0.0,13.0,0.0,0.0,0.0,0.0,0,13.0,0.0
403800,390.0,0.0,0.001,0.0,0.0,13.0,0.0,0.0,0.0,0.0,0,13.0,0.0
404400,390.0,0.0,0.001,0.0,0.0,13.0,0.0,0.0,0.0,0.0,0,13.0,0.0
405000,390.0,0.0,0.001,0.0,0.0,13.0,0.0,0.0,0.0,0.0,0,13.0,0.0
405600,390.0,0.0,0.001,0.0,0.0,13.0,0.0,0.0,0.0,0.0,0,13.0,0.0
406200,390.0,0.0,0.001,0.0,0.0,13.0,0.0,0.0,0.0,0.0,0,13.0,0.0
406800,390.0,0.0,0.001,0.0,0.0,13.0,0.0,0.0,0.0,0.0,0,13.0,0.0
407400,390.0,0.0,0.001,0.0,0.0,13.0,0.0,0.0,0.0,0.0,0,13.0,0.0
408000,390.0,0.0,0.001,0.0,0.0,13.0,0.0,0.0,0.0,0.0,0,13.0,0.0
408600,390.0,0.0,0.001,0.0,0.0,13.0,0.0,0.0,0.0,0.0,0,13.0,0.0
409200,390.0,0.0,0.001,0.0,0.0,13.0,0.0,0.0,0.0,0.0,0,13.0,0.0
409800,390.0,0.0,0.001,0.0,0.0,13.0,0.0,0.0,0.0,0.0,0,13.0,0.0
410400,390.0,0.0,0.001,0.0,0.0,13.0,0.0,0.0,0.0,0.0,0,13.0,0.0
411000,390.0,0.0,0.001,0.0,0.0,13.0,0.0,0.0,0.0,0.0,0,13.0,0.0
411600,390.0,0.0,0.001,0.0,0.0,13.0,0.0,0.0,0.0,0.0,0,13.0,0.0
412200,390.0,0.0,0.001,0.0,0.0,13.0,0.0,0.0,0.0,0.0,0,13.0,0.0
412800,390.0,0.0,0.001,0.0,0.0,13.0,0.0,0.0,0.0,0.0,0,13.0,0.0
413400,390.0,0.0,0.001,0.0,0.0,13.0,0.0,0.0,0.0,0.0,0,13.0,0.0
414000,390.0,0.0,0.001,0.0,0.0,13.0,0.0,0.0,0.0,0.0,0,13.0,0.0
414600,390.0,0.0,0.001,0.0,0.0,13.0,0.0,0.0,0.0,0.0,0,13.0,0.0
415200,390.0,0.0,0.001,0.0,0.0,13.0,0.0,0.0,0.0,0.0,0,13.0,0.0
415800,390.0,0.0,0.001,0.0,0.0,13.0,0.0,0.0,0.0,0.0,0,13.0,0.0
416400,390.0,0.0,0.001,0.0,0.0,13.0,0.0,0.0,0.0,0.0,0,13.0,0.0
417000,390.0,0.0,0.001,0.0,0.0,13.0,0.0,0.0,0.0,0.0,0,13.0,0.0
417600,390.0,0.0,0.001,0.0,0.0,13.0,0.0,0.0,0.0,0.0,0,13.0,0.0
432000,390.0,0.0,0.001,0.0,0.0,13.0,0.0,0.0,0.0,0.0,0,13.0,0.0
432600,390.0,0.0,0.001,0.0,0.0,13.0,0.0,0.0,0.0,0.0,0,13.0,0.0
433200,390.0,0.0,0.001,0.0,0.0,13.0,0.0,0.0,0.0,0.0,0,13.0,0.0
433800,390.0,0.0,0.001,0.0,0.0,13.0,0.0,0.0,0.0,0.0,0,13.0,0.0
434400,390.0,0.0,0.001,0.0,0.0,13.0,0.0,0.0,0.0,0.0,0,13.0,0.0
435000,390.0,0.0,0.001,0.0,0.0,13.0,0.0,0.0,0.0,0.0,0,13.0,0.0
435600,390.0,0.0,0.001,0.0,0.0,13.0,0.0,0.0,0.0,0.0,0,13.0,0.0
436200,390.0,0.0,0.001,0.0,0.0,13.0,0.0,0.0,0.0,0.0,0,13.0,0.0
436800,390.0,0.0,0.001,0.0,0.0,13.0,0.0,0.0,0.0,0.0,0,13.0,0.0
437400,390.0,0.0,0.001,0.0,0.0,13.0,0.0,0.0,0.0,0.0,0,13.0,0.0
438000,390.0,0.0,0.001,0.0,0.0,13.0,0.0,0.0,0.0,0.0,0,13.0,0.0
438600,390.0,0.0,0.001,0.0,0.0,13.0,0.0,0.0,0.0,0.0,0,13.0,0.0
439200,390.0,0.0,0.001,0.0,0.0,13.0,0.0,0.0,0.0,0.0,0,13.0,0.0
439800,390.0,0.0,0.001,0.0,0.0,13.0,0.0,0.0,0.0,0.0,0,13.0,0.0
440400,390.0,0.0,0.001,0.0,0.0,13.0,0.0,0.0,0.0,0.0,0,13.0,0.0
441000,390.0,0.0,0.001,0.0,0.0,13.0,0.0,0.0,0.0,0.0,0,13.0,0.0
441600,390.0,0.0,0.001,0.0,0.0,13.0,0.0,0.0,0.0,0.0,0,13.0,0.0
442200,390.0,0.0,0.001,0.0,0.0,13.0,0.0,0.0,0.0,0.0,0,13.0,0.0
442800,390.0,0.0,0.001,0.0,0.0,13.0,0.0,0.0,0.0,0.0,0,13.0,0.0
443400,390.0,0.0,0.001,0.0,0.0,13.0,0.0,0.0,0.0,0.0,0,13.0,0.0
444000,390.0,0.0,0.001,0.0,0.0,13.0,0.0,0.0,0.0,0.0,0,13.0,0.0
444600,390.0,0.0,0.001,0.0,0.0,13.0,0.0,0.0,0.0,0.0,0,13.0,0.0
445200,390.0,0.0,0.001,0.0,0.0,13.0,0.0,0.0,0.0,0.0,0,13.0,0.0
445800,390.0,0.0,0.001,0.0,0.0,13.0,0.0,0.0,0.0,0.0,0,13.0,0.0
446400,390.0,0.0,0.001,0.0,0.0,13.0,0.0,0.0,0.0,0.0,0,13.0,0.0
447000,390.0,0.0,0.001,0.0,0.0,13.0,0.0,0.0,0.0,0.0,0,13.0,0.0
447600,390.0,0.0,0.001,0.0,0.0,13.0,0.0,0.0,0.0,0.0,0,13.0,0.0
448200,390.0,0.0,0.001,0.0,0.0,13.0,0.0,0.0,0.0,0.0,0,13.0,0.0
448800,390.0,0.0,0.001,0.0,0.0,13.0,0.0,0.0,0.0,0.0,0,13.0,0.0
449400,390.0,0.0,0.001,0.0,0.0,13.0,0.0,0.0,0.0,0.0,0,13.0,0.0
450000,390.0,0.0,0.001,0.0,0.0,13.0,0.0,0.0,0.0,0.0,0,13.0,0.0
450600,390.0,0.0,0.001,0.0,0.0,13.0,0.0,0.0,0.0,0.0,0,13.0,0.0
451200,390.0,0.0,0.001,0.0,0.0,13.0,0.0,0.0,0.0,0.0,0,13.0,0.0
451800,390.0,0.0,0.001,0.0,0.0,13.0,0.0,0.0,0.0,0.0,0,13.0,0.0
452400,390.0,0.0,0.001,0.0,0.0,13.0,0.0,0.0,0.0,0.0,0,13.0,0.0
453000,390.0,0.0,0.001,0.0,0.0,13.0,0.0,0.0,0.0,0.0,0,13.0,0.0
453600,390.0,0.0,0.001,0.0,0.0,13.0,0.0,0.0,0.0,0.0,0,13.0,0.0
454200,390.0,0.0,0.001,0.0,0.0,13.0,0.0,0.0,0.0,0.0,0,13.0,-64.16666666666669
454800,390.0,1.0,0.001,0.0,0.0,13.0,0.0,0.0,0.0,0.0,0,13.0,-112.5
455400,390.0,1.0,0.001,1.0,0.0,13.0,0.0,0.0,0.0,0.0,0,13.0,-98.75
456000,454.1666666666667,0.0,0.001,0.0,0.0,13.0,0.0,0.0,0.0,0.0,0,13.0,-25.833333333333314
456600,502.5,0.0,0.001,0.0,0.0,13.0,0.0,0.0,0.0,0.0,0,13.0,25.833333333333314
457200,488.75,0.0,0.001,0.0,0.0,13.0,0.0,0.0,0.0,0.0,0,13.0,31.25
457800,480.0,0.0,0.001,0.0,0.0,13.0,0.0,0.0,0.0,0.0,0,13.0,28.0
458400,476.6666666666667,0.0,0.001,0.0,0.0,13.0,0.0,0.0,0.0,0.0,0,13.0,31.666666666666686
459000,457.5,0.0,0.001,0.0,0.0,13.0,0.0,0.0,0.0,0.0,0,13.0,21.5
459600,452.0,0.0,0.001,0.0,0.0,13.0,0.0,0.0,0.0,0.0,0,13.0,22.0
460200,445.0,0.0,0.001,0.0,0.0,13.0,0.0,0.0,0.0,0.0,0,13.0,19.54545454545456
460800,436.0,0.0,0.001,0.0,0.0,13.0,0.0,0.0,0.0,0.0,0,13.0,16.0
461400,430.0,0.0,0.001,0.0,0.0,13.0,0.0,0.0,0.0,0.0,0,13.0,10.0
462000,425.45454545454544,0.0,0.001,0.0,0.0,13.0,0.0,0.0,0.0,0.0,0,13.0,7.954545454545439
462600,420.0,0.0,0.001,0.0,0.0,13.0,0.0,0.0,0.0,0.0,0,13.0,5.384615384615358
463200,420.0,0.0,0.001,0.0,0.0,13.0,0.0,0.0,0.0,0.0,0,13.0,10.0
463800,417.5,0.0,0.001,0.0,0.0,13.0,0.0,0.0,0.0,0.0,0,13.0,7.5
464400,414.61538461538464,0.0,0.001,0.0,0.0,13.0,0.0,0.0,0.0,0.0,0,13.0,4.615384615384642
465000,410.0,0.0,0.001,0.0,0.0,13.0,0.0,0.0,0.0,0.0,0,13.0,4.0
465600,410.0,0.0,0.001,0.0,0.0,13.0,0.0,0.0,0.0,0.0,0,13.0,3.0
466200,410.0,0.0,0.001,0.0,0.0,13.0,0.0,0.0,0.0,0.0,0,13.0,3.3333333333333144
466800,406.0,0.0,0.001,0.0,0.0,13.0,0.0,0.0,0.0,0.0,0,13.0,0.21052631578947967
467400,407.0,0.0,0.001,0.0,0.0,13.0,0.0,0.0,0.0,0.0,0,13.0,2.0
468000,406.6666666666667,0.0,0.001,0.0,0.0,13.0,0.0,0.0,0.0,0.0,0,13.0,6.666666666666686
468600,405.7894736842105,0.0,0.001,0.0,0.0,13.0,0.0,0.0,0.0,0.0,0,13.0,5.78947368421052
469200,405.0,0.0,0.001,0.0,0.0,13.0,0.0,0.0,0.0,0.0,0,13.0,5.0
469800,400.0,0.0,0.001,0.0,0.0,13.0,0.0,0.0,0.0,0.0,0,13.0,5.714285714285722
470400,400.0,0.0,0.001,0.0,0.0,13.0,0.0,0.0,0.0,0.0,0,13.0,6.666666666666686
471000,400.0,0.0,0.001,0.0,0.0,13.0,0.0,0.0,0.0,0.0,0,13.0,10.0
471600,394.2857142857143,0.0,0.001,0.0,0.0,13.0,0.0,0.0,0.0,0.0,0,13.0,4.285714285714278
472200,393.3333333333333,0.0,0.001,0.0,0.0,13.0,0.0,0.0,0.0,0.0,0,13.0,3.3333333333333144
472800,390.0,0.0,0.001,0.0,0.0,13.0,0.0,0.0,0.0,0.0,0,13.0,0.0
473400,390.0,0.0,0.001,0.0,0.0,13.0,0.0,0.0,0.0,0.0,0,13.0,0.0
474000,390.0,0.0,0.001,0.0,0.0,13.0,0.0,0.0,0.0,0.0,0,13.0,0.0
474600,390.0,0.0,0.001,0.0,0.0,13.0,0.0,0.0,0.0,0.0,0,13.0,0.0
475200,390.0,0.0,0.001,0.0,0.0,13.0,0.0,0.0,0.0,0.0,0,13.0,0.0
475800,390.0,0.0,0.001,0.0,0.0,13.0,0.0,0.0,0.0,0.0,0,13.0,0.0
476400,390.0,0.0,0.001,0.0,0.0,13.0,0.0,0.0,0.0,0.0,0,13.0,0.0
477000,390.0,0.0,0.001,0.0,0.0,13.0,0.0,0.0,0.0,0.0,0,13.0,0.0
477600,390.0,0.0,0.001,0.0,0.0,13.0,0.0,0.0,0.0,0.0,0,13.0,0.0
478200,390.0,0.0,0.001,0.0,0.0,13.0,0.0,0.0,0.0,0.0,0,13.0,0.0
478800,390.0,0.0,0.001,0.0,0.0,13.0,0.0,0.0,0.0,0.0,0,13.0,0.0
479400,390.0,0.0,0.001,0.0,0.0,13.0,0.0,0.0,0.0,0.0,0,13.0,0.0
480000,390.0,0.0,0.001,0.0,0.0,13.0,0.0,0.0,0.0,0.0,0,13.0,0.0
480600,390.0,0.0,0.001,0.0,0.0,13.0,0.0,0.0,0.0,0.0,0,13.0,0.0
481200,390.0,0.0,0.001,0.0,0.0,13.0,0.0,0.0,0.0,0.0,0,13.0,0.0
481800,390.0,0.0,0.001,0.0,0.0,13.0,0.0,0.0,0.0,0.0,0,13.0,0.0
482400,390.0,0.0,0.001,0.0,0.0,13.0,0.0,0.0,0.0,0.0,0,13.0,0.0
492600,2550.0,0.0,0.001,0.0,0.0,13.0,0.0,0.0,0.0,0.0,0,13.0,0.0
496800,390.0,0.0,0.001,0.0,0.0,13.0,0.0,0.0,0.0,0.0,0,13.0,0.0
497400,390.0,0.0,0.001,0.0,0.0,13.0,0.0,0.0,0.0,0.0,0,13.0,0.0
498000,390.0,0.0,0.001,0.0,0.0,13.0,0.0,0.0,0.0,0.0,0,13.0,0.0
498600,390.0,0.0,0.001,0.0,0.0,13.0,0.0,0.0,0.0,0.0,0,13.0,0.0
499200,390.0,0.0,0.001,0.0,0.0,13.0,0.0,0.0,0.0,0.0,0,13.0,0.0
499800,390.0,0.0,0.001,0.0,0.0,13.0,0.0,0.0,0.0,0.0,0,13.0,0.0
500400,390.0,0.0,0.001,0.0,0.0,13.0,0.0,0.0,0.0,0.0,0,13.0,0.0
501000,390.0,0.0,0.001,0.0,0.0,13.0,0.0,0.0,0.0,0.0,0,13.0,0.0
501600,390.0,0.0,0.001,0.0,0.0,13.0,0.0,0.0,0.0,0.0,0,13.0,0.0
502200,390.0,0.0,0.001,0.0,0.0,13.0,0.0,0.0,0.0,0.0,0,13.0,0.0
502800,390.0,0.0,0.001,0.0,0.0,13.0,0.0,0.0,0.0,0.0,0,13.0,-32.0
503400,390.0,0.0,0.001,0.0,0.0,13.0,0.0,0.0,0.0,0.0,0,13.0,0.0
504000,390.0,0.0,0.001,0.0,0.0,13.0,0.0,0.0,0.0,0.0,0,13.0,0.0
504600,422.0,0.0,0.001,0.0,0.0,13.0,0.0,0.0,0.0,0.0,0,13.0,32.0
505200,390.0,0.0,0.001,0.0,0.0,13.0,0.0,0.0,0.0,0.0,0,13.0,0.0
505800,390.0,0.0,0.001,0.0,0.0,13.0,0.0,0.0,0.0,0.0,0,13.0,0.0
506400,390.0,0.0,0.001,0.0,0.0,13.0,0.0,0.0,0.0,0.0,0,13.0,0.0
507000,390.0,0.0,0.001,0.0,0.0,13.0,0.0,0.0,0.0,0.0,0,13.0,0.0
507600,390.0,0.0,0.001,0.0,0.0,13.0,0.0,0.0,0.0,0.0,0,13.0,0.0
508200,390.0,0.0,0.001,0.0,0.0,13.0,0.0,0.0,0.0,0.0,0,13.0,0.0
508800,390.0,0.0,0.001,0.0,0.0,13.0,0.0,0.0,0.0,0.0,0,13.0,0.0
509400,390.0,0.0,0.001,0.0,0.0,13.0,0.0,0.0,0.0,0.0,0,13.0,0.0
510000,390.0,0.0,0.001,0.0,0.0,13.0,0.0,0.0,0.0,0.0,0,13.0,0.0
510600,390.0,0.0,0.001,0.0,0.0,13.0,0.0,0.0,0.0,0.0,0,13.0,0.0
511200,390.0,0.0,0.001,0.0,0.0,13.0,0.0,0.0,0.0,0.0,0,13.0,0.0
511800,390.0,0.0,0.001,0.0,0.0,13.0,0.0,0.0,0.0,0.0,0,13.0,0.0
517800,390.0,0.0,0.001,0.0,0.0,13.0,0.0,0.0,0.0,0.0,0,13.0,0.0
518400,390.0,0.0,0.001,0.0,0.0,13.0,0.0,0.0,0.0,0.0,0,13.0,0.0
519000,390.0,0.0,0.001,0.0,0.0,13.0,0.0,0.0,0.0,0.0,0,13.0,0.0
519600,390.0,0.0,0.001,0.0,0.0,13.0,0.0,0.0,0.0,0.0,0,13.0,0.0
520200,390.0,0.0,0.001,0.0,0.0,13.0,0.0,0.0,0.0,0.0,0,13.0,0.0
520800,390.0,0.0,0.001,0.0,0.0,13.0,0.0,0.0,0.0,0.0,0,13.0,0.0
521400,390.0,0.0,0.001,0.0,0.0,13.0,0.0,0.0,0.0,0.0,0,13.0,0.0
522000,390.0,0.0,0.001,0.0,0.0,13.0,0.0,0.0,0.0,0.0,0,13.0,0.0
522600,390.0,0.0,0.001,0.0,0.0,13.0,0.0,0.0,0.0,0.0,0,13.0,0.0
523200,390.0,0.0,0.001,0.0,0.0,13.0,0.0,0.0,0.0,0.0,0,13.0,0.0
523800,390.0,0.0,0.001,0.0,0.0,13.0,0.0,0.0,0.0,0.0,0,13.0,0.0
524400,390.0,0.0,0.001,0.0,0.0,13.0,0.0,0.0,0.0,0.0,0,13.0,0.0
525000,390.0,0.0,0.001,0.0,0.0,13.0,0.0,0.0,0.0,0.0,0,13.0,0.0
525600,390.0,0.0,0.001,0.0,0.0,13.0,0.0,0.0,0.0,0.0,0,13.0,0.0
526200,390.0,0.0,0.001,0.0,0.0,13.0,0.0,0.0,0.0,0.0,0,13.0,0.0
526800,390.0,0.0,0.001,0.0,0.0,13.0,0.0,0.0,0.0,0.0,0,13.0,0.0
527400,390.0,0.0,0.001,0.0,0.0,13.0,0.0,0.0,0.0,0.0,0,13.0,0.0
528000,390.0,0.0,0.001,0.0,0.0,13.0,0.0,0.0,0.0,0.0,0,13.0,0.0
528600,390.0,0.0,0.001,0.0,0.0,13.0,0.0,0.0,0.0,0.0,0,13.0,0.0
529200,390.0,0.0,0.001,0.0,0.0,13.0,0.0,0.0,0.0,0.0,0,13.0,0.0
529800,390.0,0.0,0.001,0.0,0.0,13.0,0.0,0.0,0.0,0.0,0,13.0,-4.666666666666686
530400,390.0,0.0,0.001,0.0,0.0,13.0,0.0,0.0,0.0,0.0,0,13.0,-6.0
531000,390.0,0.0,0.001,0.0,0.0,13.0,0.0,0.0,0.0,0.0,0,13.0,-10.0
531600,394.6666666666667,0.0,0.001,0.0,0.0,13.0,0.0,0.0,0.0,0.0,0,13.0,-10.333333333333314
532200,396.0,0.0,0.001,0.0,0.0,13.0,0.0,0.0,0.0,0.0,0,13.0,-9.0
532800,400.0,0.0,0.001,0.0,0.0,13.0,0.0,0.0,0.0,0.0,0,13.0,-4.444444444444457
533400,405.0,0.0,0.001,0.0,0.0,13.0,0.0,0.0,0.0,0.0,0,13.0,0.0
534000,405.0,0.0,0.001,0.0,0.0,13.0,0.0,0.0,0.0,0.0,0,13.0,-5.0
534600,404.44444444444446,0.0,0.001,0.0,0.0,13.0,0.0,0.0,0.0,0.0,0,13.0,-5.555555555555543
535200,405.0,0.0,0.001,0.0,0.0,13.0,0.0,0.0,0.0,0.0,0,13.0,-5.0
535800,410.0,0.0,0.001,0.0,0.0,13.0,0.0,0.0,0.0,0.0,0,13.0,5.29411764705884
536400,410.0,0.0,0.001,0.0,0.0,13.0,0.0,0.0,0.0,0.0,0,13.0,6.666666666666686
537000,410.0,0.0,0.001,0.0,0.0,13.0,0.0,0.0,0.0,0.0,0,13.0,10.0
537600,404.70588235294116,0.0,0.001,0.0,0.0,13.0,0.0,0.0,0.0,0.0,0,13.0,4.70588235294116
538200,403.3333333333333,0.0,0.001,0.0,0.0,13.0,0.0,0.0,0.0,0.0,0,13.0,8.666666666666629
538800,400.0,0.0,0.001,0.0,0.0,13.0,0.0,0.0,0.0,0.0,0,13.0,10.0
539400,400.0,0.0,0.001,0.0,0.0,13.0,0.0,0.0,0.0,0.0,0,13.0,10.0
540000,394.6666666666667,0.0,0.001,0.0,0.0,13.0,0.0,0.0,0.0,0.0,0,13.0,4.666666666666686
540600,390.0,0.0,0.001,0.0,0.0,13.0,0.0,0.0,0.0,0.0,0,13.0,0.0
541200,390.0,0.0,0.001,0.0,0.0,13.0,0.0,0.0,0.0,0.0,0,13.0,0.0
541800,390.0,0.0,0.001,0.0,0.0,13.0,0.0,0.0,0.0,0.0,0,13.0,0.0
542400,390.0,0.0,0.001,0.0,0.0,13.0,0.0,0.0,0.0,0.0,0,13.0,0.0
543000,390.0,0.0,0.001,0.0,0.0,13.0,0.0,0.0,0.0,0.0,0,13.0,0.0
543600,390.0,0.0,0.001,0.0,0.0,13.0,0.0,0.0,0.0,0.0,0,13.0,0.0
544200,390.0,0.0,0.001,0.0,0.0,13.0,0.0,0.0,0.0,0.0,0,13.0,0.0
544800,390.0,0.0,0.001,0.0,0.0,13.0,0.0,0.0,0.0,0.0,0,13.0,0.0
545400,390.0,0.0,0.001,0.0,0.0,13.0,0.0,0.0,0.0,0.0,0,13.0,0.0
546000,390.0,0.0,0.001,0.0,0.0,13.0,0.0,0.0,0.0,0.0,0,13.0,0.0
546600,390.0,0.0,0.001,0.0,0.0,13.0,0.0,0.0,0.0,0.0,0,13.0,0.0
547200,390.0,0.0,0.001,0.0,0.0,13.0,0.0,0.0,0.0,0.0,0,13.0,0.0
547800,390.0,0.0,0.001,0.0,0.0,13.0,0.0,0.0,0.0,0.0,0,13.0,0.0
548400,390.0,0.0,0.001,0.0,0.0,13.0,0.0,0.0,0.0,0.0,0,13.0,0.0
549000,390.0,0.0,0.001,0.0,0.0,13.0,0.0,0.0,0.0,0.0,0,13.0,0.0
549600,390.0,0.0,0.001,0.0,0.0,13.0,0.0,0.0,0.0,0.0,0,13.0,0.0
550200,390.0,0.0,0.001,0.0,0.0,13.0,0.0,0.0,0.0,0.0,0,13.0,0.0
550800,390.0,0.0,0.001,0.0,0.0,13.0,0.0,0.0,0.0,0.0,0,13.0,0.0
551400,390.0,0.0,0.001,0.0,0.0,13.0,0.0,0.0,0.0,0.0,0,13.0,0.0
552000,390.0,0.0,0.001,0.0,0.0,13.0,0.0,0.0,0.0,0.0,0,13.0,0.0
552600,390.0,0.0,0.001,0.0,0.0,13.0,0.0,0.0,0.0,0.0,0,13.0,0.0
553200,390.0,0.0,0.001,0.0,0.0,13.0,0.0,0.0,0.0,0.0,0,13.0,0.0
553800,390.0,0.0,0.001,0.0,0.0,13.0,0.0,0.0,0.0,0.0,0,13.0,0.0
554400,390.0,0.0,0.001,0.0,0.0,13.0,0.0,0.0,0.0,0.0,0,13.0,0.0
555000,390.0,0.0,0.001,0.0,0.0,13.0,0.0,0.0,0.0,0.0,0,13.0,0.0
555600,390.0,0.0,0.001,0.0,0.0,13.0,0.0,0.0,0.0,0.0,0,13.0,0.0
556200,390.0,0.0,0.001,0.0,0.0,13.0,0.0,0.0,0.0,0.0,0,13.0,0.0
556800,390.0,0.0,0.001,0.0,0.0,13.0,0.0,0.0,0.0,0.0,0,13.0,0.0
557400,390.0,0.0,0.001,0.0,0.0,13.0,0.0,0.0,0.0,0.0,0,13.0,0.0
558000,390.0,0.0,0.001,0.0,0.0,13.0,0.0,0.0,0.0,0.0,0,13.0,0.0
558600,390.0,0.0,0.001,0.0,0.0,13.0,0.0,0.0,0.0,0.0,0,13.0,0.0
559200,390.0,0.0,0.001,0.0,0.0,13.0,0.0,0.0,0.0,0.0,0,13.0,0.0
559800,390.0,0.0,0.001,0.0,0.0,13.0,0.0,0.0,0.0,0.0,0,13.0,0.0
560400,390.0,0.0,0.001,0.0,0.0,13.0,0.0,0.0,0.0,0.0,0,13.0,0.0
561000,390.0,0.0,0.001,0.0,0.0,13.0,0.0,0.0,0.0,0.0,0,13.0,0.0
561600,390.0,0.0,0.001,0.0,0.0,13.0,0.0,0.0,0.0,0.0,0,13.0,0.0
562200,390.0,0.0,0.001,0.0,0.0,13.0,0.0,0.0,0.0,0.0,0,13.0,0.0
562800,390.0,0.0,0.001,0.0,0.0,13.0,0.0,0.0,0.0,0.0,0,13.0,0.0
563400,390.0,0.0,0.001,0.0,0.0,13.0,0.0,0.0,0.0,0.0,0,13.0,0.0
564000,390.0,0.0,0.001,0.0,0.0,13.0,0.0,0.0,0.0,0.0,0,13.0,0.0
564600,390.0,0.0,0.001,0.0,0.0,13.0,0.0,0.0,0.0,0.0,0,13.0,0.0
565200,390.0,0.0,0.001,0.0,0.0,13.0,0.0,0.0,0.0,0.0,0,13.0,0.0
565800,390.0,0.0,0.001,0.0,0.0,13.0,0.0,0.0,0.0,0.0,0,13.0,0.0
566400,390.0,0.0,0.001,0.0,0.0,13.0,0.0,0.0,0.0,0.0,0,13.0,0.0
567000,390.0,0.0,0.001,0.0,0.0,13.0,0.0,0.0,0.0,0.0,0,13.0,0.0
567600,390.0,0.0,0.001,0.0,0.0,13.0,0.0,0.0,0.0,0.0,0,13.0,0.0
568200,390.0,0.0,0.001,0.0,0.0,13.0,0.0,0.0,0.0,0.0,0,13.0,0.0
568800,390.0,0.0,0.001,0.0,0.0,13.0,0.0,0.0,0.0,0.0,0,13.0,0.0
569400,390.0,0.0,0.001,0.0,0.0,13.0,0.0,0.0,0.0,0.0,0,13.0,0.0
570000,390.0,0.0,0.001,0.0,0.0,13.0,0.0,0.0,0.0,0.0,0,13.0,0.0
570600,390.0,0.0,0.001,0.0,0.0,13.0,0.0,0.0,0.0,0.0,0,13.0,0.0
571200,390.0,0.0,0.001,0.0,0.0,13.0,0.0,0.0,0.0,0.0,0,13.0,0.0
571800,390.0,0.0,0.001,0.0,0.0,13.0,0.0,0.0,0.0,0.0,0,13.0,0.0
572400,390.0,0.0,0.001,0.0,0.0,13.0,0.0,0.0,0.0,0.0,0,13.0,0.0
573000,390.0,0.0,0.001,0.0,0.0,13.0,0.0,0.0,0.0,0.0,0,13.0,0.0
573600,390.0,0.0,0.001,0.0,0.0,13.0,0.0,0.0,0.0,0.0,0,13.0,0.0
574200,390.0,0.0,0.001,0.0,0.0,13.0,0.0,0.0,0.0,0.0,0,13.0,0.0
574800,390.0,0.0,0.001,0.0,0.0,13.0,0.0,0.0,0.0,0.0,0,13.0,0.0
575400,390.0,0.0,0.001,0.0,0.0,13.0,0.0,0.0,0.0,0.0,0,13.0,0.0
576000,390.0,0.0,0.001,0.0,0.0,13.0,0.0,0.0,0.0,0.0,0,13.0,0.0
576600,390.0,0.0,0.001,0.0,0.0,13.0,0.0,0.0,0.0,0.0,0,13.0,0.0
577200,390.0,0.0,0.001,0.0,0.0,13.0,0.0,0.0,0.0,0.0,0,13.0,0.0
577800,390.0,0.0,0.001,0.0,0.0,13.0,0.0,0.0,0.0,0.0,0,13.0,0.0
578400,390.0,0.0,0.001,0.0,0.0,13.0,0.0,0.0,0.0,0.0,0,13.0,0.0
579000,390.0,0.0,0.001,0.0,0.0,13.0,0.0,0.0,0.0,0.0,0,13.0,0.0
579600,390.0,0.0,0.001,0.0,0.0,13.0,0.0,0.0,0.0,0.0,0,13.0,0.0
580200,390.0,0.0,0.001,0.0,0.0,13.0,0.0,0.0,0.0,0.0,0,13.0,0.0
580800,390.0,0.0,0.001,0.0,0.0,13.0,0.0,0.0,0.0,0.0,0,13.0,0.0
581400,390.0,0.0,0.001,0.0,0.0,13.0,0.0,0.0,0.0,0.0,0,13.0,0.0
582000,390.0,0.0,0.001,0.0,0.0,13.0,0.0,0.0,0.0,0.0,0,13.0,0.0
582600,390.0,0.0,0.001,0.0,0.0,13.0,0.0,0.0,0.0,0.0,0,13.0,0.0
583200,390.0,0.0,0.001,0.0,0.0,13.0,0.0,0.0,0.0,0.0,0,13.0,0.0
583800,390.0,0.0,0.001,0.0,0.0,13.0,0.0,0.0,0.0,0.0,0,13.0,0.0
584400,390.0,0.0,0.001,0.0,0.0,13.0,0.0,0.0,0.0,0.0,0,13.0,0.0
585000,390.0,0.0,0.001,0.0,0.0,13.0,0.0,0.0,0.0,0.0,0,13.0,0.0
585600,390.0,0.0,0.001,0.0,0.0,13.0,0.0,0.0,0.0,0.0,0,13.0,0.0
586200,390.0,0.0,0.001,0.0,0.0,13.0,0.0,0.0,0.0,0.0,0,13.0,0.0
586800,390.0,0.0,0.001,0.0,0.0,13.0,0.0,0.0,0.0,0.0,0,13.0,0.0
587400,390.0,0.0,0.001,0.0,0.0,13.0,0.0,0.0,0.0,0.0,0,13.0,0.0
588000,390.0,0.0,0.001,0.0,0.0,13.0,0.0,0.0,0.0,0.0,0,13.0,0.0
588600,390.0,0.0,0.001,0.0,0.0,13.0,0.0,0.0,0.0,0.0,0,13.0,0.0
589200,390.0,0.0,0.001,0.0,0.0,13.0,0.0,0.0,0.0,0.0,0,13.0,0.0
589800,390.0,0.0,0.001,0.0,0.0,13.0,0.0,0.0,0.0,0.0,0,13.0,0.0
590400,390.0,0.0,0.001,0.0,0.0,13.0,0.0,0.0,0.0,0.0,0,13.0,0.0
591000,390.0,0.0,0.001,0.0,0.0,13.0,0.0,0.0,0.0,0.0,0,13.0,0.0
591600,390.0,0.0,0.001,0.0,0.0,13.0,0.0,0.0,0.0,0.0,0,13.0,0.0
604200,410.0,0.0,0.001,0.0,0.0,13.0,0.0,0.0,0.0,0.0,0,13.0,0.0
605400,410.0,0.0,0.001,0.0,0.0,13.0,0.0,0.0,0.0,0.0,0,13.0,-5.0
606000,410.0,0.0,0.001,0.0,0.0,13.0,0.0,0.0,0.0,0.0,0,13.0,-10.0
606600,410.0,0.0,0.001,0.0,0.0,13.0,0.0,0.0,0.0,0.0,0,13.0,-5.625
607200,415.0,0.0,0.001,0.0,0.0,13.0,0.0,0.0,0.0,0.0,0,13.0,0.0
607800,420.0,0.0,0.001,0.0,0.0,13.0,0.0,0.0,0.0,0.0,0,13.0,0.0
608400,415.625,0.0,0.001,0.0,0.0,13.0,0.0,0.0,0.0,0.0,0,13.0,-4.375
609000,415.0,0.0,0.001,0.0,0.0,13.0,0.0,0.0,0.0,0.0,0,13.0,-5.0
609600,420.0,0.0,0.001,0.0,0.0,13.0,0.0,0.0,0.0,0.0,0,13.0,0.0
610200,420.0,0.0,0.001,0.0,0.0,13.0,0.0,0.0,0.0,0.0,0,13.0,0.0
610800,420.0,0.0,0.001,0.0,0.0,13.0,0.0,0.0,0.0,0.0,0,13.0,-5.0
611400,420.0,0.0,0.001,0.0,0.0,13.0,0.0,0.0,0.0,0.0,0,13.0,-3.636363636363626
612000,420.0,0.0,0.001,0.0,0.0,13.0,0.0,0.0,0.0,0.0,0,13.0,-10.0
612600,425.0,0.0,0.001,0.0,0.0,13.0,0.0,0.0,0.0,0.0,0,13.0,-5.0
613200,423.6363636363636,0.0,0.001,0.0,0.0,13.0,0.0,0.0,0.0,0.0,0,13.0,-6.363636363636374
613800,430.0,0.0,0.001,0.0,0.0,13.0,0.0,0.0,0.0,0.0,0,13.0,0.0
614400,430.0,0.0,0.001,0.0,0.0,13.0,0.0,0.0,0.0,0.0,0,13.0,-3.75
615000,430.0,0.0,0.001,0.0,0.0,13.0,0.0,0.0,0.0,0.0,0,13.0,0.0
615600,430.0,0.0,0.001,0.0,0.0,13.0,0.0,0.0,0.0,0.0,0,13.0,-4.375
616200,433.75,0.0,0.001,0.0,0.0,13.0,0.0,0.0,0.0,0.0,0,13.0,-2.613636363636374
616800,430.0,0.0,0.001,0.0,0.0,13.0,0.0,0.0,0.0,0.0,0,13.0,-6.666666666666686
617400,434.375,0.0,0.001,0.0,0.0,13.0,0.0,0.0,0.0,0.0,0,13.0,-5.625
618000,436.3636363636364,0.0,0.001,0.0,0.0,13.0,0.0,0.0,0.0,0.0,0,13.0,-3.636363636363626
618600,436.6666666666667,0.0,0.001,0.0,0.0,13.0,0.0,0.0,0.0,0.0,0,13.0,0.6666666666666856
619200,440.0,0.0,0.001,0.0,0.0,13.0,0.0,0.0,0.0,0.0,0,13.0,0.0
619800,440.0,0.0,0.001,0.0,0.0,13.0,0.0,0.0,0.0,0.0,0,13.0,0.0
620400,436.0,0.0,0.001,0.0,0.0,13.0,0.0,0.0,0.0,0.0,0,13.0,-4.0
621000,440.0,0.0,0.001,0.0,0.0,13.0,0.0,0.0,0.0,0.0,0,13.0,-5.0
621600,440.0,0.0,0.001,0.0,0.0,13.0,0.0,0.0,0.0,0.0,0,13.0,-3.3333333333333144
622200,440.0,0.0,0.001,0.0,0.0,13.0,0.0,0.0,0.0,0.0,0,13.0,0.0
622800,445.0,0.0,0.001,0.0,0.0,13.0,0.0,0.0,0.0,0.0,0,13.0,5.0
623400,443.3333333333333,0.0,0.001,0.0,0.0,13.0,0.0,0.0,0.0,0.0,0,13.0,0.8333333333333144
624000,440.0,0.0,0.001,0.0,0.0,13.0,0.0,0.0,0.0,0.0,0,13.0,-49.230769230769226
624600,440.0,2.0,0.001,0.0,0.0,13.0,0.0,0.0,0.0,0.0,0,13.0,-44.54545454545456
625200,442.5,3.0,0.001,1.0,0.0,13.0,0.0,0.0,0.0,0.0,0,13.0,-42.5
625800,489.2307692307692,4.0,0.001,1.0,1.0,13.0,0.0,0.0,0.0,0.0,0,13.0,4.945054945054949
626400,484.54545454545456,1.0,0.001,1.0,1.0,12.0,0.0,0.0,28.0,28.0,0,68.0,3.116883116883116
627000,485.0,3.0,0.001,1.0,1.0,12.0,0.0,0.0,25.0,25.0,0,62.0,0.0
627600,484.2857142857143,4.0,0.001,1.0,1.0,12.0,0.0,0.0,26.0,26.0,0,64.0,11.428571428571445
628200,481.42857142857144,0.0,0.001,1.0,1.0,12.0,0.0,0.0,26.0,26.0,0,64.0,10.428571428571445
629400,472.85714285714283,0.0,0.001,0.0,1.0,12.0,0.0,0.0,22.0,22.0,0,56.0,-5.267857142857167
630000,471.0,3.0,0.001,0.0,1.0,12.0,0.0,0.0,26.0,26.0,0,64.0,-26.727272727272748
630600,455.5,3.0,0.001,0.0,1.0,12.0,0.0,0.0,20.0,20.0,0,52.0,-82.5
631200,478.125,0.0,0.001,0.0,1.0,12.0,0.0,0.0,20.0,20.0,0,52.0,-67.875
631800,497.72727272727275,3.0,0.001,0.0,1.0,12.0,0.0,0.0,20.0,20.0,0,52.0,-51.43939393939388
632400,538.0,1.0,0.001,0.0,1.0,12.0,0.0,0.0,20.0,20.0,0,52.0,-4.105263157894683
633000,546.0,1.0,0.001,0.0,1.0,12.0,0.0,0.0,27.0,27.0,0,66.0,24.75
633600,549.1666666666666,4.0,0.001,0.0,1.0,12.0,0.0,0.0,28.0,28.0,0,68.0,34.55128205128199
634200,542.1052631578947,3.0,0.001,0.0,1.0,12.0,0.0,0.0,24.0,24.0,0,60.0,25.287081339712813
634800,521.25,0.0,0.001,0.0,1.0,12.0,0.0,0.0,32.0,32.0,0,76.0,7.916666666666629
635400,514.6153846153846,1.0,0.001,0.0,1.0,12.0,0.0,0.0,33.0,33.0,0,78.0,-5.86080586080584
636000,516.8181818181819,3.0,0.0203,0.0,1.0,12.0,0.0,0.0,34.0,34.0,0.3,80.0,26.81818181818187
636600,513.3333333333334,3.0,0.0203,1.0,1.0,12.0,0.0,0.0,32.0,32.0,0.3,76.0,22.500000000000057
637200,520.4761904761905,1.0,0.0203,0.0,1.0,12.0,0.0,0.0,23.0,23.0,0.3,58.0,12.476190476190482
637800,490.0,2.0,0.0203,0.0,1.0,12.0,0.0,0.0,24.0,24.0,1,60.0,25.925925925925924
638400,490.8333333333333,4.0,0.0203,0.0,1.0,12.0,0.0,0.0,33.0,33.0,1,78.0,38.56060606060606
639000,508.0,2.0,0.0203,0.0,1.0,12.0,0.0,0.0,30.0,30.0,1,72.0,81.68421052631578
639600,464.0740740740741,1.0,0.0133,0.0,1.0,12.0,0.0,0.0,33.0,33.0,1,78.0,4.444444444444457
640200,452.27272727272725,1.0,0.0133,0.0,1.0,12.0,0.0,0.0,34.0,34.0,1,80.0,-21.060606060606062
640800,426.3157894736842,2.0,0.0133,0.0,1.0,12.0,0.0,0.0,27.0,27.0,1,66.0,-55.85812356979403
641400,459.6296296296296,2.0,0.0192,0.0,1.0,12.0,0.0,0.0,28.0,28.0,0.3,68.0,6.151368760064429
642000,473.3333333333333,3.0,0.0192,0.0,1.0,12.0,0.0,0.0,30.0,30.0,0.3,72.0,-43.20512820512823
642600,482.17391304347825,2.0,0.0192,0.0,1.0,12.0,0.0,0.0,27.0,27.0,0.3,66.0,-80.68322981366464
643200,453.4782608695652,3.0,0.0241,0.0,1.0,12.0,0.0,0.0,29.0,29.0,1.5,70.0,-138.06020066889636
643800,516.5384615384615,1.0,0.0241,1.0,1.0,12.0,0.0,0.0,28.0,28.0,1.5,68.0,-103.46153846153845
644400,562.8571428571429,0.0,0.0241,1.0,0.0,12.0,0.0,0.0,27.0,27.0,1.5,66.0,-105.0
645000,591.5384615384615,3.0,0.0231,1.0,0.0,12.0,0.0,0.0,25.0,25.0,2,62.0,-108.46153846153845
645600,620.0,1.0,0.0231,1.0,0.0,12.0,0.0,0.0,28.0,28.0,2,68.0,-103.68421052631584
646200,667.8571428571429,3.0,0.0231,1.0,0.0,12.0,0.0,0.0,24.0,24.0,2,60.0,-63.012422360248365
646800,700.0,2.0,0.0215,1.0,0.0,12.0,0.0,0.0,32.0,32.0,2,76.0,-21.5
647400,723.6842105263158,1.0,0.0215,1.0,0.0,12.0,0.0,0.0,25.0,25.0,2,62.0,-4.952153110047789
648000,730.8695652173913,1.0,0.0215,1.0,0.0,12.0,0.0,0.0,34.0,34.0,2,80.0,2.6877470355731248
648600,721.5,1.0,0.0171,1.0,0.0,12.0,0.0,0.0,37.0,37.0,1.5,86.0,-7.25
649200,728.6363636363636,2.0,0.0171,1.0,0.0,12.0,0.0,0.0,26.0,26.0,1.5,64.0,1.7132867132867204
649800,728.1818181818181,3.0,0.0171,1.0,0.0,12.0,0.0,0.0,25.0,25.0,1.5,62.0,5.023923444976049
650400,728.75,1.0,0.0188,1.0,0.0,12.0,0.0,0.0,26.0,26.0,1.5,64.0,59.8026315789474
651000,726.9230769230769,1.0,0.0188,1.0,0.0,12.0,0.0,0.0,25.0,25.0,1.5,62.0,87.9757085020243
651600,723.1578947368421,1.0,0.0188,1.0,0.0,12.0,0.0,0.0,27.0,27.0,1.5,66.0,135.3007518796992
652200,668.9473684210526,3.0,0.0137,1.0,0.0,12.0,0.0,0.0,24.0,24.0,1,60.0,110.61403508771923
652800,638.9473684210526,3.0,0.0137,1.0,0.0,12.0,0.0,0.0,29.0,29.0,1,70.0,93.4928229665071
653400,587.8571428571429,4.0,0.0137,1.0,0.0,12.0,0.0,0.0,28.0,28.0,1,68.0,12.85714285714289
654000,558.3333333333334,4.0,0.0198,1.0,0.0,12.0,0.0,0.0,24.0,24.0,1.3,60.0,-25.952380952380963
654600,545.4545454545455,3.0,0.0198,1.0,0.0,12.0,0.0,0.0,30.0,30.0,1.3,72.0,-44.545454545454504
655200,575.0,1.0,0.0198,1.0,0.0,12.0,0.0,0.0,25.0,25.0,1.3,62.0,-17.66666666666663
655800,584.2857142857143,1.0,0.0501,1.0,0.0,12.0,0.0,0.0,32.0,32.0,2,76.0,-11.098901098901024
656400,590.0,1.0,0.0501,1.0,0.0,12.0,0.0,0.0,31.0,31.0,2,74.0,-5.0
657000,592.6666666666666,0.0,0.0501,1.0,0.0,12.0,0.0,0.0,32.0,32.0,2,76.0,7.111111111111086
657600,595.3846153846154,0.0,0.0241,1.0,0.0,12.0,0.0,0.0,32.0,32.0,2,76.0,13.805668016194318
658200,595.0,2.0,0.0241,1.0,0.0,12.0,0.0,0.0,31.0,31.0,2,74.0,20.0
658800,585.5555555555555,0.0,0.0147,0.0,0.0,12.0,0.0,0.0,28.0,28.0,1,68.0,10.555555555555543
659400,581.578947368421,0.0,0.0147,0.0,0.0,12.0,0.0,0.0,27.0,27.0,1,66.0,8.57894736842104
660000,575.0,0.0,0.0147,0.0,0.0,12.0,0.0,0.0,0.0,0.0,1,12.0,12.647058823529392
660600,575.0,0.0,0.0138,0.0,0.0,12.0,0.0,0.0,0.0,0.0,2,12.0,10.0
661200,573.0,0.0,0.0138,0.0,0.0,12.0,0.0,0.0,0.0,0.0,2,12.0,9.153846153846189
661800,562.3529411764706,0.0,0.0138,0.0,0.0,12.0,0.0,0.0,0.0,0.0,2,12.0,0.4779411764706083
662400,565.0,0.0,0.0222,0.0,0.0,12.0,0.0,0.0,0.0,0.0,2,12.0,2.0
663000,563.8461538461538,0.0,0.0222,0.0,0.0,12.0,0.0,0.0,0.0,0.0,2,12.0,2.793522267206413
663600,561.875,0.0,0.0222,0.0,0.0,12.0,0.0,0.0,0.0,0.0,2,12.0,6.611842105263122
664200,563.0,0.0,0.0182,0.0,0.0,12.0,0.0,0.0,0.0,0.0,1,12.0,17.0
664800,561.0526315789474,0.0,0.0182,0.0,0.0,12.0,0.0,0.0,0.0,0.0,1,12.0,18.947368421052715
665400,555.2631578947369,0.0,0.0182,0.0,0.0,12.0,0.0,0.0,0.0,0.0,1,12.0,18.59649122807025
666000,546.0,0.0,0.0149,0.0,0.0,12.0,0.0,0.0,0.0,0.0,1,12.0,11.714285714285666
666600,542.1052631578947,0.0,0.0149,0.0,0.0,12.0,0.0,0.0,0.0,0.0,1,12.0,16.650717703349187
667200,536.6666666666666,0.0,0.0149,0.0,0.0,12.0,0.0,0.0,0.0,0.0,1,12.0,17.91666666666663
667800,534.2857142857143,0.0,0.0103,0.0,0.0,12.0,0.0,0.0,0.0,0.0,1,12.0,20.285714285714334
668400,525.4545454545455,0.0,0.0103,0.0,0.0,12.0,0.0,0.0,0.0,0.0,1,12.0,17.12121212121218
669000,518.75,0.0,0.0103,0.0,0.0,12.0,0.0,0.0,0.0,0.0,1,12.0,10.75
669600,514.0,0.0,0.0109,0.0,0.0,12.0,0.0,0.0,0.0,0.0,0.5,12.0,11.5
670200,508.3333333333333,0.0,0.0109,0.0,0.0,12.0,0.0,0.0,0.0,0.0,0.5,12.0,10.833333333333314
670800,508.0,0.0,0.0109,0.0,0.0,12.0,0.0,0.0,0.0,0.0,0.5,12.0,13.333333333333314
671400,502.5,0.0,0.001,0.0,0.0,12.0,0.0,0.0,0.0,0.0,0,12.0,12.5
672000,497.5,0.0,0.001,0.0,0.0,12.0,0.0,0.0,0.0,0.0,0,12.0,12.5
672600,494.6666666666667,0.0,0.001,0.0,0.0,12.0,0.0,0.0,0.0,0.0,0,12.0,9.666666666666686
673200,490.0,0.0,0.001,0.0,0.0,12.0,0.0,0.0,0.0,0.0,0,12.0,14.0
673800,485.0,0.0,0.001,0.0,0.0,12.0,0.0,0.0,0.0,0.0,0,12.0,16.176470588235304
674400,485.0,0.0,0.001,0.0,0.0,12.0,0.0,0.0,0.0,0.0,0,12.0,13.571428571428555
675000,476.0,0.0,0.001,0.0,0.0,12.0,0.0,0.0,0.0,0.0,0,12.0,0.0
675600,468.8235294117647,0.0,0.001,0.0,0.0,12.0,0.0,0.0,0.0,0.0,0,12.0,0.0
676200,471.42857142857144,0.0,0.001,0.0,0.0,12.0,0.0,0.0,0.0,0.0,0,12.0,0.0
690600,390.0,0.0,0.001,0.0,0.0,12.0,0.0,0.0,0.0,0.0,0,12.0,0.0
691800,390.0,0.0,0.001,0.0,0.0,12.0,0.0,0.0,0.0,0.0,0,12.0,0.0
692400,390.0,0.0,0.001,0.0,0.0,12.0,0.0,0.0,0.0,0.0,0,12.0,0.0
693000,390.0,0.0,0.001,0.0,0.0,12.0,0.0,0.0,0.0,0.0,0,12.0,0.0
693600,390.0,0.0,0.001,0.0,0.0,12.0,0.0,0.0,0.0,0.0,0,12.0,0.0
694200,390.0,0.0,0.001,0.0,0.0,12.0,0.0,0.0,0.0,0.0,0,12.0,0.0
694800,390.0,0.0,0.001,0.0,0.0,12.0,0.0,0.0,0.0,0.0,0,12.0,0.0
695400,390.0,0.0,0.001,0.0,0.0,12.0,0.0,0.0,0.0,0.0,0,12.0,0.0
696000,390.0,0.0,0.001,0.0,0.0,12.0,0.0,0.0,0.0,0.0,0,12.0,0.0
696600,390.0,0.0,0.001,0.0,0.0,12.0,0.0,0.0,0.0,0.0,0,12.0,0.0
697200,390.0,0.0,0.001,0.0,0.0,12.0,0.0,0.0,0.0,0.0,0,12.0,0.0
697800,390.0,0.0,0.001,0.0,0.0,12.0,0.0,0.0,0.0,0.0,0,12.0,0.0
698400,390.0,0.0,0.001,0.0,0.0,12.0,0.0,0.0,0.0,0.0,0,12.0,0.0
699000,390.0,0.0,0.001,0.0,0.0,12.0,0.0,0.0,0.0,0.0,0,12.0,0.0
699600,390.0,0.0,0.001,0.0,0.0,12.0,0.0,0.0,0.0,0.0,0,12.0,0.0
700200,390.0,0.0,0.001,0.0,0.0,12.0,0.0,0.0,0.0,0.0,0,12.0,0.0
700800,390.0,0.0,0.001,0.0,0.0,12.0,0.0,0.0,0.0,0.0,0,12.0,0.0
701400,390.0,0.0,0.001,0.0,0.0,12.0,0.0,0.0,0.0,0.0,0,12.0,0.0
702000,390.0,0.0,0.001,0.0,0.0,12.0,0.0,0.0,0.0,0.0,0,12.0,0.0
702600,390.0,0.0,0.001,0.0,0.0,12.0,0.0,0.0,0.0,0.0,0,12.0,0.0
703200,390.0,0.0,0.001,0.0,0.0,12.0,0.0,0.0,0.0,0.0,0,12.0,0.0
703800,390.0,0.0,0.001,0.0,0.0,12.0,0.0,0.0,0.0,0.0,0,12.0,0.0
704400,390.0,0.0,0.001,0.0,0.0,12.0,0.0,0.0,0.0,0.0,0,12.0,0.0
705000,390.0,0.0,0.001,0.0,0.0,12.0,0.0,0.0,0.0,0.0,0,12.0,0.0
705600,390.0,0.0,0.001,0.0,0.0,12.0,0.0,0.0,0.0,0.0,0,12.0,0.0
706200,390.0,0.0,0.001,0.0,0.0,12.0,0.0,0.0,0.0,0.0,0,12.0,0.0
706800,390.0,0.0,0.001,0.0,0.0,12.0,0.0,0.0,0.0,0.0,0,12.0,0.0
707400,390.0,0.0,0.001,0.0,0.0,12.0,0.0,0.0,0.0,0.0,0,12.0,0.0
708000,390.0,0.0,0.001,0.0,0.0,12.0,0.0,0.0,0.0,0.0,0,12.0,0.0
708600,390.0,0.0,0.001,0.0,0.0,12.0,0.0,0.0,0.0,0.0,0,12.0,0.0
709200,390.0,0.0,0.001,0.0,0.0,12.0,0.0,0.0,0.0,0.0,0,12.0,0.0
709800,390.0,0.0,0.001,0.0,0.0,12.0,0.0,0.0,0.0,0.0,0,12.0,0.0
710400,390.0,0.0,0.001,0.0,0.0,12.0,0.0,0.0,0.0,0.0,0,12.0,0.0
711000,390.0,0.0,0.001,0.0,0.0,12.0,0.0,0.0,0.0,0.0,0,12.0,0.0
711600,390.0,0.0,0.001,0.0,0.0,12.0,0.0,0.0,0.0,0.0,0,12.0,0.0
712200,390.0,0.0,0.001,0.0,0.0,12.0,0.0,0.0,0.0,0.0,0,12.0,0.0
712800,390.0,0.0,0.001,0.0,0.0,12.0,0.0,0.0,0.0,0.0,0,12.0,0.0
713400,390.0,1.0,0.001,0.0,0.0,12.0,0.0,0.0,0.0,0.0,0,12.0,0.0
714000,390.0,0.0,0.001,0.0,0.0,12.0,0.0,0.0,0.0,0.0,0,12.0,0.0
714600,390.0,0.0,0.001,0.0,0.0,12.0,0.0,0.0,0.0,0.0,0,12.0,0.0
715200,390.0,0.0,0.001,0.0,0.0,12.0,0.0,0.0,0.0,0.0,0,12.0,-45.0
715800,390.0,0.0,0.001,0.0,0.0,12.0,0.0,0.0,0.0,0.0,0,12.0,-92.77777777777777
716400,390.0,2.0,0.001,1.0,0.0,12.0,0.0,0.0,0.0,0.0,0,12.0,-134.61538461538464
717000,435.0,2.0,0.001,1.0,0.0,12.0,0.0,0.0,0.0,0.0,0,12.0,-89.0
717600,482.77777777777777,0.0,0.001,1.0,0.0,52.0,0.0,0.0,0.0,0.0,0,52.0,-55.4575163398693
718200,524.6153846153846,2.0,0.001,1.0,0.0,52.0,0.0,0.0,24.0,24.0,0,100.0,-13.279352226720675
718800,524.0,1.0,0.001,1.0,0.0,52.0,0.0,0.0,20.0,20.0,0,92.0,15.428571428571445
719400,538.2352941176471,2.0,0.001,1.0,0.0,52.0,0.0,0.0,22.0,22.0,0,96.0,15.07739938080499
720000,537.8947368421053,0.0,0.001,1.0,0.0,52.0,0.0,0.0,40.0,40.0,0,132.0,-20.994152046783597
720600,508.57142857142856,3.0,0.001,1.0,0.0,52.0,0.0,0.0,23.0,23.0,0,98.0,-71.42857142857144
721200,523.1578947368421,1.0,0.001,1.0,0.0,52.0,0.0,0.0,26.0,26.0,0,104.0,-80.47846889952154
721800,558.8888888888889,4.0,0.001,1.0,0.0,52.0,0.0,0.0,22.0,22.0,0,96.0,-62.163742690058484
722400,580.0,2.0,0.001,1.0,0.0,52.0,0.0,0.0,24.0,24.0,0,100.0,-45.26315789473688
723000,603.6363636363636,0.0,0.001,1.0,0.0,52.0,0.0,0.0,24.0,24.0,0,100.0,24.58874458874459
723600,621.0526315789474,3.0,0.001,1.0,0.0,52.0,0.0,0.0,23.0,23.0,0,98.0,86.27002288329527
724200,625.2631578947369,0.0,0.001,1.0,0.0,52.0,0.0,0.0,26.0,26.0,0,104.0,103.1798245614035
724800,579.047619047619,1.0,0.001,1.0,0.0,52.0,0.0,0.0,23.0,23.0,0,98.0,51.964285714285666
725400,534.7826086956521,1.0,0.001,1.0,0.0,52.0,0.0,0.0,25.0,25.0,0,102.0,44.365942028985444
726000,522.0833333333334,2.0,0.001,1.0,0.0,52.0,0.0,0.0,29.0,29.0,0,110.0,70.17857142857144
726600,527.0833333333334,3.0,0.001,1.0,0.0,52.0,0.0,0.0,24.0,24.0,0,100.0,92.73550724637687
727200,490.4166666666667,5.0,0.001,1.0,0.0,52.0,0.0,0.0,23.0,23.0,0,98.0,47.08333333333337
727800,451.9047619047619,2.0,0.1467,1.0,0.0,52.0,0.0,0.0,25.0,25.0,1,102.0,3.669467787114854
728400,434.3478260869565,4.0,0.1467,1.0,0.0,52.0,0.0,0.0,23.0,23.0,1,98.0,-46.8286445012788
729000,443.3333333333333,1.0,0.1467,1.0,0.0,43.0,0.0,0.0,24.0,24.0,1,91.0,-48.0
729600,448.2352941176471,3.0,0.2271,1.0,0.0,43.0,0.0,0.0,25.0,25.0,2,93.0,-30.653594771241842
730200,481.1764705882353,3.0,0.2271,1.0,0.0,43.0,0.0,0.0,23.0,23.0,2,89.0,7.176470588235304
730800,491.3333333333333,2.0,0.2271,1.0,0.0,44.0,0.0,0.0,22.0,22.0,2,88.0,17.122807017543835
731400,478.8888888888889,1.0,0.2294,1.0,0.0,43.0,0.0,0.0,28.0,28.0,2,99.0,3.1746031746031917
732000,474.0,0.0,0.2294,1.0,0.0,43.0,0.0,0.0,27.0,27.0,2,97.0,5.538461538461547
732600,474.2105263157895,0.0,0.2294,1.0,0.0,43.0,0.0,0.0,29.0,29.0,2,101.0,1.3533834586466469
733200,475.7142857142857,3.0,0.2271,1.0,0.0,44.0,0.0,0.0,31.0,31.0,2,106.0,3.3333333333333144
733800,468.46153846153845,3.0,0.2271,1.0,0.0,44.0,0.0,0.0,26.0,26.0,2,96.0,-10.427350427350461
734400,472.85714285714283,2.0,0.2271,1.0,0.0,44.0,0.0,0.0,24.0,24.0,2,92.0,-15.324675324675354
735000,472.3809523809524,4.0,0.2444,1.0,0.0,44.0,0.0,0.0,25.0,25.0,2.2,94.0,-28.14536340852129
735600,478.8888888888889,1.0,0.2444,1.0,0.0,44.0,0.0,0.0,20.0,20.0,2.2,84.0,-10.4444444444444
736200,488.1818181818182,4.0,0.2444,1.0,0.0,44.0,0.0,0.0,21.0,21.0,2.2,86.0,5.681818181818187
736800,500.5263157894737,5.0,0.2476,1.0,0.0,44.0,0.0,0.0,21.0,21.0,2,86.0,7.8596491228070136
737400,489.3333333333333,2.0,0.2476,1.0,0.0,44.0,0.0,0.0,20.0,20.0,2,84.0,-18.561403508771946
738000,482.5,3.0,0.2476,1.0,0.0,44.0,0.0,0.0,20.0,20.0,2,84.0,-33.05555555555554
738600,492.6666666666667,1.0,0.1278,1.0,0.0,44.0,0.0,0.0,20.0,20.0,1,84.0,-19.964912280701753
739200,507.89473684210526,3.0,0.1278,1.0,0.0,44.0,0.0,0.0,26.0,26.0,1,96.0,-12.938596491228111
739800,515.5555555555555,2.0,0.1278,1.0,0.0,44.0,0.0,0.0,20.0,20.0,1,84.0,-6.444444444444457
740400,512.6315789473684,3.0,0.0808,1.0,0.0,44.0,0.0,0.0,21.0,21.0,0.7,86.0,1.131578947368439
741000,520.8333333333334,0.0,0.0808,1.0,0.0,44.0,0.0,0.0,22.0,22.0,0.7,88.0,10.833333333333371
741600,522.0,1.0,0.0808,1.0,0.0,44.0,0.0,0.0,21.0,21.0,0.7,86.0,-9.904761904761926
742200,511.5,0.0,0.0992,1.0,0.0,44.0,0.0,0.0,23.0,23.0,1,90.0,-30.31818181818187
742800,510.0,1.0,0.0992,1.0,0.0,44.0,0.0,0.0,24.0,24.0,1,92.0,-26.111111111111086
743400,531.9047619047619,3.0,0.0992,1.0,0.0,44.0,0.0,0.0,31.0,31.0,1,106.0,-16.330532212885146
744000,541.8181818181819,1.0,0.0751,1.0,0.0,44.0,0.0,0.0,28.0,28.0,1,100.0,-12.943722943722946
744600,536.1111111111111,0.0,0.0751,1.0,0.0,44.0,0.0,0.0,26.0,26.0,1,96.0,-22.836257309941516
745200,548.2352941176471,2.0,0.0738,1.0,0.0,44.0,0.0,0.0,28.0,28.0,1,100.0,-6.050420168067262
745800,554.7619047619048,1.0,0.0738,1.0,0.0,44.0,0.0,0.0,27.0,27.0,1,98.0,3.809523809523853
746400,558.9473684210526,1.0,0.0738,1.0,0.0,44.0,0.0,0.0,26.0,26.0,1,96.0,29.899749373433565
747000,554.2857142857143,4.0,0.0791,1.0,0.0,44.0,0.0,0.0,28.0,28.0,1.3,100.0,46.91729323308277
747600,550.952380952381,3.0,0.0791,1.0,0.0,44.0,0.0,0.0,26.0,26.0,1.3,96.0,56.45238095238096
748200,529.047619047619,2.0,0.0791,1.0,0.0,44.0,0.0,0.0,26.0,26.0,1.3,96.0,45.889724310776955
748800,507.36842105263156,2.0,0.0789,1.0,0.0,44.0,0.0,0.0,27.0,27.0,1.7,98.0,29.273182957393487
749400,494.5,3.0,0.0789,1.0,0.0,44.0,0.0,0.0,25.0,25.0,1.7,94.0,21.642857142857167
750000,483.1578947368421,1.0,0.0789,1.0,0.0,44.0,0.0,0.0,21.0,21.0,1.7,86.0,10.0
750600,478.0952380952381,4.0,0.0791,1.0,0.0,44.0,0.0,0.0,22.0,22.0,2,88.0,8.809523809523796
751200,472.85714285714283,2.0,0.0791,1.0,0.0,44.0,0.0,0.0,21.0,21.0,2,86.0,7.14285714285711
751800,473.1578947368421,2.0,0.0791,1.0,0.0,44.0,0.0,0.0,34.0,34.0,2,112.0,0.0
752400,469.2857142857143,0.0,0.0883,0.0,0.0,44.0,0.0,0.0,26.0,26.0,2,96.0,11.785714285714278
753000,465.7142857142857,0.0,0.0883,0.0,0.0,13.0,0.0,0.0,0.0,0.0,2,13.0,15.714285714285722
754200,457.5,0.0,0.0941,0.0,0.0,13.0,0.0,0.0,0.0,0.0,1.2,13.0,17.5
754800,450.0,0.0,0.0941,0.0,0.0,13.0,0.0,0.0,0.0,0.0,1.2,13.0,15.0
755400,447.5,0.0,0.0941,0.0,0.0,13.0,0.0,0.0,0.0,0.0,1.2,13.0,17.5
756000,440.0,0.0,0.0862,0.0,0.0,13.0,0.0,0.0,0.0,0.0,2,13.0,10.0
756600,435.0,0.0,0.0862,0.0,0.0,13.0,0.0,0.0,0.0,0.0,2,13.0,8.333333333333314
757200,430.0,0.0,0.0862,0.0,0.0,13.0,0.0,0.0,0.0,0.0,2,13.0,10.0
757800,430.0,0.0,0.1036,0.0,0.0,13.0,0.0,0.0,0.0,0.0,1.2,13.0,13.333333333333314
758400,426.6666666666667,0.0,0.1036,0.0,0.0,13.0,0.0,0.0,0.0,0.0,1.2,13.0,10.0
759000,420.0,0.0,0.1036,0.0,0.0,13.0,0.0,0.0,0.0,0.0,1.2,13.0,0.0
759600,416.6666666666667,0.0,0.0741,0.0,0.0,13.0,0.0,0.0,0.0,0.0,1,13.0,0.0
760200,416.6666666666667,0.0,0.0741,0.0,0.0,13.0,0.0,0.0,0.0,0.0,1,13.0,0.0
760800,420.0,0.0,0.0741,0.0,0.0,13.0,0.0,0.0,0.0,0.0,1,13.0,0.0
777000,390.0,0.0,0.001,0.0,0.0,13.0,0.0,0.0,0.0,0.0,0,13.0,0.0
778200,390.0,0.0,0.001,0.0,0.0,13.0,0.0,0.0,0.0,0.0,0,13.0,0.0
778800,390.0,0.0,0.001,0.0,0.0,13.0,0.0,0.0,0.0,0.0,0,13.0,0.0
779400,390.0,0.0,0.001,0.0,0.0,13.0,0.0,0.0,0.0,0.0,0,13.0,0.0
780000,390.0,0.0,0.001,0.0,0.0,13.0,0.0,0.0,0.0,0.0,0,13.0,0.0
780600,390.0,0.0,0.001,0.0,0.0,13.0,0.0,0.0,0.0,0.0,0,13.0,0.0
781200,390.0,0.0,0.001,0.0,0.0,13.0,0.0,0.0,0.0,0.0,0,13.0,0.0
781800,390.0,0.0,0.001,0.0,0.0,13.0,0.0,0.0,0.0,0.0,0,13.0,0.0
782400,390.0,0.0,0.001,0.0,0.0,13.0,0.0,0.0,0.0,0.0,0,13.0,0.0
783000,390.0,0.0,0.001,0.0,0.0,13.0,0.0,0.0,0.0,0.0,0,13.0,0.0
783600,390.0,0.0,0.001,0.0,0.0,13.0,0.0,0.0,0.0,0.0,0,13.0,0.0
784200,390.0,0.0,0.001,0.0,0.0,13.0,0.0,0.0,0.0,0.0,0,13.0,0.0
784800,390.0,0.0,0.001,0.0,0.0,13.0,0.0,0.0,0.0,0.0,0,13.0,0.0
785400,390.0,0.0,0.001,0.0,0.0,13.0,0.0,0.0,0.0,0.0,0,13.0,0.0
786000,390.0,0.0,0.001,0.0,0.0,13.0,0.0,0.0,0.0,0.0,0,13.0,0.0
786600,390.0,0.0,0.001,0.0,0.0,13.0,0.0,0.0,0.0,0.0,0,13.0,0.0
787200,390.0,0.0,0.001,0.0,0.0,13.0,0.0,0.0,0.0,0.0,0,13.0,0.0
787800,390.0,0.0,0.001,0.0,0.0,13.0,0.0,0.0,0.0,0.0,0,13.0,0.0
788400,390.0,0.0,0.001,0.0,0.0,13.0,0.0,0.0,0.0,0.0,0,13.0,0.0
789000,390.0,0.0,0.001,0.0,0.0,13.0,0.0,0.0,0.0,0.0,0,13.0,0.0
789600,390.0,0.0,0.001,0.0,0.0,13.0,0.0,0.0,0.0,0.0,0,13.0,0.0
790200,390.0,0.0,0.001,0.0,0.0,13.0,0.0,0.0,0.0,0.0,0,13.0,0.0
790800,390.0,0.0,0.001,0.0,0.0,13.0,0.0,0.0,0.0,0.0,0,13.0,0.0
791400,390.0,0.0,0.001,0.0,0.0,13.0,0.0,0.0,0.0,0.0,0,13.0,0.0
792000,390.0,0.0,0.001,0.0,0.0,13.0,0.0,0.0,0.0,0.0,0,13.0,0.0
792600,390.0,0.0,0.001,0.0,0.0,13.0,0.0,0.0,0.0,0.0,0,13.0,-20.0
793200,390.0,0.0,0.001,0.0,0.0,13.0,0.0,0.0,0.0,0.0,0,13.0,0.0
793800,390.0,0.0,0.001,0.0,0.0,13.0,0.0,0.0,0.0,0.0,0,13.0,0.0
794400,410.0,0.0,0.001,0.0,0.0,13.0,0.0,0.0,0.0,0.0,0,13.0,20.0
795000,390.0,0.0,0.001,0.0,0.0,13.0,0.0,0.0,0.0,0.0,0,13.0,0.0
795600,390.0,0.0,0.001,0.0,0.0,13.0,0.0,0.0,0.0,0.0,0,13.0,0.0
796200,390.0,0.0,0.001,0.0,0.0,13.0,0.0,0.0,0.0,0.0,0,13.0,0.0
796800,390.0,0.0,0.001,0.0,0.0,13.0,0.0,0.0,0.0,0.0,0,13.0,0.0
797400,390.0,0.0,0.001,0.0,0.0,13.0,0.0,0.0,0.0,0.0,0,13.0,0.0
798000,390.0,0.0,0.001,0.0,0.0,13.0,0.0,0.0,0.0,0.0,0,13.0,0.0
798600,390.0,1.0,0.001,0.0,0.0,13.0,0.0,0.0,0.0,0.0,0,13.0,0.0
799200,390.0,0.0,0.001,0.0,0.0,13.0,0.0,0.0,0.0,0.0,0,13.0,0.0
799800,390.0,2.0,0.001,0.0,0.0,13.0,0.0,0.0,0.0,0.0,0,13.0,-23.846153846153868
800400,390.0,3.0,0.001,0.0,0.0,13.0,0.0,0.0,0.0,0.0,0,13.0,-55.60000000000002
801000,390.0,2.0,0.001,0.0,0.0,13.0,0.0,0.0,0.0,0.0,0,13.0,-46.25
801600,413.84615384615387,2.0,0.001,0.0,0.0,13.0,0.0,0.0,0.0,0.0,0,13.0,-79.35384615384612
802200,445.6,4.0,0.001,0.0,0.0,13.0,0.0,0.0,0.0,0.0,0,13.0,-72.58181818181811
802800,436.25,5.0,0.001,0.0,0.0,13.0,0.0,0.0,0.0,0.0,0,13.0,-70.59210526315792
803400,493.2,1.0,0.001,1.0,1.0,13.0,0.0,0.0,0.0,0.0,0,13.0,5.699999999999989
804000,518.1818181818181,3.0,0.001,1.0,1.0,13.0,0.0,0.0,0.0,0.0,0,13.0,74.61038961038957
804600,506.8421052631579,0.0,0.001,0.0,1.0,13.0,0.0,0.0,0.0,0.0,0,13.0,106.84210526315792
805200,487.5,0.0,0.001,0.0,1.0,13.0,0.0,0.0,0.0,0.0,0,13.0,97.5
805800,443.57142857142856,0.0,0.001,0.0,1.0,13.0,0.0,0.0,0.0,0.0,0,13.0,53.571428571428555
806400,400.0,0.0,0.001,0.0,1.0,13.0,0.0,0.0,0.0,0.0,0,13.0,-7.5
807000,390.0,1.0,0.001,0.0,1.0,13.0,0.0,0.0,0.0,0.0,0,13.0,-53.68421052631578
807600,390.0,3.0,0.001,0.0,1.0,13.0,0.0,0.0,0.0,0.0,0,13.0,-115.21739130434781
808200,407.5,2.0,0.001,0.0,1.0,13.0,0.0,0.0,0.0,0.0,0,13.0,-131.25
808800,443.6842105263158,0.0,0.001,0.0,1.0,45.0,0.0,0.0,0.0,0.0,0,45.0,-59.649122807017534
809400,505.2173913043478,2.0,0.001,0.0,1.0,44.0,0.0,0.0,26.0,26.0,0,96.0,26.086956521739125
810000,538.75,1.0,0.001,0.0,1.0,44.0,0.0,0.0,19.0,19.0,0,82.0,35.56818181818181
810600,503.3333333333333,1.0,0.001,0.0,1.0,44.0,0.0,0.0,20.0,20.0,0,84.0,51.90476190476187
811200,479.1304347826087,0.0,0.001,0.0,1.0,44.0,0.0,0.0,20.0,20.0,0,84.0,34.33043478260868
811800,503.1818181818182,0.0,0.001,0.0,1.0,44.0,0.0,0.0,21.0,21.0,0,86.0,51.18181818181819
812400,451.42857142857144,0.0,0.0176,0.0,1.0,44.0,0.0,0.0,20.0,20.0,1,84.0,15.639097744360924
813000,444.8,1.0,0.0176,1.0,1.0,44.0,0.0,0.0,21.0,21.0,1,86.0,16.618181818181824
813600,452.0,1.0,0.0176,1.0,1.0,44.0,0.0,0.0,15.0,15.0,1,74.0,-6.888888888888914
814200,435.7894736842105,2.0,0.0144,0.0,1.0,44.0,0.0,0.0,14.0,14.0,1,72.0,-50.877192982456165
814800,428.1818181818182,3.0,0.0144,0.0,0.0,44.0,0.0,0.0,14.0,14.0,1,72.0,-77.81818181818181
815400,458.8888888888889,1.0,0.0144,1.0,0.0,44.0,0.0,0.0,26.0,26.0,1,96.0,-65.55555555555554
816000,486.6666666666667,4.0,0.0144,0.0,0.0,44.0,0.0,0.0,24.0,24.0,0.5,92.0,-55.833333333333314
816600,506.0,2.0,0.0144,0.0,0.0,44.0,0.0,0.0,21.0,21.0,0.5,86.0,-44.625
817200,524.4444444444445,3.0,0.0144,0.0,0.0,44.0,0.0,0.0,28.0,28.0,0.5,100.0,-42.614379084967254
817800,542.5,3.0,0.0111,0.0,0.0,44.0,0.0,0.0,23.0,23.0,0,90.0,-33.214285714285666
818400,550.625,2.0,0.0111,0.0,0.0,44.0,0.0,0.0,22.0,22.0,0,88.0,-32.904411764705856
819000,567.0588235294117,4.0,0.0111,0.0,0.0,44.0,0.0,0.0,23.0,23.0,0,90.0,0.0
819600,575.7142857142857,0.0,0.0788,0.0,0.0,44.0,0.0,0.0,22.0,22.0,1.7,88.0,-27.619047619047706
820200,583.5294117647059,0.0,0.0788,0.0,0.0,44.0,0.0,0.0,25.0,25.0,1.7,94.0,-22.379679144385022
821400,603.3333333333334,1.0,0.0882,0.0,0.0,44.0,0.0,0.0,23.0,23.0,1,90.0,54.16666666666674
822000,605.9090909090909,3.0,0.0882,1.0,0.0,44.0,0.0,0.0,22.0,22.0,1,88.0,109.06698564593296
822600,611.304347826087,3.0,0.0882,1.0,0.0,44.0,0.0,0.0,26.0,26.0,1,96.0,147.73291925465844
823200,549.1666666666666,5.0,0.0804,1.0,0.0,44.0,0.0,0.0,22.0,22.0,0,88.0,93.4523809523809
823800,496.8421052631579,3.0,0.0804,1.0,0.0,44.0,0.0,0.0,23.0,23.0,0,90.0,43.20574162679429
824400,463.57142857142856,4.0,0.0804,1.0,0.0,44.0,0.0,0.0,22.0,22.0,0,88.0,21.298701298701303
825000,455.7142857142857,3.0,0.0881,1.0,0.0,44.0,0.0,0.0,25.0,25.0,0,94.0,20.977443609022544
825600,453.6363636363636,6.0,0.0881,1.0,0.0,44.0,0.0,0.0,20.0,20.0,0,84.0,22.922077922077904
826200,442.27272727272725,3.0,0.0881,1.0,0.0,44.0,0.0,0.0,21.0,21.0,0,86.0,12.272727272727252
826800,434.7368421052632,5.0,0.0908,1.0,0.0,44.0,0.0,0.0,22.0,22.0,1.5,88.0,-3.263157894736821
827400,430.7142857142857,4.0,0.0908,1.0,0.0,44.0,0.0,0.0,22.0,22.0,1.5,88.0,-12.14285714285711
828000,430.0,3.0,0.0908,1.0,0.0,44.0,0.0,0.0,27.0,27.0,1.5,98.0,-8.75
828600,438.0,1.0,0.0799,1.0,0.0,44.0,0.0,0.0,20.0,20.0,1,84.0,2.2105263157894797
829200,442.85714285714283,3.0,0.0799,1.0,0.0,44.0,0.0,0.0,19.0,19.0,1,82.0,13.626373626373606
829800,438.75,3.0,0.0799,1.0,0.0,44.0,0.0,0.0,24.0,24.0,1,92.0,3.75
830400,435.7894736842105,2.0,0.0744,1.0,0.0,44.0,0.0,0.0,19.0,19.0,1,82.0,-1.0855263157894797
831000,429.2307692307692,5.0,0.0744,1.0,0.0,44.0,0.0,0.0,25.0,25.0,1,94.0,-12.769230769230774
831600,435.0,5.0,0.0737,1.0,0.0,44.0,0.0,0.0,19.0,19.0,1,82.0,-10.555555555555543
832200,436.875,4.0,0.0737,1.0,0.0,44.0,0.0,0.0,18.0,18.0,1,80.0,-8.125
832800,442.0,2.0,0.0737,1.0,0.0,44.0,0.0,0.0,34.0,34.0,1,112.0,-11.888888888888914
833400,445.55555555555554,4.0,0.0843,1.0,0.0,44.0,0.0,0.0,20.0,20.0,1,84.0,-18.888888888888914
834000,445.0,2.0,0.0843,1.0,0.0,44.0,0.0,0.0,20.0,20.0,1,84.0,-26.25
834600,453.8888888888889,4.0,0.0843,1.0,0.0,44.0,0.0,0.0,34.0,34.0,1,112.0,-17.611111111111086
835200,464.44444444444446,2.0,0.0881,1.0,0.0,44.0,0.0,0.0,31.0,31.0,1,106.0,-9.055555555555543
835800,471.25,1.0,0.0881,1.0,0.0,44.0,0.0,0.0,25.0,25.0,1,94.0,1.875
836400,471.5,1.0,0.0881,1.0,0.0,44.0,0.0,0.0,23.0,23.0,1,90.0,2.8333333333333144
837000,473.5,3.0,0.0753,1.0,0.0,44.0,0.0,0.0,23.0,23.0,1,90.0,4.026315789473699
837600,469.375,3.0,0.0753,1.0,0.0,44.0,0.0,0.0,24.0,24.0,1,92.0,-12.625
838200,468.6666666666667,2.0,0.0753,1.0,0.0,44.0,0.0,0.0,22.0,22.0,1,88.0,-12.583333333333314
838800,469.4736842105263,4.0,0.0735,1.0,0.0,44.0,0.0,0.0,18.0,18.0,1,80.0,-5.526315789473699
839400,482.0,4.0,0.0735,1.0,0.0,44.0,0.0,0.0,18.0,18.0,1,80.0,8.111111111111086
840000,481.25,4.0,0.0735,1.0,0.0,44.0,0.0,0.0,20.0,20.0,1,84.0,0.0
840600,475.0,2.0,0.0826,1.0,0.0,44.0,0.0,0.0,18.0,18.0,1,80.0,-9.117647058823536
841200,473.8888888888889,2.0,0.0826,1.0,0.0,44.0,0.0,0.0,18.0,18.0,1,80.0,-11.900584795321606
841800,481.25,4.0,0.0826,1.0,0.0,44.0,0.0,0.0,20.0,20.0,1,84.0,-2.867647058823536
842400,484.11764705882354,4.0,0.073,1.0,0.0,44.0,0.0,0.0,18.0,18.0,1,80.0,-0.8823529411764639
843000,485.7894736842105,0.0,0.073,0.0,0.0,44.0,0.0,0.0,21.0,21.0,1,86.0,5.78947368421052
843600,484.11764705882354,0.0,0.073,0.0,0.0,44.0,0.0,0.0,20.0,20.0,1,84.0,7.4509803921568505
844200,485.0,0.0,0.0746,0.0,0.0,13.0,0.0,0.0,0.0,0.0,1,13.0,15.0
844800,480.0,0.0,0.0746,0.0,0.0,13.0,0.0,0.0,0.0,0.0,1,13.0,15.555555555555543
845400,476.6666666666667,0.0,0.0746,0.0,0.0,13.0,0.0,0.0,0.0,0.0,1,13.0,18.09523809523813
846000,470.0,0.0,0.074,0.0,0.0,13.0,0.0,0.0,0.0,0.0,1,13.0,15.0
846600,464.44444444444446,0.0,0.074,0.0,0.0,13.0,0.0,0.0,0.0,0.0,1,13.0,11.111111111111143
847200,458.57142857142856,0.0,0.074,0.0,0.0,13.0,0.0,0.0,0.0,0.0,1,13.0,12.417582417582423
847800,455.0,0.0,0.0752,0.0,0.0,13.0,0.0,0.0,0.0,0.0,1,13.0,15.714285714285722
848400,453.3333333333333,0.0,0.0752,0.0,0.0,13.0,0.0,0.0,0.0,0.0,1,13.0,20.47619047619048
849000,446.15384615384613,0.0,0.0752,0.0,0.0,13.0,0.0,0.0,0.0,0.0,1,13.0,19.487179487179446
849600,439.2857142857143,0.0,0.0727,0.0,0.0,13.0,0.0,0.0,0.0,0.0,1,13.0,15.952380952380963
850200,432.85714285714283,0.0,0.0727,0.0,0.0,13.0,0.0,0.0,0.0,0.0,1,13.0,10.129870129870085
850800,426.6666666666667,0.0,0.0727,0.0,0.0,13.0,0.0,0.0,0.0,0.0,1,13.0,2.6666666666666856
851400,423.3333333333333,0.0,0.0731,0.0,0.0,13.0,0.0,0.0,0.0,0.0,1,13.0,8.333333333333314
852000,422.72727272727275,0.0,0.0731,0.0,0.0,13.0,0.0,0.0,0.0,0.0,1,13.0,8.021390374331588
852600,424.0,0.0,0.0731,0.0,0.0,13.0,0.0,0.0,0.0,0.0,1,13.0,8.545454545454561
853200,415.0,0.0,0.0688,0.0,0.0,13.0,0.0,0.0,0.0,0.0,1,13.0,8.333333333333314
853800,414.70588235294116,0.0,0.0688,0.0,0.0,13.0,0.0,0.0,0.0,0.0,1,13.0,4.70588235294116
854400,415.45454545454544,0.0,0.0688,0.0,0.0,13.0,0.0,0.0,0.0,0.0,1,13.0,10.160427807486599
855000,406.6666666666667,0.0,0.001,0.0,0.0,13.0,0.0,0.0,0.0,0.0,0,13.0,1.6666666666666856
855600,410.0,0.0,0.001,0.0,0.0,13.0,0.0,0.0,0.0,0.0,0,13.0,10.0
856200,405.29411764705884,0.0,0.001,0.0,0.0,13.0,0.0,0.0,0.0,0.0,0,13.0,6.960784313725526
856800,405.0,0.0,0.001,0.0,0.0,13.0,0.0,0.0,0.0,0.0,0,13.0,9.70588235294116
857400,400.0,0.0,0.001,0.0,0.0,13.0,0.0,0.0,0.0,0.0,0,13.0,5.0
858000,398.3333333333333,0.0,0.001,0.0,0.0,13.0,0.0,0.0,0.0,0.0,0,13.0,8.333333333333314
858600,395.29411764705884,0.0,0.001,0.0,0.0,13.0,0.0,0.0,0.0,0.0,0,13.0,5.29411764705884
859200,395.0,0.0,0.001,0.0,0.0,13.0,0.0,0.0,0.0,0.0,0,13.0,5.0
859800,390.0,0.0,0.001,0.0,0.0,13.0,0.0,0.0,0.0,0.0,0,13.0,0.0
860400,390.0,0.0,0.001,0.0,0.0,13.0,0.0,0.0,0.0,0.0,0,13.0,0.0
861000,390.0,0.0,0.001,0.0,0.0,13.0,0.0,0.0,0.0,0.0,0,13.0,0.0
861600,390.0,0.0,0.001,0.0,0.0,13.0,0.0,0.0,0.0,0.0,0,13.0,0.0
862200,390.0,0.0,0.001,0.0,0.0,13.0,0.0,0.0,0.0,0.0,0,13.0,0.0
862800,390.0,0.0,0.001,0.0,0.0,13.0,0.0,0.0,0.0,0.0,0,13.0,0.0
863400,390.0,0.0,0.001,0.0,0.0,13.0,0.0,0.0,0.0,0.0,0,13.0,0.0
