time,co2,power1,power2,power3,power4,door,rms,motion,labels,sum_power,derivative_co2
0,390.0,22.0,0.0,11.0,0.0,0.0,0.019389,1.0,0,33.0,0.0
600,390.0,22.0,0.0,11.0,0.0,0.0,0.019389,0.0,0,33.0,0.0
1200,390.0,22.0,0.0,11.0,0.0,0.0,0.019389,0.0,0,33.0,0.0
1800,390.0,22.0,0.0,11.0,0.0,0.0,0.019389,0.0,0,33.0,0.0
2400,390.0,22.0,0.0,11.0,0.0,0.0,0.034258,1.0,0,33.0,0.0
3000,390.0,22.0,0.0,11.0,0.0,0.0,0.034258,4.0,0,33.0,0.0
3600,390.0,22.0,0.0,11.0,0.0,0.0,0.034258,5.0,0,33.0,0.0
4200,390.0,22.0,0.0,11.0,0.0,0.0,0.023639,5.0,0,33.0,0.0
4800,390.0,22.0,0.0,11.0,0.0,0.0,0.023639,4.0,0,33.0,0.0
5400,390.0,22.0,0.0,11.0,0.0,0.0,0.023639,4.0,0,33.0,0.0
6000,390.0,22.0,0.0,11.0,0.0,0.0,0.015269,5.0,0,33.0,-5.185185185185162
6600,390.0,22.0,0.0,11.0,0.0,0.0,0.015269,2.0,0,33.0,-17.03703703703701
7200,390.0,22.0,0.0,11.0,0.0,0.0,0.015269,5.0,0,33.0,-20.0
7800,395.18518518518516,22.0,0.0,11.0,0.0,1.0,0.008098,5.0,0,33.0,-14.814814814814838
8400,407.037037037037,22.0,0.0,11.0,0.0,0.0,0.008098,4.0,0,33.0,-2.9629629629629903
9000,410.0,22.0,0.0,11.0,0.0,0.0,0.008098,5.0,0,33.0,-11.481481481481467
9600,410.0,22.0,0.0,11.0,0.0,0.0,0.006716,4.0,0,33.0,-68.84615384615387
10200,410.0,22.0,0.0,11.0,0.0,0.0,0.006716,5.0,0,33.0,-114.81481481481478
10800,421.48148148148147,22.0,0.0,11.0,0.0,1.0,0.006716,4.0,0,33.0,-135.18518518518516
11400,478.84615384615387,22.0,0.0,11.0,0.0,0.0,0.009241,5.0,1,33.0,-126.33903133903135
12000,524.8148148148148,22.0,0.0,11.0,0.0,1.0,0.009241,5.0,1,33.0,-128.2621082621083
12600,556.6666666666666,22.0,0.0,11.0,0.0,1.0,0.009241,5.0,1,33.0,-144.07407407407413
13200,605.1851851851852,22.0,0.0,11.0,0.0,1.0,0.010303,5.0,1,33.0,-85.55555555555554
13800,653.0769230769231,22.0,0.0,11.0,0.0,1.0,0.010303,5.0,1,33.0,-55.81196581196582
14400,700.7407407407408,22.0,0.0,11.0,0.0,0.0,0.010303,5.0,1,33.0,-57.72079772079769
15000,690.7407407407408,22.0,0.0,11.0,0.0,1.0,0.010034,5.0,1,33.0,-123.33333333333326
15600,708.8888888888889,22.0,0.0,11.0,0.0,1.0,0.010034,4.0,1,33.0,-138.51851851851848
16200,758.4615384615385,22.0,0.0,11.0,0.0,0.0,0.010034,5.0,1,33.0,-129.6866096866097
16800,814.074074074074,22.0,0.0,11.0,100.0,0.0,0.008608,5.0,1,133.0,-110.92592592592598
17400,847.4074074074074,22.0,0.0,11.0,100.0,0.0,0.008608,5.0,1,133.0,-155.18518518518522
18000,888.1481481481482,22.0,0.0,11.0,100.0,0.0,0.008608,5.0,1,133.0,-282.5925925925925
18600,925.0,22.0,0.0,11.0,100.0,0.0,0.008794,5.0,1,133.0,-426.1111111111111
19200,1002.5925925925926,22.0,64.0,11.0,100.0,0.0,0.008794,5.0,1,197.0,-452.4074074074074
19800,1170.7407407407406,27.0,68.0,127.0,90.0,0.0,0.008794,4.0,2,312.0,-365.9259259259261
20400,1351.111111111111,92.0,66.0,134.0,72.0,1.0,0.007374,5.0,3,364.0,-270.7407407407409
21000,1455.0,90.0,66.0,126.0,59.0,1.0,0.007374,5.0,2,341.0,-268.8461538461538
21600,1536.6666666666667,88.0,50.0,128.0,58.0,0.0,0.007374,5.0,2,324.0,-164.48717948717945
22200,1621.851851851852,79.0,59.0,109.0,51.0,0.0,0.007098,4.0,2,298.0,-74.81481481481478
22800,1723.8461538461538,73.0,60.0,39.0,47.0,0.0,0.007098,4.0,2,219.0,-94.30199430199423
23400,1701.1538461538462,33.0,54.0,65.0,35.0,0.0,0.007098,4.0,2,187.0,-300.32763532763533
24000,1696.6666666666667,90.0,46.0,61.0,35.0,0.0,0.007876,4.0,2,232.0,-436.4102564102561
24600,1818.148148148148,82.0,44.0,40.0,29.0,0.0,0.007876,4.0,3,195.0,-412.9629629629633
25200,2001.4814814814815,94.0,40.0,111.0,0.0,0.0,0.007876,5.0,3,245.0,-338.5185185185185
25800,2133.076923076923,76.0,40.0,105.0,0.0,0.0,0.007717,4.0,2,221.0,-303.2193732193732
26400,2231.1111111111113,87.0,43.0,102.0,0.0,0.0,0.007717,4.0,2,232.0,-285.0427350427349
27000,2340.0,89.0,43.0,106.0,0.0,0.0,0.007717,5.0,2,238.0,-210.0
27600,2436.296296296296,84.0,36.0,110.0,0.0,0.0,0.006681,5.0,2,230.0,-113.70370370370392
28200,2516.153846153846,74.0,36.0,97.0,0.0,0.0,0.006681,5.0,2,207.0,-33.84615384615381
28800,2550.0,87.0,35.0,92.0,0.0,0.0,0.006681,5.0,3,214.0,0.0
29400,2550.0,37.0,39.0,104.0,0.0,0.0,0.00576,5.0,3,180.0,0.0
30000,2550.0,40.0,17.0,21.0,0.0,0.0,0.00576,5.0,3,78.0,0.0
30600,2550.0,35.0,16.0,20.0,19.0,0.0,0.00576,4.0,1,90.0,0.0
31200,2550.0,34.0,16.0,20.0,57.0,0.0,0.005855,5.0,1,127.0,0.0
31800,2550.0,24.0,17.0,21.0,60.0,0.0,0.005855,5.0,1,122.0,2.2222222222221717
32400,2550.0,24.0,16.0,20.0,53.0,0.0,0.005855,5.0,1,113.0,13.333333333333485
33000,2550.0,24.0,16.0,20.0,36.0,1.0,0.005131,5.0,1,96.0,24.074074074073906
33600,2547.777777777778,81.0,16.0,22.0,37.0,0.0,0.005131,4.0,1,156.0,9.316239316239262
34200,2536.6666666666665,75.0,17.0,23.0,31.0,0.0,0.005131,0.0,1,146.0,-13.333333333333485
34800,2525.925925925926,83.0,16.0,20.0,32.0,0.0,0.005796,4.0,1,151.0,-24.074074074073906
35400,2538.4615384615386,102.0,30.0,20.0,32.0,0.0,0.005796,5.0,1,184.0,-11.538461538461434
36000,2550.0,90.0,31.0,20.0,31.0,0.0,0.005796,4.0,2,172.0,0.0
36600,2550.0,76.0,26.0,31.0,40.0,0.0,0.004037,5.0,2,173.0,0.0
37200,2550.0,76.0,17.0,33.0,22.0,0.0,0.004037,5.0,3,148.0,0.0
37800,2550.0,75.0,17.0,36.0,28.0,0.0,0.004037,4.0,2,156.0,0.0
38400,2550.0,75.0,17.0,25.0,25.0,0.0,0.005465,5.0,2,142.0,0.0
39000,2550.0,77.0,16.0,24.0,25.0,0.0,0.005465,5.0,1,142.0,0.0
39600,2550.0,82.0,16.0,34.0,30.0,0.0,0.005465,5.0,1,162.0,0.0
40200,2550.0,79.0,16.0,35.0,25.0,0.0,0.003678,5.0,2,155.0,0.0
40800,2550.0,76.0,16.0,26.0,37.0,0.0,0.003678,5.0,2,155.0,0.0
41400,2550.0,73.0,16.0,28.0,35.0,0.0,0.003678,5.0,2,152.0,0.0
42000,2550.0,73.0,16.0,11.0,19.0,0.0,0.004054,5.0,2,119.0,15.925925925926094
42600,2550.0,74.0,17.0,11.0,15.0,0.0,0.004054,4.0,1,117.0,43.333333333333485
43200,2550.0,71.0,16.0,11.0,24.0,0.0,0.004054,4.0,1,122.0,88.46153846153857
43800,2534.074074074074,75.0,16.0,11.0,30.0,0.0,0.003348,5.0,1,132.0,109.62962962962956
44400,2506.6666666666665,73.0,16.0,11.0,25.0,0.0,0.003348,5.0,1,125.0,102.96296296296259
45000,2461.5384615384614,34.0,16.0,11.0,22.0,0.0,0.003348,5.0,1,83.0,-47.72079772079769
45600,2424.4444444444443,74.0,16.0,11.0,34.0,0.0,0.003537,5.0,1,135.0,-125.55555555555566
46200,2403.703703703704,74.0,49.0,11.0,22.0,0.0,0.003537,5.0,1,156.0,-146.29629629629608
46800,2509.259259259259,84.0,25.0,11.0,20.0,0.0,0.003537,5.0,1,140.0,-40.740740740740875
47400,2550.0,73.0,25.0,11.0,29.0,0.0,0.003178,5.0,3,138.0,0.0
48000,2550.0,73.0,29.0,11.0,28.0,0.0,0.003178,5.0,2,141.0,0.0
48600,2550.0,72.0,54.0,11.0,0.0,0.0,0.003178,2.0,2,137.0,0.0
49200,2550.0,74.0,28.0,11.0,0.0,0.0,0.003226,0.0,1,113.0,0.0
49800,2550.0,79.0,28.0,11.0,0.0,0.0,0.003226,0.0,2,118.0,0.0
50400,2550.0,78.0,25.0,11.0,0.0,0.0,0.003226,0.0,1,114.0,0.0
51000,2550.0,74.0,26.0,11.0,0.0,0.0,0.003427,0.0,0,111.0,0.0
51600,2550.0,73.0,51.0,11.0,0.0,0.0,0.003427,0.0,0,135.0,0.0
52200,2550.0,22.0,56.0,11.0,0.0,0.0,0.003427,0.0,0,89.0,0.0
52800,2550.0,22.0,49.0,11.0,0.0,0.0,0.003322,0.0,0,82.0,0.0
53400,2550.0,22.0,53.0,11.0,0.0,0.0,0.003322,0.0,0,86.0,0.0
54000,2550.0,22.0,52.0,11.0,0.0,0.0,0.003322,0.0,0,85.0,0.0
54600,2550.0,22.0,48.0,11.0,0.0,0.0,0.003382,0.0,0,81.0,0.0
55200,2550.0,22.0,51.0,11.0,0.0,0.0,0.003382,0.0,0,84.0,10.769230769230944
55800,2550.0,22.0,52.0,11.0,0.0,0.0,0.003382,0.0,0,85.0,143.70370370370392
56400,2550.0,22.0,0.0,11.0,0.0,0.0,0.004234,0.0,0,33.0,306.2962962962961
57000,2539.230769230769,22.0,0.0,11.0,0.0,0.0,0.004234,0.0,0,33.0,384.4159544159543
57600,2406.296296296296,22.0,0.0,11.0,0.0,0.0,0.004234,0.0,0,33.0,305.52706552706513
58200,2243.703703703704,22.0,0.0,11.0,0.0,0.0,0.003479,0.0,0,33.0,230.00000000000023
58800,2154.814814814815,22.0,0.0,11.0,0.0,0.0,0.003479,0.0,0,33.0,214.81481481481478
59400,2100.769230769231,22.0,0.0,11.0,0.0,0.0,0.003479,0.0,0,33.0,229.65811965811986
60000,2013.7037037037037,22.0,0.0,11.0,0.0,0.0,0.003649,0.0,0,33.0,204.08831908831917
60600,1940.0,22.0,0.0,11.0,0.0,0.0,0.003649,0.0,0,33.0,185.92592592592587
61200,1871.111111111111,22.0,0.0,11.0,0.0,0.0,0.003649,0.0,0,33.0,150.74074074074065
61800,1809.6153846153845,22.0,0.0,11.0,0.0,0.0,0.004633,0.0,0,33.0,149.98575498575497
62400,1754.0740740740741,22.0,0.0,11.0,0.0,0.0,0.004633,0.0,0,33.0,146.76638176638176
63000,1720.3703703703704,22.0,0.0,11.0,0.0,0.0,0.004633,0.0,0,33.0,181.1111111111111
63600,1659.6296296296296,22.0,0.0,11.0,0.0,0.0,0.004405,0.0,0,33.0,150.3703703703702
64200,1607.3076923076924,22.0,0.0,11.0,0.0,0.0,0.004405,0.0,0,33.0,138.41880341880346
64800,1539.2592592592594,22.0,0.0,11.0,0.0,0.0,0.004405,0.0,0,33.0,118.49002849002864
65400,1509.2592592592594,22.0,0.0,11.0,0.0,0.0,0.004682,0.0,0,33.0,95.55555555555566
66000,1468.888888888889,22.0,0.0,11.0,0.0,0.0,0.004682,0.0,0,33.0,97.77777777777783
66600,1420.7692307692307,22.0,0.0,11.0,0.0,0.0,0.004682,0.0,0,33.0,107.43589743589746
67200,1413.7037037037037,22.0,0.0,11.0,0.0,0.0,0.00456,0.0,0,33.0,121.78062678062679
67800,1371.111111111111,22.0,0.0,11.0,0.0,0.0,0.00456,0.0,0,33.0,104.07407407407413
68400,1313.3333333333333,22.0,0.0,11.0,0.0,0.0,0.00456,0.0,0,33.0,70.74074074074065
69000,1291.923076923077,22.0,0.0,11.0,0.0,0.0,0.005812,0.0,0,33.0,86.36752136752125
69600,1267.037037037037,22.0,0.0,11.0,0.0,0.0,0.005812,0.0,0,33.0,89.34472934472933
70200,1242.5925925925926,22.0,0.0,11.0,0.0,0.0,0.005812,0.0,0,33.0,95.18518518518522
70800,1205.5555555555557,22.0,0.0,11.0,0.0,0.0,0.005185,0.0,0,33.0,75.9259259259261
71400,1177.6923076923076,22.0,0.0,11.0,0.0,0.0,0.005185,0.0,0,33.0,69.9145299145298
72000,1147.4074074074074,22.0,0.0,11.0,0.0,0.0,0.005185,0.0,0,33.0,71.2535612535612
72600,1129.6296296296296,22.0,0.0,11.0,0.0,0.0,0.004647,0.0,0,33.0,86.2962962962963
73200,1107.7777777777778,22.0,0.0,11.0,0.0,0.0,0.004647,0.0,0,33.0,77.77777777777783
73800,1076.1538461538462,22.0,0.0,11.0,0.0,0.0,0.004647,0.0,0,33.0,65.0427350427351
74400,1043.3333333333333,22.0,0.0,11.0,0.0,0.0,0.005301,0.0,0,33.0,59.102564102563974
75000,1030.0,22.0,0.0,11.0,0.0,0.0,0.005301,0.0,0,33.0,69.25925925925924
75600,1011.1111111111111,22.0,0.0,11.0,0.0,0.0,0.005301,0.0,0,33.0,82.22222222222217
76200,984.2307692307693,22.0,0.0,11.0,0.0,0.0,0.00533,0.0,0,33.0,86.08262108262113
76800,960.7407407407408,22.0,0.0,11.0,0.0,0.0,0.00533,0.0,0,33.0,86.12535612535612
77400,928.8888888888889,22.0,0.0,11.0,0.0,0.0,0.00533,0.0,0,33.0,62.59259259259261
78000,898.1481481481482,22.0,0.0,11.0,0.0,0.0,0.005528,0.0,0,33.0,43.33333333333337
78600,874.6153846153846,22.0,0.0,11.0,0.0,0.0,0.005528,0.0,0,33.0,33.87464387464388
79200,866.2962962962963,22.0,0.0,11.0,0.0,0.0,0.005528,0.0,0,33.0,45.52706552706559
79800,854.8148148148148,22.0,0.0,11.0,0.0,0.0,0.006232,0.0,0,33.0,52.96296296296293
80400,840.7407407407408,22.0,0.0,11.0,0.0,0.0,0.006232,0.0,0,33.0,50.0
81000,820.7692307692307,22.0,0.0,11.0,0.0,0.0,0.006232,0.0,0,33.0,40.39886039886039
81600,801.8518518518518,22.0,0.0,11.0,0.0,0.0,0.005847,0.0,0,33.0,35.69800569800566
82200,790.7407407407408,22.0,0.0,11.0,0.0,0.0,0.005847,0.0,0,33.0,37.03703703703707
82800,780.3703703703703,22.0,0.0,11.0,0.0,0.0,0.005847,0.0,0,33.0,39.25925925925924
83400,766.1538461538462,22.0,0.0,11.0,0.0,0.0,0.006114,0.0,0,33.0,42.07977207977217
84000,753.7037037037037,22.0,0.0,11.0,0.0,0.0,0.006114,0.0,0,33.0,39.857549857549884
84600,741.1111111111111,22.0,0.0,11.0,0.0,0.0,0.006114,0.0,0,33.0,38.518518518518476
85200,724.074074074074,22.0,0.0,11.0,0.0,0.0,0.006055,0.0,0,33.0,31.851851851851848
85800,713.8461538461538,22.0,0.0,11.0,0.0,0.0,0.006055,0.0,0,33.0,37.17948717948718
86400,702.5925925925926,22.0,0.0,11.0,0.0,0.0,0.006055,0.0,0,33.0,32.59259259259261
87000,692.2222222222222,22.0,0.0,11.0,0.0,0.0,0.005647,0.0,0,33.0,0.0
87600,676.6666666666666,22.0,0.0,11.0,0.0,0.0,0.005647,0.0,0,33.0,0.0
88200,670.0,22.0,0.0,11.0,0.0,0.0,0.005647,0.0,0,33.0,0.0
105000,1021.5,22.0,0.0,46.0,22.0,1.0,0.005166,5.0,2,90.0,-307.3461538461538
105600,1162.5925925925926,22.0,27.0,39.0,21.0,1.0,0.005166,5.0,3,109.0,-294.8148148148148
106200,1182.5925925925926,22.0,30.0,111.0,16.0,0.0,0.005166,5.0,3,179.0,-310.74074074074065
106800,1328.8461538461538,22.0,31.0,111.0,17.0,0.0,0.005989,5.0,2,181.0,-272.2649572649573
107400,1457.4074074074074,22.0,26.0,111.0,17.0,0.0,0.005989,5.0,2,176.0,-310.6695156695157
108000,1493.3333333333333,22.0,30.0,109.0,19.0,0.0,0.005989,5.0,2,180.0,-447.4074074074074
108600,1601.111111111111,22.0,25.0,112.0,21.0,0.0,0.005462,5.0,2,180.0,-508.14814814814804
109200,1768.076923076923,22.0,27.0,98.0,22.0,0.0,0.005462,5.0,3,169.0,-524.1452991452991
109800,1940.7407407407406,22.0,30.0,102.0,20.0,0.0,0.005462,5.0,3,174.0,-490.7977207977208
110400,2109.259259259259,22.0,28.0,107.0,25.0,0.0,0.006151,4.0,3,182.0,-423.7037037037039
111000,2292.222222222222,22.0,33.0,95.0,19.0,0.0,0.006151,5.0,3,169.0,-208.88888888888914
111600,2431.5384615384614,22.0,17.0,106.0,22.0,0.0,0.006151,5.0,3,167.0,-117.72079772079769
112200,2532.962962962963,22.0,16.0,105.0,20.0,0.0,0.005504,5.0,2,163.0,-17.037037037036953
112800,2501.1111111111113,22.0,16.0,100.0,17.0,0.0,0.005504,5.0,1,155.0,-48.88888888888869
113400,2549.259259259259,22.0,57.0,104.0,16.0,0.0,0.005504,5.0,2,199.0,-0.7407407407408755
114000,2550.0,22.0,31.0,106.0,15.0,0.0,0.005517,5.0,2,174.0,0.0
114600,2550.0,22.0,47.0,100.0,18.0,0.0,0.005517,4.0,2,187.0,0.0
115200,2550.0,22.0,53.0,100.0,25.0,0.0,0.005517,5.0,3,200.0,0.0
115800,2550.0,22.0,28.0,104.0,0.0,0.0,0.00495,5.0,3,154.0,0.7407407407408755
116400,2550.0,22.0,47.0,112.0,0.0,0.0,0.00495,5.0,3,181.0,154.0740740740739
117000,2550.0,22.0,28.0,108.0,0.0,0.0,0.00495,5.0,3,158.0,280.76923076923094
117600,2549.259259259259,50.0,18.0,110.0,0.0,0.0,0.004699,4.0,3,178.0,354.44444444444434
118200,2395.925925925926,47.0,16.0,108.0,0.0,0.0,0.004699,5.0,2,171.0,316.66666666666697
118800,2269.230769230769,33.0,16.0,106.0,0.0,0.0,0.004699,5.0,2,155.0,274.04558404558384
119400,2194.814814814815,35.0,16.0,117.0,0.0,0.0,0.004508,5.0,2,168.0,319.04558404558406
120000,2079.259259259259,33.0,19.0,106.0,0.0,0.0,0.004508,4.0,2,158.0,292.5925925925924
120600,1995.1851851851852,33.0,16.0,110.0,0.0,0.0,0.004508,5.0,1,159.0,304.44444444444457
121200,1875.7692307692307,33.0,17.0,109.0,0.0,0.0,0.004447,4.0,1,159.0,261.3247863247864
121800,1786.6666666666667,36.0,16.0,107.0,0.0,1.0,0.004447,5.0,1,159.0,160.89743589743603
122400,1690.7407407407406,77.0,16.0,107.0,0.0,0.0,0.004447,2.0,1,200.0,14.074074074073906
123000,1614.4444444444443,44.0,27.0,94.0,0.0,0.0,0.004951,4.0,1,165.0,-85.9259259259261
123600,1625.7692307692307,77.0,26.0,114.0,0.0,0.0,0.004951,5.0,2,217.0,-70.52706552706559
124200,1676.6666666666667,80.0,27.0,106.0,0.0,0.0,0.004951,5.0,2,213.0,42.051282051282215
124800,1700.3703703703704,72.0,56.0,108.0,0.0,0.0,0.0039,5.0,2,236.0,131.1111111111111
125400,1696.2962962962963,73.0,55.0,25.0,0.0,0.0,0.0039,4.0,2,153.0,186.66666666666674
126000,1634.6153846153845,62.0,52.0,26.0,0.0,0.0,0.0039,5.0,1,140.0,160.5413105413104
126600,1569.2592592592594,64.0,52.0,25.0,0.0,0.0,0.0039,5.0,1,141.0,125.41310541310554
127200,1509.6296296296296,63.0,53.0,25.0,0.0,0.0,0.0039,4.0,1,141.0,101.85185185185173
127800,1474.0740740740741,64.0,44.0,26.0,0.0,0.0,0.0039,4.0,1,134.0,108.14814814814827
128400,1443.8461538461538,55.0,44.0,29.0,0.0,0.0,0.0039,5.0,1,128.0,136.80911680911686
129000,1407.7777777777778,55.0,41.0,25.0,0.0,0.0,0.0039,5.0,1,121.0,119.31623931623926
129600,1365.9259259259259,54.0,56.0,25.0,0.0,0.0,0.0039,5.0,1,135.0,107.40740740740739
130200,1307.037037037037,54.0,41.0,26.0,0.0,1.0,0.0039,5.0,1,121.0,45.55555555555543
130800,1288.4615384615386,54.0,32.0,25.0,0.0,0.0,0.0039,5.0,0,111.0,18.831908831909004
131400,1258.5185185185185,54.0,31.0,25.0,0.0,0.0,0.0039,4.0,1,110.0,-11.481481481481524
132000,1261.4814814814815,43.0,30.0,25.0,0.0,0.0,0.0039,5.0,1,98.0,-2.5925925925926094
132600,1269.6296296296296,43.0,31.0,27.0,0.0,0.0,0.0039,5.0,1,101.0,23.703703703703695
133200,1270.0,42.0,29.0,27.0,0.0,0.0,0.0039,5.0,1,98.0,25.769230769230717
133800,1264.0740740740741,43.0,29.0,27.0,0.0,0.0,0.0039,5.0,1,99.0,10.227920227920322
134400,1245.9259259259259,22.0,30.0,31.0,0.0,0.0,0.0039,2.0,1,83.0,-22.962962962963047
135000,1244.2307692307693,22.0,38.0,27.0,0.0,0.0,0.0039,0.0,1,87.0,-25.769230769230717
135600,1253.8461538461538,22.0,42.0,27.0,0.0,0.0,0.0039,0.0,1,91.0,-25.41310541310554
136200,1268.888888888889,22.0,37.0,26.0,0.0,0.0,0.0039,0.0,1,85.0,-25.34188034188037
136800,1270.0,22.0,35.0,27.0,0.0,0.0,0.0039,0.0,1,84.0,-79.25925925925935
137400,1279.2592592592594,22.0,30.0,29.0,0.0,0.0,0.0039,0.0,1,81.0,-162.96296296296282
138000,1294.2307692307693,22.0,0.0,25.0,0.0,0.0,0.0039,0.0,1,47.0,-160.21367521367506
138600,1349.2592592592594,22.0,0.0,113.0,0.0,0.0,0.0039,0.0,1,135.0,-81.50997150997136
139200,1442.2222222222222,22.0,0.0,108.0,0.0,0.0,0.0039,0.0,1,130.0,42.59259259259261
139800,1454.4444444444443,22.0,0.0,99.0,0.0,0.0,0.0039,0.0,1,121.0,96.2962962962963
140400,1430.7692307692307,22.0,0.0,104.0,0.0,0.0,0.0039,0.0,1,126.0,135.21367521367506
141000,1399.6296296296296,22.0,0.0,119.0,0.0,0.0,0.0039,0.0,1,141.0,141.168091168091
141600,1358.148148148148,22.0,0.0,108.0,0.0,0.0,0.0039,0.0,1,130.0,144.0740740740739
142200,1295.5555555555557,22.0,0.0,105.0,0.0,0.0,0.0039,0.0,1,127.0,156.66666666666674
142800,1258.4615384615386,22.0,0.0,11.0,0.0,0.0,0.0039,0.0,1,33.0,191.4245014245016
143400,1214.0740740740741,22.0,0.0,11.0,0.0,0.0,0.0039,0.0,0,33.0,210.99715099715104
144000,1138.888888888889,22.0,0.0,11.0,0.0,0.0,0.0039,0.0,0,33.0,202.96296296296293
144600,1067.037037037037,22.0,0.0,11.0,0.0,0.0,0.0039,0.0,0,33.0,195.92592592592587
145200,1003.0769230769231,22.0,0.0,11.0,0.0,0.0,0.0039,0.0,0,33.0,191.59544159544157
145800,935.925925925926,22.0,0.0,11.0,0.0,0.0,0.0039,0.0,0,33.0,182.07977207977217
146400,871.1111111111111,22.0,0.0,11.0,0.0,0.0,0.0039,0.0,0,33.0,172.5925925925926
147000,811.4814814814815,22.0,0.0,11.0,0.0,0.0,0.0039,0.0,0,33.0,164.44444444444446
147600,753.8461538461538,22.0,0.0,11.0,0.0,0.0,0.0039,0.0,0,33.0,146.06837606837598
148200,698.5185185185185,22.0,0.0,11.0,0.0,0.0,0.0039,0.0,0,33.0,120.82621082621074
148800,647.0370370370371,22.0,0.0,11.0,0.0,0.0,0.0039,0.0,0,33.0,90.74074074074076
149400,607.7777777777778,22.0,0.0,11.0,0.0,0.0,0.0039,0.0,0,33.0,69.25925925925935
150000,577.6923076923077,22.0,0.0,11.0,0.0,0.0,0.0039,0.0,0,33.0,55.09971509971513
150600,556.2962962962963,22.0,0.0,11.0,0.0,0.0,0.0039,0.0,0,33.0,48.603988603988626
151200,538.5185185185185,22.0,0.0,11.0,0.0,0.0,0.0039,0.0,0,33.0,43.70370370370364
151800,522.5925925925926,22.0,0.0,11.0,0.0,0.0,0.0039,0.0,0,33.0,41.481481481481524
152400,507.6923076923077,22.0,0.0,11.0,0.0,0.0,0.0039,0.0,0,33.0,41.025641025640994
153000,494.81481481481484,22.0,0.0,11.0,0.0,0.0,0.0039,0.0,0,33.0,37.12250712250716
153600,481.1111111111111,22.0,0.0,11.0,0.0,0.0,0.0039,0.0,0,33.0,34.57264957264954
154200,466.6666666666667,22.0,0.0,11.0,0.0,0.0,0.0039,0.0,0,33.0,28.888888888888914
154800,457.6923076923077,22.0,0.0,11.0,0.0,0.0,0.0039,0.0,0,33.0,27.69230769230768
155400,446.53846153846155,22.0,0.0,11.0,0.0,0.0,0.0039,0.0,0,33.0,20.384615384615415
156000,437.77777777777777,22.0,0.0,11.0,0.0,0.0,0.0039,0.0,0,33.0,21.111111111111086
156600,430.0,22.0,0.0,11.0,0.0,0.0,0.0039,0.0,0,33.0,20.0
157200,426.15384615384613,22.0,0.0,11.0,0.0,0.0,0.0039,0.0,0,33.0,25.042735042735046
157800,416.6666666666667,22.0,0.0,11.0,0.0,0.0,0.0039,0.0,0,33.0,18.58974358974359
158400,410.0,22.0,0.0,11.0,0.0,0.0,0.0039,0.0,0,33.0,20.0
159000,401.1111111111111,22.0,0.0,11.0,0.0,0.0,0.0039,0.0,0,33.0,11.111111111111086
159600,398.0769230769231,22.0,0.0,11.0,0.0,0.0,0.0039,0.0,0,33.0,8.076923076923094
160200,390.0,22.0,0.0,11.0,0.0,0.0,0.0039,0.0,0,33.0,0.0
160800,390.0,22.0,0.0,11.0,0.0,0.0,0.0039,0.0,0,33.0,0.0
161400,390.0,22.0,0.0,11.0,0.0,0.0,0.0039,0.0,0,33.0,0.0
162000,390.0,22.0,0.0,11.0,0.0,0.0,0.0039,0.0,0,33.0,0.0
162600,390.0,22.0,0.0,11.0,0.0,0.0,0.0039,0.0,0,33.0,0.0
163200,390.0,22.0,0.0,11.0,0.0,0.0,0.0039,0.0,0,33.0,0.0
163800,390.0,22.0,0.0,11.0,0.0,0.0,0.0039,0.0,0,33.0,0.0
164400,390.0,22.0,0.0,11.0,0.0,0.0,0.0039,0.0,0,33.0,0.0
165000,390.0,22.0,0.0,11.0,0.0,0.0,0.0039,0.0,0,33.0,0.0
165600,390.0,22.0,0.0,11.0,0.0,0.0,0.0039,0.0,0,33.0,0.0
166200,390.0,22.0,0.0,11.0,0.0,0.0,0.0039,0.0,0,33.0,0.0
166800,390.0,22.0,0.0,11.0,0.0,0.0,0.0039,0.0,0,33.0,0.0
167400,390.0,22.0,0.0,11.0,0.0,0.0,0.0039,0.0,0,33.0,0.0
168000,390.0,22.0,0.0,11.0,0.0,0.0,0.0039,0.0,0,33.0,0.0
168600,390.0,22.0,0.0,11.0,0.0,0.0,0.0039,0.0,0,33.0,0.0
169200,390.0,22.0,0.0,11.0,0.0,0.0,0.0039,0.0,0,33.0,0.0
169800,390.0,22.0,0.0,11.0,0.0,0.0,0.0039,0.0,0,33.0,0.0
170400,390.0,22.0,0.0,11.0,0.0,0.0,0.0039,0.0,0,33.0,0.0
171000,390.0,22.0,0.0,11.0,0.0,0.0,0.0039,0.0,0,33.0,0.0
171600,390.0,22.0,0.0,11.0,0.0,0.0,0.0039,2.0,0,33.0,0.0
172200,390.0,22.0,0.0,11.0,0.0,0.0,0.0039,0.0,0,33.0,0.0
172800,390.0,22.0,0.0,11.0,0.0,0.0,0.0039,0.0,0,33.0,0.0
173400,390.0,22.0,0.0,11.0,0.0,0.0,0.0039,0.0,0,33.0,0.0
174000,390.0,22.0,0.0,11.0,0.0,0.0,0.0039,0.0,0,33.0,0.0
174600,390.0,22.0,0.0,11.0,0.0,0.0,0.0039,0.0,0,33.0,0.0
175200,390.0,22.0,0.0,11.0,0.0,0.0,0.0039,0.0,0,33.0,0.0
175800,390.0,22.0,0.0,11.0,0.0,0.0,0.0039,0.0,0,33.0,0.0
176400,390.0,22.0,0.0,11.0,0.0,0.0,0.0039,0.0,0,33.0,0.0
177000,390.0,22.0,0.0,11.0,0.0,0.0,0.0039,0.0,0,33.0,0.0
177600,390.0,22.0,0.0,11.0,0.0,0.0,0.0039,0.0,0,33.0,0.0
178200,390.0,22.0,0.0,11.0,0.0,0.0,0.0039,0.0,0,33.0,-9.259259259259238
178800,390.0,22.0,0.0,11.0,0.0,0.0,0.0039,0.0,0,33.0,-30.0
179400,390.0,22.0,0.0,11.0,0.0,0.0,0.0039,0.0,0,33.0,-30.0
180000,399.25925925925924,22.0,0.0,11.0,0.0,1.0,0.0039,0.0,0,33.0,-18.518518518518533
180600,420.0,22.0,0.0,11.0,0.0,0.0,0.0039,0.0,0,33.0,10.0
181200,420.0,22.0,0.0,11.0,0.0,0.0,0.0039,0.0,0,33.0,10.384615384615358
181800,417.77777777777777,22.0,0.0,11.0,0.0,0.0,0.0039,0.0,0,33.0,11.481481481481467
182400,410.0,22.0,0.0,11.0,0.0,0.0,0.0039,0.0,0,33.0,10.0
183000,409.61538461538464,22.0,0.0,11.0,0.0,0.0,0.0039,0.0,0,33.0,9.615384615384642
183600,406.2962962962963,22.0,0.0,11.0,0.0,0.0,0.0039,0.0,0,33.0,6.296296296296305
184200,400.0,22.0,0.0,11.0,0.0,0.0,0.0039,0.0,0,33.0,-3.7037037037036953
184800,400.0,22.0,0.0,11.0,0.0,0.0,0.0039,0.0,0,33.0,-10.0
185400,400.0,22.0,0.0,11.0,0.0,0.0,0.0039,0.0,0,33.0,-14.814814814814838
186000,403.7037037037037,22.0,0.0,11.0,0.0,0.0,0.0039,0.0,0,33.0,-16.296296296296305
186600,410.0,22.0,0.0,11.0,0.0,0.0,0.0039,4.0,0,33.0,-18.518518518518533
187200,414.81481481481484,22.0,0.0,11.0,0.0,0.0,0.0039,5.0,0,33.0,-18.148148148148152
187800,420.0,22.0,0.0,11.0,0.0,0.0,0.0039,5.0,0,33.0,-28.888888888888914
188400,428.51851851851853,22.0,0.0,11.0,0.0,0.0,0.0039,5.0,0,33.0,-41.866096866096825
189000,432.962962962963,22.0,0.0,11.0,0.0,0.0,0.0039,5.0,0,33.0,-53.333333333333314
189600,448.8888888888889,22.0,0.0,11.0,0.0,0.0,0.0039,4.0,0,33.0,-55.925925925925924
190200,470.38461538461536,22.0,0.0,11.0,0.0,0.0,0.0039,5.0,0,33.0,-53.68945868945866
190800,486.2962962962963,22.0,0.0,11.0,0.0,0.0,0.0039,5.0,0,33.0,-61.01139601139596
191400,504.81481481481484,22.0,0.0,11.0,0.0,0.0,0.0039,5.0,0,33.0,-57.10826210826207
192000,524.074074074074,22.0,0.0,11.0,0.0,0.0,0.0039,4.0,0,33.0,-52.96296296296305
192600,547.3076923076923,22.0,0.0,11.0,0.0,0.0,0.0039,5.0,0,33.0,-53.06267806267806
193200,561.9230769230769,22.0,0.0,11.0,0.0,0.0,0.0039,4.0,0,33.0,-134.47692307692307
193800,577.0370370370371,22.0,0.0,11.0,0.0,0.0,0.0039,4.0,0,33.0,-288.14814814814815
194400,600.3703703703703,75.0,0.0,11.0,0.0,0.0,0.0039,5.0,0,86.0,-394.8148148148149
195000,696.4,65.0,0.0,64.0,0.0,0.0,0.0039,4.0,0,129.0,-364.34074074074067
195600,865.1851851851852,57.0,0.0,41.0,0.0,0.0,0.0039,5.0,1,98.0,-248.6609686609686
196200,995.1851851851852,58.0,0.0,0.0,0.0,0.0,0.0039,5.0,1,58.0,-137.61481481481474
196800,1060.7407407407406,51.0,0.0,0.0,0.0,1.0,0.0039,5.0,1,51.0,-98.14814814814827
197400,1113.8461538461538,82.0,0.0,0.0,0.0,1.0,0.0039,5.0,1,82.0,-80.59829059829053
198000,1132.8,79.0,0.0,0.0,0.0,1.0,0.0039,4.0,1,79.0,-81.04615384615386
198600,1158.888888888889,22.0,0.0,0.0,0.0,1.0,0.0039,5.0,1,22.0,0.7407407407408755
199200,1194.4444444444443,22.0,0.0,0.0,0.0,1.0,0.0039,5.0,1,22.0,0.7407407407406481
199800,1213.8461538461538,22.0,0.0,0.0,0.0,1.0,0.0039,5.0,1,22.0,-26.524216524216627
200400,1158.148148148148,22.0,0.0,64.0,0.0,0.0,0.0039,3.0,1,86.0,-104.15954415954434
201000,1193.7037037037037,22.0,0.0,69.0,0.0,0.0,0.0039,5.0,1,91.0,-88.51851851851848
201600,1240.3703703703704,22.0,0.0,65.0,0.0,0.0,0.0039,0.0,1,87.0,-57.03703703703695
202200,1262.3076923076924,22.0,0.0,71.0,0.0,0.0,0.0039,0.0,1,93.0,-86.58119658119654
202800,1282.2222222222222,22.0,0.0,45.0,0.0,0.0,0.0039,0.0,1,67.0,-160.85470085470092
203400,1297.4074074074074,22.0,0.0,46.0,0.0,1.0,0.0039,0.0,1,68.0,-264.07407407407413
204000,1348.888888888889,22.0,0.0,50.0,0.0,1.0,0.0039,0.0,2,72.0,-266.2962962962963
204600,1443.076923076923,22.0,0.0,49.0,0.0,1.0,0.0039,0.0,2,71.0,-218.034188034188
205200,1561.4814814814815,22.0,0.0,45.0,0.0,1.0,0.0039,0.0,2,67.0,-117.74928774928776
205800,1615.1851851851852,22.0,0.0,47.0,0.0,0.0,0.0039,0.0,2,69.0,-99.25925925925912
206400,1661.111111111111,22.0,0.0,34.0,0.0,0.0,0.0039,0.0,1,56.0,-17.037037037036953
207000,1679.2307692307693,22.0,0.0,31.0,0.0,0.0,0.0039,0.0,1,53.0,2.3076923076923777
207600,1714.4444444444443,22.0,0.0,31.0,0.0,0.0,0.0039,0.0,1,53.0,-32.2222222222224
208200,1678.148148148148,22.0,0.0,26.0,0.0,1.0,0.0039,0.0,1,48.0,-37.40740740740762
208800,1676.923076923077,22.0,0.0,24.0,0.0,0.0,0.0039,0.0,1,46.0,-4.18803418803418
209400,1746.6666666666667,22.0,0.0,21.0,0.0,0.0,0.0039,0.0,2,43.0,93.97435897435912
210000,1715.5555555555557,22.0,0.0,20.0,0.0,0.0,0.0039,2.0,0,42.0,105.55555555555566
210600,1681.111111111111,22.0,0.0,20.0,0.0,0.0,0.0039,4.0,0,42.0,108.51851851851848
211200,1652.6923076923076,22.0,0.0,20.0,0.0,0.0,0.0039,5.0,0,42.0,103.06267806267806
211800,1610.0,22.0,0.0,20.0,0.0,0.0,0.0039,5.0,0,42.0,92.69230769230762
212400,1572.5925925925926,22.0,0.0,20.0,0.0,0.0,0.0039,5.0,0,42.0,81.48148148148152
213000,1549.6296296296296,22.0,0.0,19.0,0.0,0.0,0.0039,4.0,0,41.0,71.11111111111109
213600,1517.3076923076924,22.0,0.0,20.0,0.0,0.0,0.0039,5.0,0,42.0,63.233618233618245
214200,1491.111111111111,22.0,0.0,19.0,0.0,0.0,0.0039,5.0,0,41.0,69.9572649572649
214800,1478.5185185185185,42.0,0.0,19.0,0.0,0.0,0.0039,5.0,0,61.0,90.74074074074065
215400,1454.0740740740741,36.0,0.0,20.0,0.0,0.0,0.0039,5.0,0,56.0,101.48148148148152
216000,1421.1538461538462,44.0,0.0,20.0,0.0,0.0,0.0039,5.0,0,64.0,101.52421652421663
216600,1387.7777777777778,42.0,0.0,20.0,0.0,0.0,0.0039,4.0,0,62.0,92.77777777777783
217200,1352.5925925925926,33.0,0.0,19.0,0.0,0.0,0.0039,5.0,0,52.0,-24.074074074074133
217800,1319.6296296296296,32.0,0.0,19.0,0.0,0.0,0.0039,4.0,0,51.0,-164.81481481481478
218400,1295.0,33.0,0.0,39.0,0.0,0.0,0.0039,5.0,0,72.0,-257.2222222222222
219000,1376.6666666666667,32.0,0.0,26.0,0.0,0.0,0.0039,5.0,1,58.0,-217.56410256410254
219600,1484.4444444444443,22.0,0.0,31.0,0.0,0.0,0.0039,5.0,1,53.0,-91.85185185185196
220200,1552.2222222222222,22.0,0.0,29.0,0.0,0.0,0.0039,4.0,1,51.0,-15.925925925925867
220800,1594.2307692307693,22.0,0.0,33.0,0.0,0.0,0.0039,0.0,1,55.0,24.60113960113972
221400,1576.2962962962963,22.0,0.0,25.0,0.0,0.0,0.0039,0.0,1,47.0,16.680911680911777
222000,1568.148148148148,22.0,0.0,28.0,0.0,0.0,0.0039,0.0,1,50.0,26.296296296296077
222600,1569.6296296296296,22.0,0.0,38.0,0.0,0.0,0.0039,0.0,1,60.0,49.259259259259125
223200,1559.6153846153845,22.0,0.0,36.0,0.0,0.0,0.0039,0.0,1,58.0,52.20797720797714
223800,1541.851851851852,22.0,0.0,28.0,0.0,0.0,0.0039,0.0,1,50.0,63.77492877492887
224400,1520.3703703703704,22.0,0.0,35.0,0.0,0.0,0.0039,0.0,1,57.0,14.44444444444457
225000,1507.4074074074074,22.0,0.0,34.0,0.0,0.0,0.0039,0.0,1,56.0,23.333333333333258
225600,1478.076923076923,22.0,0.0,33.0,0.0,0.0,0.0039,0.0,1,55.0,19.558404558404618
226200,1505.9259259259259,22.0,0.0,28.0,0.0,0.0,0.0039,0.0,1,50.0,66.31054131054134
226800,1484.0740740740741,22.0,0.0,33.0,0.0,0.0,0.0039,0.0,1,55.0,43.333333333333485
227400,1458.5185185185185,22.0,0.0,31.0,0.0,0.0,0.0039,0.0,1,53.0,54.44444444444434
228000,1439.6153846153845,22.0,0.0,32.0,0.0,0.0,0.0039,0.0,1,54.0,95.17094017094018
228600,1440.7407407407406,22.0,0.0,11.0,0.0,0.0,0.0039,0.0,1,33.0,149.97150997150993
229200,1404.0740740740741,22.0,0.0,11.0,0.0,0.0,0.0039,0.0,0,33.0,181.1111111111111
229800,1344.4444444444443,22.0,0.0,11.0,0.0,0.0,0.0039,0.0,0,33.0,189.25925925925912
230400,1290.7692307692307,22.0,0.0,11.0,0.0,0.0,0.0039,0.0,0,33.0,212.9914529914529
231000,1222.962962962963,22.0,0.0,11.0,0.0,0.0,0.006557,0.0,0,33.0,214.88603988603995
231600,1155.1851851851852,22.0,0.0,11.0,0.0,0.0,0.006557,0.0,0,33.0,208.5185185185186
232200,1077.7777777777778,22.0,0.0,11.0,0.0,0.0,0.006557,0.0,0,33.0,184.44444444444446
232800,1008.0769230769231,22.0,0.0,11.0,0.0,0.0,0.006728,0.0,0,33.0,162.52136752136755
233400,946.6666666666666,22.0,0.0,11.0,0.0,0.0,0.006728,0.0,0,33.0,145.12820512820508
234000,893.3333333333334,22.0,0.0,11.0,0.0,0.0,0.006728,0.0,0,33.0,128.5185185185186
234600,845.5555555555555,22.0,0.0,11.0,0.0,0.0,0.007375,0.0,0,33.0,111.11111111111109
235200,801.5384615384615,22.0,0.0,11.0,0.0,0.0,0.007375,0.0,0,33.0,94.87179487179492
235800,764.8148148148148,22.0,0.0,11.0,0.0,0.0,0.007375,0.0,0,33.0,83.27635327635323
236400,734.4444444444445,22.0,0.0,11.0,0.0,0.0,0.010247,0.0,0,33.0,73.33333333333337
237000,706.6666666666666,22.0,0.0,11.0,0.0,0.0,0.010247,0.0,0,33.0,62.96296296296293
237600,681.5384615384615,22.0,0.0,11.0,0.0,0.0,0.010247,0.0,0,33.0,55.24216524216524
238200,661.1111111111111,22.0,0.0,11.0,0.0,0.0,0.016664,0.0,0,33.0,52.64957264957263
238800,643.7037037037037,22.0,0.0,11.0,0.0,0.0,0.016664,0.0,0,33.0,45.18518518518522
239400,626.2962962962963,22.0,0.0,11.0,0.0,0.0,0.016664,0.0,0,33.0,39.629629629629676
240000,608.4615384615385,22.0,0.0,11.0,0.0,0.0,0.018973,0.0,0,33.0,35.12820512820508
240600,598.5185185185185,22.0,0.0,11.0,0.0,0.0,0.018973,0.0,0,33.0,33.903133903133835
241200,586.6666666666666,22.0,0.0,11.0,0.0,0.0,0.018973,0.0,0,33.0,31.851851851851848
241800,573.3333333333334,22.0,0.0,11.0,0.0,0.0,0.025038,0.0,0,33.0,24.074074074074133
242400,564.6153846153846,22.0,0.0,11.0,0.0,0.0,0.025038,0.0,0,33.0,26.096866096866165
243000,554.8148148148148,22.0,0.0,11.0,0.0,0.0,0.025038,0.0,0,33.0,24.81481481481478
243600,549.2592592592592,22.0,0.0,11.0,0.0,0.0,0.023941,0.0,0,33.0,28.518518518518476
244200,538.5185185185185,22.0,0.0,11.0,0.0,0.0,0.023941,0.0,0,33.0,21.851851851851848
244800,530.0,22.0,0.0,11.0,0.0,0.0,0.023941,0.0,0,33.0,20.0
245400,520.7407407407408,22.0,0.0,11.0,0.0,0.0,0.013297,0.0,0,33.0,10.740740740740762
246000,516.6666666666666,22.0,0.0,11.0,0.0,0.0,0.013297,0.0,0,33.0,14.4444444444444
246600,510.0,22.0,0.0,11.0,0.0,0.0,0.013297,0.0,0,33.0,10.0
247200,510.0,22.0,0.0,11.0,0.0,0.0,0.024903,0.0,0,33.0,15.555555555555543
247800,502.22222222222223,22.0,0.0,11.0,0.0,0.0,0.024903,0.0,0,33.0,12.222222222222229
248400,500.0,22.0,0.0,11.0,0.0,0.0,0.024903,0.0,0,33.0,10.740740740740762
249000,494.44444444444446,22.0,0.0,11.0,0.0,0.0,0.017279,0.0,0,33.0,13.333333333333371
249600,490.0,22.0,0.0,11.0,0.0,0.0,0.017279,0.0,0,33.0,10.0
250200,489.25925925925924,22.0,0.0,11.0,0.0,0.0,0.017279,0.0,0,33.0,9.259259259259238
250800,481.1111111111111,22.0,0.0,11.0,0.0,0.0,0.013946,0.0,0,33.0,1.1111111111110858
251400,480.0,22.0,0.0,11.0,0.0,0.0,0.013946,0.0,0,33.0,0.0
252000,480.0,22.0,0.0,11.0,0.0,0.0,0.013946,0.0,0,33.0,0.0
252600,480.0,22.0,0.0,11.0,0.0,0.0,0.02312,0.0,0,33.0,6.923076923076906
253200,480.0,22.0,0.0,11.0,0.0,0.0,0.02312,0.0,0,33.0,10.0
253800,480.0,22.0,0.0,11.0,0.0,0.0,0.02312,0.0,0,33.0,10.0
254400,473.0769230769231,22.0,0.0,11.0,0.0,0.0,0.023343,0.0,0,33.0,3.4472934472934753
255000,470.0,22.0,0.0,11.0,0.0,0.0,0.023343,0.0,0,33.0,6.538461538461547
255600,470.0,22.0,0.0,11.0,0.0,0.0,0.023343,0.0,0,33.0,9.629629629629619
256200,469.6296296296296,22.0,0.0,11.0,0.0,0.0,0.009925,0.0,0,33.0,9.629629629629619
256800,463.46153846153845,22.0,0.0,11.0,0.0,0.0,0.009925,0.0,0,33.0,3.461538461538453
257400,460.3703703703704,22.0,0.0,11.0,0.0,0.0,0.009925,0.0,0,33.0,0.3703703703703809
258000,460.0,22.0,0.0,11.0,0.0,0.0,0.011011,0.0,0,33.0,0.0
258600,460.0,22.0,0.0,11.0,0.0,0.0,0.011011,1.0,0,33.0,2.9629629629629903
259200,460.0,22.0,0.0,11.0,0.0,0.0,0.011011,0.0,0,33.0,8.518518518518533
259800,460.0,22.0,0.0,11.0,0.0,0.0,0.014403,0.0,0,33.0,10.0
260400,457.037037037037,22.0,0.0,11.0,0.0,0.0,0.014403,0.0,0,33.0,7.03703703703701
261000,451.48148148148147,22.0,0.0,11.0,0.0,0.0,0.014403,0.0,0,33.0,1.8518518518518476
261600,450.0,22.0,0.0,11.0,0.0,0.0,0.007647,0.0,0,33.0,9.629629629629619
262200,450.0,22.0,0.0,11.0,0.0,0.0,0.007647,0.0,0,33.0,10.0
262800,449.6296296296296,22.0,0.0,11.0,0.0,0.0,0.007647,0.0,0,33.0,9.629629629629619
263400,440.3703703703704,22.0,0.0,11.0,0.0,0.0,0.02163,0.0,0,33.0,45.18518518518522
264000,440.0,22.0,0.0,11.0,0.0,0.0,0.02163,0.0,0,33.0,50.0
264600,440.0,22.0,0.0,11.0,0.0,0.0,0.02163,0.0,0,33.0,50.0
265200,395.18518518518516,22.0,0.0,11.0,0.0,0.0,0.012408,0.0,0,33.0,-6.666666666666686
265800,390.0,22.0,0.0,11.0,0.0,0.0,0.012408,0.0,0,33.0,-11.481481481481467
266400,390.0,22.0,0.0,11.0,0.0,0.0,0.012408,0.0,0,33.0,-10.0
267000,401.85185185185185,22.0,0.0,11.0,0.0,0.0,0.024523,0.0,0,33.0,7.236467236467206
267600,401.48148148148147,22.0,0.0,11.0,0.0,0.0,0.024523,0.0,0,33.0,11.481481481481467
268200,400.0,22.0,0.0,11.0,0.0,0.0,0.024523,0.0,0,33.0,10.0
268800,394.61538461538464,22.0,0.0,11.0,0.0,0.0,0.011209,0.0,0,33.0,4.615384615384642
269400,390.0,22.0,0.0,11.0,0.0,0.0,0.011209,0.0,0,33.0,0.0
270000,390.0,22.0,0.0,11.0,0.0,0.0,0.011209,0.0,0,33.0,-5.555555555555543
270600,390.0,22.0,0.0,11.0,0.0,0.0,0.018044,0.0,0,33.0,-16.296296296296305
271200,390.0,22.0,0.0,11.0,0.0,0.0,0.018044,0.0,0,33.0,-32.59259259259261
271800,395.55555555555554,22.0,0.0,11.0,0.0,0.0,0.018044,0.0,0,33.0,-41.36752136752136
272400,406.2962962962963,22.0,0.0,11.0,0.0,0.0,0.012861,0.0,0,33.0,-52.96296296296293
273000,422.5925925925926,22.0,0.0,11.0,0.0,0.0,0.012861,0.0,0,33.0,-61.111111111111086
273600,436.9230769230769,22.0,0.0,11.0,0.0,0.0,0.012861,0.0,0,33.0,-67.15099715099717
274200,459.25925925925924,22.0,0.0,11.0,0.0,0.0,0.01038,3.0,0,33.0,-63.817663817663856
274800,483.7037037037037,22.0,0.0,11.0,0.0,0.0,0.01038,5.0,0,33.0,-57.40740740740739
275400,504.0740740740741,22.0,0.0,11.0,0.0,0.0,0.01038,5.0,0,33.0,-49.62962962962962
276000,523.0769230769231,22.0,0.0,11.0,0.0,0.0,0.015652,4.0,0,33.0,-46.923076923076906
276600,541.1111111111111,22.0,0.0,11.0,0.0,0.0,0.015652,5.0,0,33.0,-52.35042735042737
277200,553.7037037037037,22.0,0.0,11.0,0.0,0.0,0.015652,5.0,0,33.0,-72.22222222222229
277800,570.0,22.0,0.0,11.0,0.0,0.0,0.025379,5.0,0,33.0,-70.0
278400,593.4615384615385,22.0,0.0,11.0,0.0,0.0,0.025379,4.0,0,33.0,-42.46438746438753
279000,625.925925925926,22.0,0.0,11.0,0.0,0.0,0.025379,5.0,0,33.0,5.541310541310622
279600,640.0,22.0,0.0,11.0,0.0,0.0,0.032415,5.0,0,33.0,30.0
280200,635.925925925926,22.0,0.0,11.0,0.0,0.0,0.032415,5.0,0,33.0,36.296296296296305
280800,620.3846153846154,22.0,0.0,11.0,0.0,0.0,0.032415,5.0,0,33.0,-0.7264957264957275
281400,610.0,22.0,0.0,11.0,0.0,0.0,0.021025,4.0,0,33.0,-116.9230769230769
282000,599.6296296296297,22.0,0.0,11.0,0.0,0.0,0.021025,0.0,0,33.0,-202.96296296296293
282600,621.1111111111111,22.0,0.0,15.0,0.0,0.0,0.021025,0.0,0,37.0,-261.4814814814815
283200,726.9230769230769,22.0,0.0,15.0,0.0,0.0,0.026832,0.0,1,37.0,-218.63247863247864
283800,802.5925925925926,22.0,0.0,15.0,0.0,0.0,0.026832,0.0,1,37.0,-204.3304843304843
284400,882.5925925925926,22.0,0.0,60.0,0.0,0.0,0.026832,0.0,1,82.0,-151.85185185185173
285000,945.5555555555555,22.0,0.0,49.0,0.0,0.0,0.013425,0.0,1,71.0,-95.1851851851851
285600,1006.9230769230769,22.0,0.0,48.0,0.0,0.0,0.013425,0.0,1,70.0,-58.26210826210831
286200,1034.4444444444443,22.0,0.0,46.0,0.0,0.0,0.013425,0.0,1,68.0,-45.55555555555566
286800,1040.7407407407406,22.0,0.0,125.0,0.0,0.0,0.015629,0.0,1,147.0,-53.333333333333485
287400,1065.1851851851852,22.0,0.0,115.0,0.0,0.0,0.015629,0.0,1,137.0,-31.851851851851734
288000,1080.0,22.0,0.0,116.0,0.0,0.0,0.015629,5.0,1,138.0,8.148148148148039
288600,1094.0740740740741,22.0,0.0,113.0,0.0,0.0,0.006354,4.0,1,135.0,104.45868945868949
289200,1097.037037037037,22.0,0.0,119.0,0.0,0.0,0.006354,5.0,1,141.0,186.2962962962962
289800,1071.851851851852,22.0,0.0,102.0,0.0,0.0,0.006354,5.0,1,124.0,220.65185185185192
290400,989.6153846153846,22.0,0.0,34.0,0.0,0.0,0.005951,5.0,0,56.0,192.57834757834758
291000,910.7407407407408,22.0,0.0,24.0,0.0,0.0,0.005951,4.0,0,46.0,154.58689458689457
291600,851.2,22.0,0.0,24.0,0.0,0.0,0.005951,5.0,0,46.0,125.27407407407406
292200,797.0370370370371,22.0,0.0,29.0,0.0,0.0,0.005914,5.0,0,51.0,98.51851851851859
292800,756.1538461538462,76.0,0.0,28.0,0.0,0.0,0.005914,5.0,0,104.0,83.56125356125358
293400,725.925925925926,74.0,0.0,24.0,0.0,0.0,0.005914,5.0,0,98.0,75.15669515669526
294000,698.5185185185185,82.0,0.0,25.0,0.0,0.0,0.005689,5.0,0,107.0,66.2962962962963
294600,672.5925925925926,84.0,0.0,24.0,0.0,0.0,0.005689,5.0,0,108.0,15.92592592592598
295200,650.7692307692307,78.0,0.0,31.0,0.0,0.0,0.005689,4.0,0,109.0,-107.74928774928776
295800,632.2222222222222,73.0,0.0,28.0,0.0,0.0,0.005421,5.0,1,101.0,-170.85470085470092
296400,656.6666666666666,79.0,0.0,112.0,0.0,0.0,0.005421,5.0,1,191.0,-184.8148148148149
297000,758.5185185185185,74.0,0.0,107.0,0.0,0.0,0.005421,5.0,1,181.0,-137.77777777777783
297600,803.0769230769231,75.0,0.0,106.0,0.0,0.0,0.00557,4.0,1,181.0,-142.10826210826212
298200,841.4814814814815,78.0,0.0,97.0,0.0,0.0,0.00557,3.0,1,175.0,-140.82621082621074
298800,896.2962962962963,22.0,0.0,98.0,0.0,0.0,0.00557,5.0,1,120.0,-136.2962962962963
299400,945.1851851851852,22.0,0.0,108.0,0.0,0.0,0.005337,4.0,1,130.0,-119.25925925925912
300000,982.3076923076923,22.0,0.0,100.0,0.0,0.0,0.005337,5.0,1,122.0,-101.39601139601143
300600,1032.5925925925926,22.0,0.0,98.0,0.0,0.0,0.005337,5.0,1,120.0,-67.40740740740739
301200,1064.4444444444443,22.0,0.0,96.0,0.0,0.0,0.005377,4.0,1,118.0,-55.925925925926094
301800,1083.7037037037037,22.0,0.0,98.0,0.0,0.0,0.005377,5.0,1,120.0,-71.48148148148152
302400,1100.0,22.0,0.0,102.0,0.0,0.0,0.005377,5.0,1,124.0,-81.85185185185196
303000,1120.3703703703704,22.0,0.0,107.0,0.0,0.0,0.005401,4.0,1,129.0,-76.55270655270647
303600,1155.1851851851852,22.0,0.0,107.0,0.0,0.0,0.005401,5.0,1,129.0,-57.77777777777783
304200,1181.851851851852,22.0,0.0,93.0,0.0,0.0,0.005401,5.0,1,115.0,-70.0
304800,1196.923076923077,63.0,0.0,105.0,0.0,0.0,0.005294,4.0,1,168.0,81.36752136752125
305400,1212.962962962963,88.0,0.0,92.0,0.0,0.0,0.005294,5.0,1,180.0,47.96296296296305
306000,1251.851851851852,83.0,0.0,93.0,0.0,0.0,0.005294,5.0,1,176.0,121.85185185185196
306600,1115.5555555555557,110.0,0.0,98.0,0.0,0.0,0.005346,5.0,1,208.0,-16.296296296296305
307200,1165.0,77.0,0.0,94.0,0.0,0.0,0.005346,5.0,1,171.0,11.666666666666742
307800,1130.0,78.0,0.0,104.0,0.0,0.0,0.005346,4.0,1,182.0,5.769230769230717
308400,1131.851851851852,75.0,0.0,103.0,0.0,0.0,0.005423,5.0,1,178.0,-9.629629629629562
309000,1153.3333333333333,79.0,0.0,102.0,0.0,0.0,0.005423,2.0,1,181.0,-1.8518518518519613
309600,1124.2307692307693,23.0,0.0,96.0,0.0,0.0,0.005423,0.0,1,119.0,-36.8803418803418
310200,1141.4814814814815,22.0,0.0,111.0,0.0,0.0,0.00525,0.0,1,133.0,-24.672364672364665
310800,1155.1851851851852,22.0,0.0,102.0,0.0,0.0,0.00525,0.0,1,124.0,38.518518518518476
311400,1161.111111111111,22.0,0.0,104.0,0.0,0.0,0.00525,0.0,1,126.0,304.8148148148148
312000,1166.1538461538462,22.0,0.0,94.0,0.0,0.0,0.005277,0.0,1,116.0,460.2279202279202
312600,1116.6666666666667,22.0,0.0,92.0,0.0,1.0,0.005277,0.0,1,114.0,520.5128205128206
313200,856.2962962962963,22.0,0.0,93.0,0.0,1.0,0.005277,0.0,3,115.0,305.55555555555554
313800,705.925925925926,22.0,0.0,92.0,0.0,1.0,0.005438,0.0,3,114.0,181.85185185185196
314400,596.1538461538462,22.0,0.0,97.0,0.0,1.0,0.005438,0.0,1,119.0,88.37606837606842
315000,550.7407407407408,22.0,0.0,93.0,0.0,1.0,0.005438,0.0,1,115.0,-0.028490028489954966
315600,524.074074074074,22.0,0.0,92.0,0.0,1.0,0.005491,0.0,1,114.0,-61.1111111111112
316200,507.77777777777777,22.0,0.0,96.0,0.0,1.0,0.005491,0.0,1,118.0,-59.259259259259295
316800,550.7692307692307,22.0,0.0,95.0,0.0,0.0,0.005491,0.0,1,117.0,1.1396011396010408
317400,585.1851851851852,22.0,0.0,11.0,0.0,0.0,0.00573,0.0,0,33.0,49.4159544159545
318000,567.0370370370371,22.0,0.0,11.0,0.0,0.0,0.00573,0.0,0,33.0,47.77777777777783
318600,549.6296296296297,22.0,0.0,11.0,0.0,0.0,0.00573,0.0,0,33.0,42.96296296296299
319200,535.7692307692307,22.0,0.0,11.0,0.0,0.0,0.006072,0.0,0,33.0,43.54700854700849
319800,519.2592592592592,22.0,0.0,11.0,0.0,0.0,0.006072,0.0,0,33.0,39.25925925925924
320400,506.6666666666667,22.0,0.0,11.0,0.0,0.0,0.006072,0.0,0,33.0,34.074074074074076
321000,492.22222222222223,22.0,0.0,11.0,0.0,0.0,0.005979,0.0,0,33.0,30.0
321600,480.0,22.0,0.0,11.0,0.0,0.0,0.005979,0.0,0,33.0,27.03703703703701
322200,472.5925925925926,22.0,0.0,11.0,0.0,0.0,0.005979,0.0,0,33.0,25.28490028490029
322800,462.22222222222223,22.0,0.0,11.0,0.0,0.0,0.017286,0.0,0,33.0,23.333333333333314
323400,452.962962962963,22.0,0.0,11.0,0.0,0.0,0.017286,0.0,0,33.0,21.111111111111143
324000,447.3076923076923,22.0,0.0,11.0,0.0,0.0,0.017286,0.0,0,33.0,17.30769230769232
324600,438.8888888888889,22.0,0.0,11.0,0.0,0.0,0.00769,0.0,0,33.0,11.481481481481524
325200,431.85185185185185,22.0,0.0,11.0,0.0,0.0,0.00769,0.0,0,33.0,11.851851851851848
325800,430.0,22.0,0.0,11.0,0.0,0.0,0.00769,0.0,0,33.0,10.0
326400,427.4074074074074,22.0,0.0,11.0,0.0,0.0,0.007241,0.0,0,33.0,12.022792022792032
327000,420.0,22.0,0.0,11.0,0.0,0.0,0.007241,0.0,0,33.0,10.0
327600,420.0,22.0,0.0,11.0,0.0,0.0,0.007241,0.0,0,33.0,10.0
328200,415.38461538461536,22.0,0.0,11.0,0.0,0.0,0.006982,0.0,0,33.0,11.310541310541282
328800,410.0,22.0,0.0,11.0,0.0,0.0,0.006982,0.0,0,33.0,10.0
329400,410.0,22.0,0.0,11.0,0.0,0.0,0.006982,0.0,0,33.0,10.0
330000,404.0740740740741,22.0,0.0,11.0,0.0,0.0,0.021909,0.0,0,33.0,4.074074074074076
330600,400.0,22.0,0.0,11.0,0.0,0.0,0.021909,0.0,0,33.0,8.148148148148152
331200,400.0,22.0,0.0,11.0,0.0,0.0,0.021909,0.0,0,33.0,10.0
331800,400.0,22.0,0.0,11.0,0.0,0.0,0.01326,0.0,0,33.0,10.0
332400,391.85185185185185,22.0,0.0,11.0,0.0,0.0,0.01326,0.0,0,33.0,1.8518518518518476
333000,390.0,22.0,0.0,11.0,0.0,0.0,0.01326,0.0,0,33.0,0.0
333600,390.0,22.0,0.0,11.0,0.0,0.0,0.026163,0.0,0,33.0,0.0
334200,390.0,22.0,0.0,11.0,0.0,0.0,0.026163,0.0,0,33.0,0.0
334800,390.0,22.0,0.0,11.0,0.0,0.0,0.026163,0.0,0,33.0,0.0
335400,390.0,22.0,0.0,11.0,0.0,0.0,0.016711,0.0,0,33.0,0.0
336000,390.0,22.0,0.0,11.0,0.0,0.0,0.016711,0.0,0,33.0,0.0
336600,390.0,22.0,0.0,11.0,0.0,0.0,0.016711,0.0,0,33.0,0.0
337200,390.0,22.0,0.0,11.0,0.0,0.0,0.015034,0.0,0,33.0,0.0
337800,390.0,22.0,0.0,11.0,0.0,0.0,0.015034,0.0,0,33.0,0.0
338400,390.0,22.0,0.0,11.0,0.0,0.0,0.015034,0.0,0,33.0,0.0
339000,390.0,22.0,0.0,11.0,0.0,0.0,0.00958,0.0,0,33.0,0.0
339600,390.0,22.0,0.0,11.0,0.0,0.0,0.00958,0.0,0,33.0,0.0
340200,390.0,22.0,0.0,11.0,0.0,0.0,0.00958,0.0,0,33.0,0.0
340800,390.0,22.0,0.0,11.0,0.0,0.0,0.013779,0.0,0,33.0,0.0
341400,390.0,22.0,0.0,11.0,0.0,0.0,0.013779,0.0,0,33.0,0.0
342000,390.0,22.0,0.0,11.0,0.0,0.0,0.013779,0.0,0,33.0,0.0
342600,390.0,22.0,0.0,11.0,0.0,0.0,0.013779,0.0,0,33.0,0.0
343200,390.0,22.0,0.0,11.0,0.0,0.0,0.014848,0.0,0,33.0,0.0
343800,390.0,22.0,0.0,11.0,0.0,0.0,0.014848,0.0,0,33.0,0.0
344400,390.0,22.0,0.0,11.0,0.0,0.0,0.014848,3.0,0,33.0,0.0
345000,390.0,22.0,0.0,11.0,0.0,0.0,0.037561,0.0,0,33.0,0.0
345600,390.0,22.0,0.0,11.0,0.0,0.0,0.037561,0.0,0,33.0,0.0
346200,390.0,22.0,0.0,11.0,0.0,0.0,0.037561,0.0,0,33.0,0.0
346800,390.0,22.0,0.0,11.0,0.0,0.0,0.015271,0.0,0,33.0,0.0
347400,390.0,22.0,0.0,11.0,0.0,0.0,0.015271,0.0,0,33.0,0.0
348000,390.0,22.0,0.0,11.0,0.0,0.0,0.015271,0.0,0,33.0,0.0
348600,390.0,22.0,0.0,11.0,0.0,0.0,0.009237,0.0,0,33.0,0.0
349200,390.0,22.0,0.0,11.0,0.0,0.0,0.009237,0.0,0,33.0,0.0
349800,390.0,22.0,0.0,11.0,0.0,0.0,0.009237,0.0,0,33.0,0.0
350400,390.0,22.0,0.0,11.0,0.0,0.0,0.01378,0.0,0,33.0,0.0
351000,390.0,22.0,0.0,11.0,0.0,0.0,0.01378,0.0,0,33.0,-17.77777777777777
351600,390.0,22.0,0.0,11.0,0.0,0.0,0.01378,0.0,0,33.0,-39.61538461538464
352200,390.0,22.0,0.0,11.0,0.0,0.0,0.018223,0.0,0,33.0,-33.703703703703695
352800,407.77777777777777,22.0,0.0,0.0,0.0,0.0,0.018223,0.0,0,22.0,-12.222222222222229
353400,429.61538461538464,22.0,0.0,0.0,0.0,0.0,0.018223,0.0,0,22.0,14.059829059829099
354000,423.7037037037037,22.0,0.0,0.0,0.0,0.0,0.018356,0.0,0,22.0,13.703703703703695
354600,420.0,22.0,0.0,0.0,0.0,0.0,0.018356,0.0,0,22.0,15.185185185185162
355200,415.55555555555554,22.0,0.0,0.0,0.0,0.0,0.018356,0.0,0,22.0,15.555555555555543
355800,410.0,22.0,0.0,0.0,0.0,0.0,0.014399,0.0,0,22.0,10.0
356400,404.81481481481484,22.0,0.0,0.0,0.0,0.0,0.014399,0.0,0,22.0,4.814814814814838
357000,400.0,22.0,0.0,0.0,0.0,0.0,0.014399,0.0,0,22.0,-3.7037037037036953
357600,400.0,22.0,0.0,0.0,0.0,0.0,0.011288,0.0,0,22.0,-10.0
358200,400.0,22.0,0.0,0.0,0.0,0.0,0.011288,0.0,0,22.0,-12.222222222222229
358800,403.7037037037037,22.0,0.0,0.0,0.0,0.0,0.011288,0.0,0,22.0,-16.296296296296305
359400,410.0,22.0,0.0,0.0,0.0,0.0,0.01291,0.0,0,22.0,-11.851851851851848
360000,412.22222222222223,22.0,0.0,0.0,0.0,0.0,0.01291,0.0,0,22.0,-17.77777777777777
360600,420.0,107.0,0.0,0.0,0.0,0.0,0.01291,0.0,0,107.0,-10.0
361200,421.85185185185185,99.0,0.0,0.0,0.0,0.0,0.01329,0.0,0,99.0,-8.148148148148152
361800,430.0,98.0,0.0,0.0,0.0,0.0,0.01329,0.0,0,98.0,0.0
362400,430.0,87.0,0.0,0.0,0.0,0.0,0.01329,0.0,0,87.0,-8.888888888888914
363000,430.0,84.0,0.0,0.0,0.0,0.0,0.011128,0.0,0,84.0,-13.333333333333314
363600,430.0,80.0,0.0,0.0,0.0,0.0,0.011128,0.0,0,80.0,-20.0
364200,438.8888888888889,84.0,0.0,0.0,0.0,0.0,0.011128,0.0,0,84.0,-15.185185185185162
364800,443.3333333333333,79.0,0.0,0.0,0.0,0.0,0.014273,0.0,0,79.0,-16.666666666666686
365400,450.0,80.0,0.0,0.0,0.0,0.0,0.014273,0.0,0,80.0,-12.222222222222229
366000,454.0740740740741,77.0,0.0,0.0,0.0,0.0,0.014273,0.0,0,77.0,-15.925925925925924
366600,460.0,78.0,0.0,0.0,0.0,0.0,0.01337,0.0,0,78.0,-10.0
367200,462.22222222222223,77.0,0.0,0.0,0.0,0.0,0.01337,0.0,0,77.0,-14.074074074074076
367800,470.0,83.0,0.0,0.0,0.0,0.0,0.01337,0.0,0,83.0,-14.814814814814838
368400,470.0,88.0,0.0,0.0,0.0,0.0,0.022004,3.0,0,88.0,-26.923076923076906
369000,476.2962962962963,88.0,0.0,0.0,0.0,0.0,0.022004,4.0,0,88.0,-28.148148148148152
369600,484.81481481481484,77.0,0.0,0.0,0.0,0.0,0.022004,5.0,0,77.0,-22.962962962962933
370200,496.9230769230769,79.0,0.0,0.0,0.0,0.0,0.037188,4.0,0,79.0,-3.817663817663856
370800,504.44444444444446,75.0,0.0,0.0,0.0,0.0,0.037188,5.0,0,75.0,4.444444444444457
371400,507.77777777777777,75.0,0.0,0.0,0.0,0.0,0.037188,5.0,0,75.0,7.7777777777777715
372000,500.74074074074076,82.0,0.0,0.0,0.0,0.0,0.030726,5.0,0,82.0,-4.814814814814781
372600,500.0,74.0,0.0,0.0,0.0,0.0,0.030726,5.0,0,74.0,-15.92592592592598
373200,500.0,38.0,0.0,0.0,0.0,0.0,0.030726,5.0,0,38.0,-49.23076923076928
373800,505.55555555555554,38.0,0.0,0.0,0.0,0.0,0.006677,5.0,0,38.0,-63.703703703703695
374400,515.925925925926,40.0,0.0,0.0,0.0,0.0,0.006677,5.0,0,40.0,-44.07407407407402
375000,549.2307692307693,40.0,0.0,0.0,0.0,0.0,0.006677,5.0,0,40.0,-11.880341880341803
375600,569.2592592592592,40.0,0.0,0.0,0.0,0.0,0.005737,4.0,0,40.0,-74.20227920227921
376200,560.0,40.0,0.0,0.0,0.0,0.0,0.005737,5.0,0,40.0,-154.07407407407402
376800,561.1111111111111,23.0,0.0,59.0,0.0,0.0,0.005737,5.0,0,82.0,-177.77777777777783
377400,643.4615384615385,24.0,0.0,137.0,0.0,0.0,0.005974,5.0,1,161.0,-116.16809116809122
378000,714.074074074074,24.0,0.0,133.0,0.0,0.0,0.005974,5.0,1,157.0,-72.07977207977217
378600,738.8888888888889,23.0,0.0,127.0,0.0,0.0,0.005974,5.0,1,150.0,-54.81481481481478
379200,759.6296296296297,24.0,0.0,128.0,0.0,0.0,0.005664,4.0,1,152.0,-85.1851851851851
379800,786.1538461538462,24.0,0.0,130.0,0.0,0.0,0.005664,5.0,1,154.0,-139.40170940170935
380400,793.7037037037037,24.0,0.0,121.0,0.0,0.0,0.005664,5.0,1,145.0,-217.4501424501425
381000,844.8148148148148,81.0,0.0,124.0,0.0,0.0,0.006076,5.0,2,205.0,-251.85185185185196
381600,925.5555555555555,82.0,0.0,110.0,0.0,0.0,0.006076,4.0,2,192.0,-225.55555555555554
382200,1011.1538461538462,79.0,0.0,110.0,0.0,0.0,0.006076,5.0,2,189.0,-112.5498575498575
382800,1096.6666666666667,74.0,0.0,110.0,0.0,0.0,0.005466,5.0,2,184.0,107.82051282051293
383400,1151.111111111111,76.0,0.0,109.0,0.0,1.0,0.005466,4.0,2,185.0,234.81481481481478
384000,1123.7037037037037,37.0,0.0,124.0,0.0,1.0,0.005466,5.0,2,161.0,156.2962962962963
384600,988.8461538461538,38.0,0.0,108.0,0.0,0.0,0.005539,5.0,2,146.0,-15.598290598290646
385200,916.2962962962963,88.0,0.0,107.0,0.0,0.0,0.005539,5.0,2,195.0,-98.7037037037037
385800,967.4074074074074,90.0,0.0,105.0,0.0,0.0,0.005539,5.0,1,195.0,-71.48148148148152
386400,1004.4444444444445,80.0,0.0,103.0,0.0,0.0,0.005173,4.0,1,183.0,-64.07407407407402
387000,1015.0,48.0,0.0,105.0,0.0,0.0,0.005173,5.0,1,153.0,-67.59259259259261
387600,1038.888888888889,48.0,0.0,22.0,0.0,0.0,0.005173,0.0,1,70.0,-67.26495726495727
388200,1068.5185185185185,42.0,0.0,41.0,0.0,0.0,0.005144,0.0,1,83.0,-59.62962962962956
388800,1082.5925925925926,36.0,0.0,25.0,0.0,0.0,0.005144,0.0,1,61.0,-52.22222222222217
389400,1106.1538461538462,35.0,0.0,32.0,0.0,0.0,0.005144,1.0,1,67.0,-58.290598290598155
390000,1128.148148148148,85.0,0.0,26.0,0.0,0.0,0.00512,4.0,1,111.0,-66.85185185185196
390600,1134.8148148148148,88.0,0.0,39.0,0.0,0.0,0.00512,5.0,1,127.0,-84.44444444444457
391200,1164.4444444444443,88.0,0.0,37.0,0.0,0.0,0.00512,5.0,1,125.0,-52.96296296296305
391800,1195.0,75.0,0.0,30.0,0.0,0.0,0.005049,5.0,1,105.0,-147.96296296296305
392400,1219.2592592592594,74.0,0.0,27.0,0.0,0.0,0.005049,5.0,1,101.0,-293.81766381766374
393000,1217.4074074074074,35.0,0.0,99.0,0.0,0.0,0.005049,1.0,1,134.0,-439.25925925925935
393600,1342.962962962963,39.0,0.0,25.0,0.0,0.0,0.005028,0.0,3,64.0,-315.92592592592587
394200,1513.076923076923,75.0,0.0,99.0,0.0,0.0,0.005028,0.0,3,174.0,186.41025641025635
394800,1656.6666666666667,78.0,0.0,96.0,0.0,0.0,0.005028,0.0,3,174.0,680.1282051282052
395400,1658.888888888889,22.0,0.0,95.0,0.0,1.0,0.005183,0.0,3,117.0,806.2962962962963
396000,1326.6666666666667,22.0,0.0,27.0,0.0,1.0,0.005183,0.0,0,49.0,575.897435897436
396600,976.5384615384615,22.0,0.0,28.0,0.0,1.0,0.005183,0.0,0,50.0,216.53846153846155
397200,852.5925925925926,22.0,0.0,27.0,0.0,1.0,0.005245,0.0,0,49.0,66.05413105413106
397800,750.7692307692307,22.0,0.0,103.0,0.0,0.0,0.005245,0.0,0,125.0,-17.74928774928776
398400,760.0,22.0,0.0,102.0,0.0,0.0,0.005245,0.0,1,124.0,14.814814814814781
399000,786.5384615384615,22.0,0.0,106.0,0.0,0.0,0.005274,0.0,1,128.0,15.427350427350461
399600,768.5185185185185,22.0,0.0,97.0,0.0,1.0,0.005274,0.0,1,119.0,-74.17378917378926
400200,745.1851851851852,22.0,0.0,107.0,0.0,1.0,0.005274,0.0,1,129.0,-75.55555555555554
400800,771.1111111111111,22.0,0.0,12.0,0.0,0.0,0.005473,0.0,1,34.0,-11.481481481481524
401400,842.6923076923077,22.0,0.0,11.0,0.0,0.0,0.005473,0.0,2,33.0,100.09971509971513
402000,820.7407407407408,22.0,0.0,11.0,0.0,0.0,0.005473,0.0,0,33.0,111.89458689458695
402600,782.5925925925926,22.0,0.0,11.0,0.0,0.0,0.005824,0.0,0,33.0,107.77777777777783
403200,742.5925925925926,22.0,0.0,11.0,0.0,0.0,0.005824,0.0,0,33.0,98.88888888888891
403800,708.8461538461538,22.0,0.0,11.0,0.0,0.0,0.005824,0.0,0,33.0,95.88319088319088
404400,674.8148148148148,22.0,0.0,11.0,0.0,0.0,0.006471,0.0,0,33.0,85.5840455840455
405000,643.7037037037037,22.0,0.0,11.0,0.0,0.0,0.006471,0.0,0,33.0,82.22222222222217
405600,612.9629629629629,22.0,0.0,11.0,0.0,0.0,0.006471,0.0,0,33.0,71.85185185185185
406200,589.2307692307693,22.0,0.0,11.0,0.0,0.0,0.006243,0.0,0,33.0,68.1196581196582
406800,561.4814814814815,22.0,0.0,11.0,0.0,0.0,0.006243,0.0,0,33.0,53.789173789173844
407400,541.1111111111111,22.0,0.0,11.0,0.0,0.0,0.006243,0.0,0,33.0,47.40740740740739
408000,521.1111111111111,22.0,0.0,11.0,0.0,0.0,0.008109,0.0,0,33.0,37.77777777777777
408600,507.6923076923077,22.0,0.0,11.0,0.0,0.0,0.008109,0.0,0,33.0,30.65527065527067
409200,493.7037037037037,22.0,0.0,11.0,0.0,0.0,0.008109,0.0,0,33.0,25.6267806267806
409800,483.3333333333333,22.0,0.0,11.0,0.0,0.0,0.021197,0.0,0,33.0,23.333333333333314
410400,477.037037037037,22.0,0.0,11.0,0.0,0.0,0.021197,0.0,0,33.0,26.66666666666663
411000,468.0769230769231,22.0,0.0,11.0,0.0,0.0,0.021197,0.0,0,33.0,23.632478632478637
411600,460.0,22.0,0.0,11.0,0.0,0.0,0.021197,0.0,0,33.0,21.923076923076906
412200,450.3703703703704,22.0,0.0,11.0,0.0,0.0,0.021197,0.0,0,33.0,20.37037037037038
412800,444.44444444444446,22.0,0.0,11.0,0.0,0.0,0.021197,0.0,0,33.0,14.444444444444457
413400,438.0769230769231,22.0,0.0,11.0,0.0,0.0,0.021197,0.0,0,33.0,16.595441595441628
414000,430.0,22.0,0.0,11.0,0.0,0.0,0.021197,0.0,0,33.0,10.0
414600,430.0,22.0,0.0,11.0,0.0,0.0,0.021197,0.0,0,33.0,10.370370370370381
415200,421.48148148148147,22.0,0.0,11.0,0.0,0.0,0.021197,0.0,0,33.0,10.370370370370381
415800,420.0,22.0,0.0,11.0,0.0,0.0,0.021197,0.0,0,33.0,10.0
416400,419.6296296296296,22.0,0.0,11.0,0.0,0.0,0.021197,0.0,0,33.0,10.014245014244977
417000,411.1111111111111,22.0,0.0,11.0,0.0,0.0,0.021197,0.0,0,33.0,8.518518518518476
417600,410.0,22.0,0.0,11.0,0.0,0.0,0.021197,0.0,0,33.0,10.0
418200,409.61538461538464,22.0,0.0,11.0,0.0,0.0,0.021197,0.0,0,33.0,9.615384615384642
418800,402.5925925925926,22.0,0.0,11.0,0.0,0.0,0.021197,0.0,0,33.0,2.5925925925926094
419400,400.0,22.0,0.0,11.0,0.0,0.0,0.021197,0.0,0,33.0,0.0
420000,400.0,22.0,0.0,11.0,0.0,0.0,0.021197,0.0,0,33.0,7.03703703703701
420600,400.0,22.0,0.0,11.0,0.0,0.0,0.021197,0.0,0,33.0,10.0
421200,400.0,22.0,0.0,11.0,0.0,0.0,0.021197,0.0,0,33.0,10.0
421800,392.962962962963,22.0,0.0,11.0,0.0,0.0,0.021197,0.0,0,33.0,2.9629629629629903
422400,390.0,22.0,0.0,11.0,0.0,0.0,0.021197,0.0,0,33.0,0.0
423000,390.0,22.0,0.0,11.0,0.0,0.0,0.021197,0.0,0,33.0,0.0
423600,390.0,22.0,0.0,11.0,0.0,0.0,0.021197,0.0,0,33.0,0.0
424200,390.0,22.0,0.0,11.0,0.0,0.0,0.021197,0.0,0,33.0,0.0
424800,390.0,22.0,0.0,11.0,0.0,0.0,0.021197,0.0,0,33.0,0.0
425400,390.0,22.0,0.0,11.0,0.0,0.0,0.021197,0.0,0,33.0,0.0
426000,390.0,22.0,0.0,11.0,0.0,0.0,0.021197,0.0,0,33.0,0.0
426600,390.0,22.0,0.0,11.0,0.0,0.0,0.021197,0.0,0,33.0,0.0
427200,390.0,22.0,0.0,11.0,0.0,0.0,0.021197,0.0,0,33.0,0.0
427800,390.0,22.0,0.0,11.0,0.0,0.0,0.021197,0.0,0,33.0,0.0
428400,390.0,22.0,0.0,11.0,0.0,0.0,0.021197,0.0,0,33.0,0.0
429000,390.0,22.0,0.0,11.0,0.0,0.0,0.021197,0.0,0,33.0,0.0
429600,390.0,22.0,0.0,11.0,0.0,0.0,0.021197,0.0,0,33.0,0.0
430200,390.0,22.0,0.0,11.0,0.0,0.0,0.021197,0.0,0,33.0,0.0
430800,390.0,22.0,0.0,11.0,0.0,0.0,0.021197,0.0,0,33.0,0.0
431400,390.0,22.0,0.0,11.0,0.0,0.0,0.021197,0.0,0,33.0,0.0
432000,390.0,22.0,0.0,11.0,0.0,0.0,0.021197,0.0,0,33.0,0.0
432600,390.0,22.0,0.0,11.0,0.0,0.0,0.021197,0.0,0,33.0,0.0
433200,390.0,22.0,0.0,11.0,0.0,0.0,0.021197,0.0,0,33.0,0.0
433800,390.0,22.0,0.0,11.0,0.0,0.0,0.021197,0.0,0,33.0,0.0
434400,390.0,22.0,0.0,11.0,0.0,0.0,0.021197,0.0,0,33.0,0.0
435000,390.0,22.0,0.0,11.0,0.0,0.0,0.021197,0.0,0,33.0,0.0
435600,390.0,22.0,0.0,11.0,0.0,0.0,0.021197,0.0,0,33.0,0.0
436200,390.0,22.0,0.0,11.0,0.0,0.0,0.021197,0.0,0,33.0,0.0
436800,390.0,22.0,0.0,11.0,0.0,0.0,0.021197,0.0,0,33.0,0.0
437400,390.0,22.0,0.0,11.0,0.0,0.0,0.021197,0.0,0,33.0,0.0
438000,390.0,22.0,0.0,11.0,0.0,0.0,0.021197,0.0,0,33.0,0.0
438600,390.0,22.0,0.0,11.0,0.0,0.0,0.021197,0.0,0,33.0,0.0
439200,390.0,22.0,0.0,11.0,0.0,0.0,0.021197,0.0,0,33.0,0.0
439800,390.0,22.0,0.0,11.0,0.0,0.0,0.021197,0.0,0,33.0,0.0
440400,390.0,22.0,0.0,11.0,0.0,0.0,0.021197,0.0,0,33.0,0.0
441000,390.0,22.0,0.0,11.0,0.0,0.0,0.021197,0.0,0,33.0,0.0
441600,390.0,22.0,0.0,11.0,0.0,0.0,0.021197,0.0,0,33.0,0.0
442200,390.0,22.0,0.0,11.0,0.0,0.0,0.021197,0.0,0,33.0,0.0
442800,390.0,22.0,0.0,11.0,0.0,0.0,0.021197,0.0,0,33.0,0.0
443400,390.0,22.0,0.0,11.0,0.0,0.0,0.021197,0.0,0,33.0,0.0
444000,390.0,22.0,0.0,11.0,0.0,0.0,0.021197,0.0,0,33.0,0.0
444600,390.0,22.0,0.0,11.0,0.0,0.0,0.021197,0.0,0,33.0,0.0
445200,390.0,22.0,0.0,11.0,0.0,0.0,0.021197,0.0,0,33.0,0.0
445800,390.0,22.0,0.0,11.0,0.0,0.0,0.021197,0.0,0,33.0,0.0
446400,390.0,22.0,0.0,11.0,0.0,0.0,0.021197,0.0,0,33.0,0.0
447000,390.0,22.0,0.0,11.0,0.0,0.0,0.021197,0.0,0,33.0,0.0
447600,390.0,22.0,0.0,11.0,0.0,0.0,0.021197,0.0,0,33.0,0.0
448200,390.0,22.0,0.0,11.0,0.0,0.0,0.021197,0.0,0,33.0,0.0
448800,390.0,22.0,0.0,11.0,0.0,0.0,0.021197,0.0,0,33.0,0.0
449400,390.0,22.0,0.0,11.0,0.0,0.0,0.021197,0.0,0,33.0,0.0
450000,390.0,22.0,0.0,11.0,0.0,0.0,0.021197,0.0,0,33.0,0.0
450600,390.0,22.0,0.0,11.0,0.0,0.0,0.021197,0.0,0,33.0,0.0
451200,390.0,22.0,0.0,11.0,0.0,0.0,0.021197,0.0,0,33.0,0.0
451800,390.0,22.0,0.0,11.0,0.0,0.0,0.021197,0.0,0,33.0,0.0
452400,390.0,22.0,0.0,11.0,0.0,0.0,0.021197,0.0,0,33.0,0.0
453000,390.0,22.0,0.0,11.0,0.0,0.0,0.021197,0.0,0,33.0,0.0
453600,390.0,22.0,0.0,11.0,0.0,0.0,0.021197,0.0,0,33.0,0.0
454200,390.0,22.0,0.0,11.0,0.0,0.0,0.021197,0.0,0,33.0,0.0
454800,390.0,22.0,0.0,11.0,0.0,0.0,0.021197,0.0,0,33.0,0.0
455400,390.0,22.0,0.0,11.0,0.0,0.0,0.021197,0.0,0,33.0,0.0
456000,390.0,22.0,0.0,11.0,0.0,0.0,0.021197,0.0,0,33.0,0.0
456600,390.0,22.0,0.0,11.0,0.0,0.0,0.021197,0.0,0,33.0,0.0
457200,390.0,22.0,0.0,11.0,0.0,0.0,0.021197,0.0,0,33.0,-0.3846153846153584
457800,390.0,22.0,0.0,11.0,0.0,0.0,0.021197,0.0,0,33.0,-8.518518518518533
458400,390.0,22.0,0.0,11.0,0.0,0.0,0.021197,0.0,0,33.0,-10.0
459000,390.38461538461536,22.0,0.0,11.0,0.0,0.0,0.021197,0.0,0,33.0,-11.83760683760687
459600,398.51851851851853,22.0,0.0,11.0,0.0,0.0,0.021197,0.0,0,33.0,-11.096866096866108
460200,400.0,22.0,0.0,11.0,0.0,0.0,0.021197,0.0,0,33.0,-10.0
460800,402.22222222222223,22.0,0.0,11.0,0.0,0.0,0.021197,0.0,0,33.0,-5.925925925925924
461400,409.61538461538464,22.0,0.0,11.0,0.0,0.0,0.021197,0.0,0,33.0,4.059829059829099
462000,410.0,22.0,0.0,11.0,0.0,0.0,0.021197,0.0,0,33.0,9.615384615384642
462600,408.14814814814815,22.0,0.0,11.0,0.0,0.0,0.021197,0.0,0,33.0,8.148148148148152
463200,405.55555555555554,22.0,0.0,11.0,0.0,0.0,0.021197,0.0,0,33.0,5.555555555555543
463800,400.38461538461536,22.0,0.0,11.0,0.0,0.0,0.021197,0.0,0,33.0,0.3846153846153584
464400,400.0,22.0,0.0,11.0,0.0,0.0,0.021197,0.0,0,33.0,0.0
465000,400.0,22.0,0.0,11.0,0.0,0.0,0.021197,0.0,0,33.0,0.0
465600,400.0,22.0,0.0,11.0,0.0,0.0,0.021197,0.0,0,33.0,0.0
466200,400.0,22.0,0.0,11.0,0.0,0.0,0.021197,0.0,0,33.0,0.0
466800,400.0,22.0,0.0,11.0,0.0,0.0,0.021197,0.0,0,33.0,2.307692307692321
467400,400.0,22.0,0.0,11.0,0.0,0.0,0.021197,0.0,0,33.0,10.0
468000,400.0,22.0,0.0,11.0,0.0,0.0,0.021197,0.0,0,33.0,10.0
468600,397.6923076923077,22.0,0.0,11.0,0.0,0.0,0.021197,0.0,0,33.0,7.692307692307679
469200,390.0,22.0,0.0,11.0,0.0,0.0,0.021197,0.0,0,33.0,0.0
469800,390.0,22.0,0.0,11.0,0.0,0.0,0.021197,0.0,0,33.0,0.0
470400,390.0,22.0,0.0,11.0,0.0,0.0,0.021197,0.0,0,33.0,0.0
471000,390.0,22.0,0.0,11.0,0.0,0.0,0.021197,0.0,0,33.0,0.0
471600,390.0,22.0,0.0,11.0,0.0,0.0,0.021197,0.0,0,33.0,0.0
472200,390.0,22.0,0.0,11.0,0.0,0.0,0.021197,0.0,0,33.0,0.0
472800,390.0,22.0,0.0,11.0,0.0,0.0,0.021197,0.0,0,33.0,0.0
473400,390.0,22.0,0.0,11.0,0.0,0.0,0.021197,0.0,0,33.0,0.0
474000,390.0,22.0,0.0,11.0,0.0,0.0,0.021197,0.0,0,33.0,0.0
474600,390.0,22.0,0.0,11.0,0.0,0.0,0.021197,0.0,0,33.0,0.0
475200,390.0,22.0,0.0,11.0,0.0,0.0,0.021197,0.0,0,33.0,0.0
475800,390.0,22.0,0.0,11.0,0.0,0.0,0.021197,0.0,0,33.0,0.0
476400,390.0,22.0,0.0,11.0,0.0,0.0,0.021197,0.0,0,33.0,0.0
477000,390.0,22.0,0.0,11.0,0.0,0.0,0.021197,0.0,0,33.0,0.0
477600,390.0,22.0,0.0,11.0,0.0,0.0,0.021197,0.0,0,33.0,0.0
478200,390.0,22.0,0.0,11.0,0.0,0.0,0.021197,0.0,0,33.0,0.0
478800,390.0,22.0,0.0,11.0,0.0,0.0,0.021197,0.0,0,33.0,0.0
479400,390.0,22.0,0.0,11.0,0.0,0.0,0.021197,0.0,0,33.0,0.0
480000,390.0,22.0,0.0,11.0,0.0,0.0,0.021197,0.0,0,33.0,0.0
480600,390.0,22.0,0.0,11.0,0.0,0.0,0.021197,0.0,0,33.0,0.0
481200,390.0,22.0,0.0,11.0,0.0,0.0,0.021197,0.0,0,33.0,0.0
481800,390.0,22.0,0.0,11.0,0.0,0.0,0.021197,0.0,0,33.0,0.0
482400,390.0,22.0,0.0,11.0,0.0,0.0,0.021197,0.0,0,33.0,0.0
483000,390.0,22.0,0.0,11.0,0.0,0.0,0.021197,0.0,0,33.0,0.0
483600,390.0,22.0,0.0,11.0,0.0,0.0,0.021197,0.0,0,33.0,0.0
484200,390.0,22.0,0.0,11.0,0.0,0.0,0.021197,0.0,0,33.0,0.0
484800,390.0,22.0,0.0,11.0,0.0,0.0,0.021197,0.0,0,33.0,0.0
485400,390.0,22.0,0.0,11.0,0.0,0.0,0.021197,0.0,0,33.0,0.0
486000,390.0,22.0,0.0,11.0,0.0,0.0,0.021197,0.0,0,33.0,0.0
486600,390.0,22.0,0.0,11.0,0.0,0.0,0.021197,0.0,0,33.0,0.0
487200,390.0,22.0,0.0,11.0,0.0,0.0,0.021197,0.0,0,33.0,0.0
487800,390.0,22.0,0.0,11.0,0.0,0.0,0.021197,0.0,0,33.0,0.0
488400,390.0,22.0,0.0,11.0,0.0,0.0,0.021197,0.0,0,33.0,0.0
489000,390.0,22.0,0.0,11.0,0.0,0.0,0.021197,0.0,0,33.0,0.0
489600,390.0,22.0,0.0,11.0,0.0,0.0,0.021197,0.0,0,33.0,0.0
490200,390.0,22.0,0.0,11.0,0.0,0.0,0.021197,0.0,0,33.0,0.0
490800,390.0,22.0,0.0,11.0,0.0,0.0,0.021197,0.0,0,33.0,0.0
491400,390.0,22.0,0.0,11.0,0.0,0.0,0.021197,0.0,0,33.0,0.0
492000,390.0,22.0,0.0,11.0,0.0,0.0,0.021197,0.0,0,33.0,0.0
492600,390.0,22.0,0.0,11.0,0.0,0.0,0.021197,0.0,0,33.0,0.0
493200,390.0,22.0,0.0,11.0,0.0,0.0,0.021197,0.0,0,33.0,0.0
493800,390.0,22.0,0.0,11.0,0.0,0.0,0.021197,0.0,0,33.0,0.0
494400,390.0,22.0,0.0,11.0,0.0,0.0,0.021197,0.0,0,33.0,0.0
495000,390.0,22.0,0.0,11.0,0.0,0.0,0.021197,0.0,0,33.0,0.0
495600,390.0,22.0,0.0,11.0,0.0,0.0,0.021197,0.0,0,33.0,0.0
496200,390.0,22.0,0.0,11.0,0.0,0.0,0.021197,0.0,0,33.0,0.0
496800,390.0,22.0,0.0,11.0,0.0,0.0,0.021197,0.0,0,33.0,0.0
497400,390.0,22.0,0.0,11.0,0.0,0.0,0.021197,0.0,0,33.0,0.0
498000,390.0,22.0,0.0,11.0,0.0,0.0,0.021197,0.0,0,33.0,0.0
498600,390.0,22.0,0.0,11.0,0.0,0.0,0.021197,0.0,0,33.0,0.0
499200,390.0,22.0,0.0,11.0,0.0,0.0,0.021197,0.0,0,33.0,0.0
499800,390.0,22.0,0.0,11.0,0.0,0.0,0.021197,0.0,0,33.0,0.0
500400,390.0,22.0,0.0,11.0,0.0,0.0,0.021197,0.0,0,33.0,0.0
501000,390.0,22.0,0.0,11.0,0.0,0.0,0.021197,0.0,0,33.0,0.0
501600,390.0,22.0,0.0,11.0,0.0,0.0,0.021197,0.0,0,33.0,0.0
502200,390.0,22.0,0.0,11.0,0.0,0.0,0.021197,0.0,0,33.0,-3.3333333333333144
502800,390.0,22.0,0.0,11.0,0.0,0.0,0.021197,0.0,0,33.0,-8.148148148148152
503400,390.0,22.0,0.0,11.0,0.0,0.0,0.021197,0.0,0,33.0,-9.629629629629619
504000,393.3333333333333,22.0,0.0,11.0,0.0,0.0,0.021197,0.0,0,33.0,-6.666666666666686
504600,398.14814814814815,22.0,0.0,11.0,0.0,0.0,0.021197,0.0,0,33.0,-1.8518518518518476
505200,399.6296296296296,22.0,0.0,11.0,0.0,0.0,0.021197,0.0,0,33.0,-0.3703703703703809
505800,400.0,22.0,0.0,11.0,0.0,0.0,0.021197,0.0,0,33.0,0.0
506400,400.0,22.0,0.0,11.0,0.0,0.0,0.021197,0.0,0,33.0,0.0
507000,400.0,22.0,0.0,11.0,0.0,0.0,0.021197,0.0,0,33.0,0.0
507600,400.0,22.0,0.0,11.0,0.0,0.0,0.021197,0.0,0,33.0,0.0
508200,400.0,22.0,0.0,11.0,0.0,0.0,0.021197,0.0,0,33.0,0.0
508800,400.0,22.0,0.0,11.0,0.0,0.0,0.021197,0.0,0,33.0,0.0
509400,400.0,22.0,0.0,11.0,0.0,0.0,0.021197,0.0,0,33.0,0.0
510000,400.0,22.0,0.0,11.0,0.0,0.0,0.021197,0.0,0,33.0,0.0
510600,400.0,22.0,0.0,11.0,0.0,0.0,0.021197,0.0,0,33.0,-2.2222222222222285
511200,400.0,22.0,0.0,11.0,0.0,0.0,0.021197,0.0,0,33.0,-5.769230769230774
511800,400.0,22.0,0.0,11.0,0.0,0.0,0.021197,0.0,0,33.0,-7.407407407407391
512400,402.22222222222223,22.0,0.0,11.0,0.0,0.0,0.021197,0.0,0,33.0,-6.666666666666686
513000,405.7692307692308,22.0,0.0,11.0,0.0,0.0,0.021197,0.0,0,33.0,-4.230769230769226
513600,407.4074074074074,22.0,0.0,11.0,0.0,0.0,0.021197,0.0,0,33.0,-2.5925925925926094
514200,408.8888888888889,22.0,0.0,11.0,0.0,0.0,0.021197,0.0,0,33.0,-1.1111111111110858
514800,410.0,22.0,0.0,11.0,0.0,0.0,0.021197,0.0,0,33.0,0.0
515400,410.0,22.0,0.0,11.0,0.0,0.0,0.021197,0.0,0,33.0,0.0
516000,410.0,22.0,0.0,11.0,0.0,0.0,0.021197,0.0,0,33.0,0.0
516600,410.0,22.0,0.0,11.0,0.0,0.0,0.021197,0.0,0,33.0,0.0
517200,410.0,22.0,0.0,11.0,0.0,0.0,0.021197,0.0,0,33.0,0.0
517800,410.0,22.0,0.0,11.0,0.0,0.0,0.021197,0.0,0,33.0,0.0
518400,410.0,22.0,0.0,11.0,0.0,0.0,0.021197,0.0,0,33.0,-0.3846153846153584
519000,410.0,22.0,0.0,11.0,0.0,0.0,0.021197,0.0,0,33.0,-0.3703703703703809
519600,410.0,22.0,0.0,11.0,0.0,0.0,0.021197,0.0,0,33.0,-1.1111111111110858
520200,410.38461538461536,22.0,0.0,11.0,0.0,0.0,0.021197,0.0,0,33.0,-3.319088319088337
520800,410.3703703703704,22.0,0.0,11.0,0.0,0.0,0.021197,0.0,0,33.0,-8.860398860398845
521400,411.1111111111111,22.0,0.0,11.0,0.0,0.0,0.021197,0.0,0,33.0,-7.777777777777828
522000,413.7037037037037,22.0,0.0,11.0,0.0,0.0,0.021197,0.0,0,33.0,-6.296296296296305
522600,419.2307692307692,22.0,0.0,11.0,0.0,0.0,0.021197,0.0,0,33.0,-0.7692307692307736
523200,418.8888888888889,22.0,0.0,11.0,0.0,0.0,0.021197,0.0,0,33.0,-1.1111111111110858
523800,420.0,22.0,0.0,11.0,0.0,0.0,0.021197,0.0,0,33.0,0.0
524400,420.0,22.0,0.0,11.0,0.0,0.0,0.021197,0.0,0,33.0,0.0
525000,420.0,22.0,0.0,11.0,0.0,0.0,0.021197,0.0,0,33.0,0.0
525600,420.0,22.0,0.0,11.0,0.0,0.0,0.021197,0.0,0,33.0,0.0
526200,420.0,22.0,0.0,11.0,0.0,0.0,0.021197,0.0,0,33.0,0.0
526800,420.0,22.0,0.0,11.0,0.0,0.0,0.021197,0.0,0,33.0,0.0
527400,420.0,22.0,0.0,11.0,0.0,0.0,0.021197,0.0,0,33.0,0.0
528000,420.0,22.0,0.0,11.0,0.0,0.0,0.021197,0.0,0,33.0,0.0
528600,420.0,22.0,0.0,11.0,0.0,0.0,0.021197,0.0,0,33.0,0.0
529200,420.0,22.0,0.0,11.0,0.0,0.0,0.021197,0.0,0,33.0,0.0
529800,420.0,22.0,0.0,11.0,0.0,0.0,0.021197,0.0,0,33.0,0.0
530400,420.0,22.0,0.0,11.0,0.0,0.0,0.021197,0.0,0,33.0,0.0
531000,420.0,22.0,0.0,11.0,0.0,0.0,0.021197,0.0,0,33.0,0.0
531600,420.0,22.0,0.0,11.0,0.0,0.0,0.021197,0.0,0,33.0,0.0
532200,420.0,22.0,0.0,11.0,0.0,0.0,0.021197,0.0,0,33.0,0.0
532800,420.0,22.0,0.0,11.0,0.0,0.0,0.021197,0.0,0,33.0,0.0
533400,420.0,22.0,0.0,11.0,0.0,0.0,0.021197,0.0,0,33.0,0.0
534000,420.0,22.0,0.0,11.0,0.0,0.0,0.021197,0.0,0,33.0,0.0
534600,420.0,22.0,0.0,11.0,0.0,0.0,0.021197,0.0,0,33.0,0.0
535200,420.0,22.0,0.0,11.0,0.0,0.0,0.021197,0.0,0,33.0,0.0
535800,420.0,22.0,0.0,11.0,0.0,0.0,0.021197,0.0,0,33.0,0.0
536400,420.0,22.0,0.0,11.0,0.0,0.0,0.021197,0.0,0,33.0,0.0
537000,420.0,22.0,0.0,11.0,0.0,0.0,0.021197,0.0,0,33.0,0.0
537600,420.0,22.0,0.0,11.0,0.0,0.0,0.021197,0.0,0,33.0,0.0
538200,420.0,22.0,0.0,11.0,0.0,0.0,0.021197,0.0,0,33.0,0.7407407407407618
538800,420.0,22.0,0.0,11.0,0.0,0.0,0.021197,0.0,0,33.0,6.296296296296305
539400,420.0,22.0,0.0,11.0,0.0,0.0,0.021197,0.0,0,33.0,7.407407407407391
540000,419.25925925925924,22.0,0.0,11.0,0.0,0.0,0.021197,0.0,0,33.0,9.259259259259238
540600,413.7037037037037,22.0,0.0,11.0,0.0,0.0,0.008608,0.0,0,33.0,3.7037037037036953
541200,412.5925925925926,22.0,0.0,11.0,0.0,0.0,0.008608,0.0,0,33.0,2.5925925925926094
541800,410.0,22.0,0.0,11.0,0.0,0.0,0.008608,0.0,0,33.0,0.0
542400,410.0,22.0,0.0,11.0,0.0,0.0,0.064718,0.0,0,33.0,0.0
543000,410.0,22.0,0.0,11.0,0.0,0.0,0.064718,0.0,0,33.0,0.3703703703703809
543600,410.0,22.0,0.0,11.0,0.0,0.0,0.064718,0.0,0,33.0,0.0
544200,410.0,22.0,0.0,11.0,0.0,0.0,0.06609,0.0,0,33.0,3.3333333333333144
544800,409.6296296296296,22.0,0.0,11.0,0.0,0.0,0.06609,0.0,0,33.0,8.091168091168072
545400,410.0,22.0,0.0,11.0,0.0,0.0,0.06609,0.0,0,33.0,10.0
546000,406.6666666666667,22.0,0.0,11.0,0.0,0.0,0.051218,0.0,0,33.0,6.666666666666686
546600,401.53846153846155,22.0,0.0,11.0,0.0,0.0,0.051218,0.0,0,33.0,1.5384615384615472
547200,400.0,22.0,0.0,11.0,0.0,0.0,0.051218,0.0,0,33.0,0.0
547800,400.0,22.0,0.0,11.0,0.0,0.0,0.005501,0.0,0,33.0,0.0
548400,400.0,22.0,0.0,11.0,0.0,0.0,0.005501,0.0,0,33.0,0.0
549000,400.0,22.0,0.0,11.0,0.0,0.0,0.005501,0.0,0,33.0,0.0
549600,400.0,22.0,0.0,11.0,0.0,0.0,0.00618,0.0,0,33.0,0.3846153846153584
550200,400.0,22.0,0.0,11.0,0.0,0.0,0.00618,0.0,0,33.0,0.3703703703703809
550800,400.0,22.0,0.0,11.0,0.0,0.0,0.00618,0.0,0,33.0,0.3703703703703809
551400,399.61538461538464,22.0,0.0,11.0,0.0,0.0,0.005239,0.0,0,33.0,5.1709401709401845
552000,399.6296296296296,22.0,0.0,11.0,0.0,0.0,0.005239,0.0,0,33.0,9.24501424501426
552600,399.6296296296296,22.0,0.0,11.0,0.0,0.0,0.005239,0.0,0,33.0,9.629629629629619
553200,394.44444444444446,22.0,0.0,11.0,0.0,0.0,0.00602,0.0,0,33.0,4.444444444444457
553800,390.38461538461536,22.0,0.0,11.0,0.0,0.0,0.00602,0.0,0,33.0,0.3846153846153584
554400,390.0,22.0,0.0,11.0,0.0,0.0,0.00602,0.0,0,33.0,0.0
555000,390.0,22.0,0.0,11.0,0.0,0.0,0.005204,0.0,0,33.0,0.0
555600,390.0,22.0,0.0,11.0,0.0,0.0,0.005204,0.0,0,33.0,0.0
556200,390.0,22.0,0.0,11.0,0.0,0.0,0.005204,0.0,0,33.0,0.0
556800,390.0,22.0,0.0,11.0,0.0,0.0,0.0053,0.0,0,33.0,0.0
557400,390.0,22.0,0.0,11.0,0.0,0.0,0.0053,0.0,0,33.0,0.0
558000,390.0,22.0,0.0,11.0,0.0,0.0,0.0053,0.0,0,33.0,0.0
558600,390.0,22.0,0.0,11.0,0.0,0.0,0.004747,0.0,0,33.0,0.0
559200,390.0,22.0,0.0,11.0,0.0,0.0,0.004747,0.0,0,33.0,0.0
559800,390.0,22.0,0.0,11.0,0.0,0.0,0.004747,0.0,0,33.0,0.0
560400,390.0,22.0,0.0,11.0,0.0,0.0,0.004623,0.0,0,33.0,0.0
561000,390.0,22.0,0.0,11.0,0.0,0.0,0.004623,0.0,0,33.0,0.0
561600,390.0,22.0,0.0,11.0,0.0,0.0,0.004623,0.0,0,33.0,0.0
562200,390.0,22.0,0.0,11.0,0.0,0.0,0.004526,0.0,0,33.0,0.0
562800,390.0,22.0,0.0,11.0,0.0,0.0,0.004526,0.0,0,33.0,0.0
563400,390.0,22.0,0.0,11.0,0.0,0.0,0.004526,0.0,0,33.0,0.0
564000,390.0,22.0,0.0,11.0,0.0,0.0,0.004526,0.0,0,33.0,0.0
564600,390.0,22.0,0.0,11.0,0.0,0.0,0.004436,0.0,0,33.0,0.0
565200,390.0,22.0,0.0,11.0,0.0,0.0,0.004436,0.0,0,33.0,0.0
565800,390.0,22.0,0.0,11.0,0.0,0.0,0.004436,0.0,0,33.0,0.0
566400,390.0,22.0,0.0,11.0,0.0,0.0,0.004456,0.0,0,33.0,0.0
567000,390.0,22.0,0.0,11.0,0.0,0.0,0.004456,0.0,0,33.0,0.0
567600,390.0,22.0,0.0,11.0,0.0,0.0,0.004456,0.0,0,33.0,0.0
568200,390.0,22.0,0.0,11.0,0.0,0.0,0.004552,0.0,0,33.0,0.0
568800,390.0,22.0,0.0,11.0,0.0,0.0,0.004552,0.0,0,33.0,0.0
569400,390.0,22.0,0.0,11.0,0.0,0.0,0.004552,0.0,0,33.0,0.0
570000,390.0,22.0,0.0,11.0,0.0,0.0,0.004515,0.0,0,33.0,0.0
570600,390.0,22.0,0.0,11.0,0.0,0.0,0.004515,0.0,0,33.0,0.0
571200,390.0,22.0,0.0,11.0,0.0,0.0,0.004515,0.0,0,33.0,0.0
571800,390.0,22.0,0.0,11.0,0.0,0.0,0.004428,0.0,0,33.0,0.0
572400,390.0,22.0,0.0,11.0,0.0,0.0,0.004428,0.0,0,33.0,0.0
573000,390.0,22.0,0.0,11.0,0.0,0.0,0.004428,0.0,0,33.0,0.0
573600,390.0,22.0,0.0,11.0,0.0,0.0,0.004637,0.0,0,33.0,0.0
574200,390.0,22.0,0.0,11.0,0.0,0.0,0.004637,0.0,0,33.0,0.0
574800,390.0,22.0,0.0,11.0,0.0,0.0,0.004637,0.0,0,33.0,0.0
575400,390.0,22.0,0.0,11.0,0.0,0.0,0.004749,0.0,0,33.0,0.0
576000,390.0,22.0,0.0,11.0,0.0,0.0,0.004749,0.0,0,33.0,0.0
576600,390.0,22.0,0.0,11.0,0.0,0.0,0.004749,0.0,0,33.0,0.0
577200,390.0,22.0,0.0,11.0,0.0,0.0,0.005371,0.0,0,33.0,0.0
577800,390.0,22.0,0.0,11.0,0.0,0.0,0.005371,0.0,0,33.0,0.0
578400,390.0,22.0,0.0,11.0,0.0,0.0,0.005371,0.0,0,33.0,0.0
579000,390.0,22.0,0.0,11.0,0.0,0.0,0.005465,0.0,0,33.0,0.0
579600,390.0,22.0,0.0,11.0,0.0,0.0,0.005465,0.0,0,33.0,0.0
580200,390.0,22.0,0.0,11.0,0.0,0.0,0.005465,0.0,0,33.0,0.0
580800,390.0,22.0,0.0,11.0,0.0,0.0,0.006676,0.0,0,33.0,0.0
581400,390.0,22.0,0.0,11.0,0.0,0.0,0.006676,0.0,0,33.0,0.0
582000,390.0,22.0,0.0,11.0,0.0,0.0,0.006676,0.0,0,33.0,0.0
582600,390.0,22.0,0.0,11.0,0.0,0.0,0.022956,0.0,0,33.0,0.0
583200,390.0,22.0,0.0,11.0,0.0,0.0,0.022956,0.0,0,33.0,0.0
583800,390.0,22.0,0.0,11.0,0.0,0.0,0.022956,0.0,0,33.0,0.0
584400,390.0,22.0,0.0,11.0,0.0,0.0,0.007309,0.0,0,33.0,0.0
585000,390.0,22.0,0.0,11.0,0.0,0.0,0.007309,0.0,0,33.0,-0.7692307692307736
585600,390.0,22.0,0.0,11.0,0.0,0.0,0.007309,0.0,0,33.0,-7.7777777777777715
586200,390.0,22.0,0.0,11.0,0.0,0.0,0.007084,0.0,0,33.0,-9.629629629629619
586800,390.7692307692308,22.0,0.0,11.0,0.0,0.0,0.007084,0.0,0,33.0,-9.230769230769226
587400,397.77777777777777,22.0,0.0,11.0,0.0,0.0,0.007084,0.0,0,33.0,-2.2222222222222285
588000,399.6296296296296,22.0,0.0,11.0,0.0,0.0,0.007421,0.0,0,33.0,-0.3703703703703809
588600,400.0,22.0,0.0,11.0,0.0,0.0,0.007421,0.0,0,33.0,0.0
589200,400.0,22.0,0.0,11.0,0.0,0.0,0.007421,0.0,0,33.0,0.0
589800,400.0,22.0,0.0,11.0,0.0,0.0,0.007049,0.0,0,33.0,0.0
590400,400.0,22.0,0.0,11.0,0.0,0.0,0.007049,0.0,0,33.0,0.0
591000,400.0,22.0,0.0,11.0,0.0,0.0,0.007049,0.0,0,33.0,0.0
591600,400.0,22.0,0.0,11.0,0.0,0.0,0.007789,0.0,0,33.0,0.0
592200,400.0,22.0,0.0,11.0,0.0,0.0,0.007789,0.0,0,33.0,0.0
592800,400.0,22.0,0.0,11.0,0.0,0.0,0.007789,0.0,0,33.0,0.0
593400,400.0,22.0,0.0,11.0,0.0,0.0,0.008007,0.0,0,33.0,-4.814814814814838
594000,400.0,22.0,0.0,11.0,0.0,0.0,0.008007,0.0,0,33.0,-7.7777777777777715
594600,400.0,22.0,0.0,11.0,0.0,0.0,0.008007,0.0,0,33.0,-10.0
595200,404.81481481481484,22.0,0.0,11.0,0.0,0.0,0.009472,0.0,0,33.0,-5.185185185185162
595800,407.77777777777777,22.0,0.0,11.0,0.0,0.0,0.009472,0.0,0,33.0,-2.2222222222222285
596400,410.0,22.0,0.0,11.0,0.0,0.0,0.009472,0.0,0,33.0,0.0
597000,410.0,22.0,0.0,11.0,0.0,0.0,0.009052,0.0,0,33.0,0.0
597600,410.0,22.0,0.0,11.0,0.0,0.0,0.009052,0.0,0,33.0,0.0
598200,410.0,22.0,0.0,11.0,0.0,0.0,0.009052,0.0,0,33.0,-1.1111111111110858
598800,410.0,22.0,0.0,11.0,0.0,0.0,0.007952,0.0,0,33.0,-4.814814814814838
599400,410.0,22.0,0.0,11.0,0.0,0.0,0.007952,0.0,0,33.0,-7.692307692307679
600000,411.1111111111111,22.0,0.0,11.0,0.0,0.0,0.007952,0.0,0,33.0,-8.888888888888914
600600,414.81481481481484,22.0,0.0,11.0,0.0,0.0,0.008304,0.0,0,33.0,-5.185185185185162
601200,417.6923076923077,22.0,0.0,11.0,0.0,0.0,0.008304,0.0,0,33.0,-1.93732193732194
601800,420.0,22.0,0.0,11.0,0.0,0.0,0.008304,0.0,0,33.0,6.538461538461547
602400,420.0,22.0,0.0,11.0,0.0,0.0,0.009227,0.0,0,33.0,9.629629629629619
603000,419.6296296296296,22.0,0.0,11.0,0.0,0.0,0.009227,0.0,0,33.0,9.629629629629619
603600,413.46153846153845,22.0,0.0,11.0,0.0,0.0,0.009227,0.0,0,33.0,3.461538461538453
604200,410.3703703703704,22.0,0.0,11.0,0.0,0.0,0.00893,0.0,0,33.0,0.3703703703703809
604800,410.0,22.0,0.0,11.0,0.0,0.0,0.00893,2.0,0,33.0,0.0
605400,410.0,22.0,0.0,11.0,0.0,0.0,0.00893,0.0,0,33.0,0.0
606000,410.0,22.0,0.0,11.0,0.0,0.0,0.015829,0.0,0,33.0,0.0
606600,410.0,22.0,0.0,11.0,0.0,0.0,0.015829,0.0,0,33.0,0.0
607200,410.0,22.0,0.0,11.0,0.0,0.0,0.015829,0.0,0,33.0,-0.7407407407407618
607800,410.0,22.0,0.0,11.0,0.0,0.0,0.009306,0.0,0,33.0,-5.185185185185162
608400,410.0,22.0,0.0,11.0,0.0,0.0,0.009306,0.0,0,33.0,-9.629629629629619
609000,410.74074074074076,22.0,0.0,11.0,0.0,0.0,0.009306,2.0,0,33.0,-9.259259259259238
609600,415.18518518518516,22.0,0.0,11.0,0.0,0.0,0.016638,5.0,0,33.0,-4.814814814814838
610200,419.6296296296296,22.0,0.0,11.0,0.0,0.0,0.016638,4.0,0,33.0,-10.0
610800,420.0,22.0,0.0,11.0,0.0,0.0,0.016638,5.0,0,33.0,-10.0
611400,420.0,22.0,0.0,11.0,0.0,0.0,0.037365,5.0,0,33.0,-31.538461538461547
612000,429.6296296296296,22.0,0.0,11.0,0.0,0.0,0.037365,5.0,0,33.0,-40.37037037037038
612600,430.0,22.0,0.0,11.0,0.0,0.0,0.037365,4.0,0,33.0,-40.0
613200,451.53846153846155,22.0,0.0,11.0,0.0,0.0,0.040501,5.0,0,33.0,-17.350427350427367
613800,470.0,22.0,0.0,11.0,0.0,0.0,0.040501,1.0,0,33.0,7.692307692307679
614400,470.0,22.0,0.0,11.0,0.0,0.0,0.040501,2.0,0,33.0,9.629629629629619
615000,468.8888888888889,22.0,0.0,11.0,0.0,0.0,0.021996,4.0,0,33.0,2.2222222222222285
615600,462.3076923076923,22.0,0.0,11.0,0.0,0.0,0.021996,5.0,0,33.0,-19.544159544159527
616200,460.3703703703704,22.0,0.0,11.0,0.0,0.0,0.021996,5.0,0,33.0,-77.70655270655271
616800,466.6666666666667,22.0,0.0,11.0,0.0,0.0,0.008813,5.0,0,33.0,-151.48148148148147
617400,481.85185185185185,22.0,0.0,11.0,0.0,1.0,0.008813,5.0,0,33.0,-189.62962962962968
618000,538.0769230769231,22.0,0.0,11.0,0.0,1.0,0.008813,5.0,1,33.0,-180.81196581196582
618600,618.1481481481482,22.0,0.0,11.0,0.0,1.0,0.010236,5.0,1,33.0,-154.1595441595441
619200,671.4814814814815,22.0,0.0,11.0,0.0,1.0,0.010236,5.0,1,33.0,-155.55555555555554
619800,718.8888888888889,82.0,0.0,11.0,0.0,1.0,0.010236,5.0,1,93.0,-169.62962962962956
620400,772.3076923076923,86.0,0.0,11.0,0.0,1.0,0.012729,4.0,1,97.0,-156.2108262108262
621000,827.0370370370371,91.0,0.0,11.0,0.0,1.0,0.012729,5.0,1,102.0,-94.50142450142448
621600,888.5185185185185,80.0,0.0,11.0,0.0,1.0,0.012729,4.0,1,91.0,-93.33333333333337
622200,928.5185185185185,39.0,0.0,11.0,0.0,0.0,0.056328,5.0,1,50.0,-152.22222222222217
622800,921.5384615384615,38.0,0.0,11.0,0.0,0.0,0.056328,5.0,0,49.0,-336.98005698005693
623400,981.8518518518518,39.0,0.0,11.0,0.0,0.0,0.056328,5.0,1,50.0,-378.14814814814815
624000,1080.7407407407406,80.0,0.0,33.0,0.0,0.0,0.139197,5.0,1,113.0,-327.7777777777778
624600,1258.5185185185185,83.0,0.0,26.0,0.0,0.0,0.139197,5.0,2,109.0,-268.5185185185185
625200,1360.0,74.0,0.0,108.0,0.0,0.0,0.139197,5.0,2,182.0,-199.25925925925935
625800,1408.5185185185185,73.0,0.0,96.0,0.0,1.0,0.044369,5.0,2,169.0,-126.48148148148152
626400,1527.037037037037,73.0,0.0,94.0,0.0,1.0,0.044369,4.0,2,167.0,-57.40740740740739
627000,1559.2592592592594,93.0,0.0,102.0,0.0,1.0,0.044369,5.0,2,195.0,-85.55555555555543
627600,1535.0,81.0,0.0,100.0,0.0,0.0,0.026196,5.0,2,181.0,-223.14814814814804
628200,1584.4444444444443,99.0,0.0,93.0,9.0,0.0,0.026196,5.0,2,201.0,-182.0940170940171
628800,1644.8148148148148,98.0,0.0,95.0,10.0,0.0,0.026196,3.0,2,203.0,-91.85185185185196
629400,1758.148148148148,74.0,0.0,108.0,10.0,0.0,0.008506,4.0,2,192.0,64.0740740740739
630000,1766.5384615384614,65.0,0.0,102.0,10.0,0.0,0.008506,5.0,2,177.0,12.4643874643873
630600,1736.6666666666667,44.0,0.0,90.0,10.0,0.0,0.008506,5.0,1,144.0,-19.487179487179446
631200,1694.0740740740741,44.0,0.0,96.0,10.0,0.0,0.04887,5.0,2,150.0,-80.37037037037021
631800,1754.0740740740741,52.0,0.0,103.0,10.0,0.0,0.04887,4.0,2,165.0,-3.7037037037036953
632400,1756.1538461538462,43.0,0.0,99.0,10.0,0.0,0.04887,5.0,2,152.0,-9.772079772079678
633000,1774.4444444444443,47.0,0.0,105.0,10.0,0.0,0.006975,0.0,2,162.0,36.75213675213672
633600,1757.7777777777778,43.0,0.0,93.0,10.0,0.0,0.006975,0.0,2,146.0,49.25925925925935
634200,1765.9259259259259,41.0,0.0,99.0,10.0,0.0,0.006975,0.0,2,150.0,43.703703703703695
634800,1737.6923076923076,35.0,0.0,91.0,10.0,0.0,0.007227,0.0,2,136.0,54.729344729344575
635400,1708.5185185185185,47.0,0.0,101.0,0.0,0.0,0.007227,0.0,2,148.0,196.98005698005704
636000,1722.2222222222222,34.0,0.0,91.0,0.0,0.0,0.007227,0.0,2,125.0,310.3703703703702
636600,1682.962962962963,37.0,0.0,92.0,0.0,0.0,0.007094,0.0,1,129.0,309.25925925925935
637200,1511.5384615384614,24.0,0.0,25.0,0.0,0.0,0.007094,0.0,1,49.0,161.168091168091
637800,1411.851851851852,23.0,0.0,25.0,0.0,0.0,0.007094,0.0,1,48.0,-13.917378917378755
638400,1373.7037037037037,23.0,0.0,118.0,0.0,1.0,0.005382,0.0,3,141.0,-123.7037037037037
639000,1350.3703703703704,24.0,0.0,101.0,0.0,0.0,0.005382,0.0,3,125.0,0.0
639600,1425.7692307692307,23.0,0.0,98.0,0.0,0.0,0.005382,0.0,3,121.0,0.0
640200,1497.4074074074074,102.0,0.0,107.0,0.0,0.0,0.00609,0.0,3,209.0,0.0
