time,co2,power1,power3,power4,power2,Temperature_CO2,Humidity_CO2,Contact_porte,Temperature_1,Humidity_1,COV,Temperature_12,Humidity_12,labels
0,390.0,22.0,11.0,0.0,0.0,17.2,30.0,0.0,18.08,34.4,24.0,17.28,38.0,0
600,390.0,22.0,11.0,0.0,0.0,17.2,30.0,0.0,18.08,34.4,25.0,17.28,38.0,0
1200,390.0,22.0,11.0,0.0,0.0,17.4,30.0,0.0,18.24,34.0,25.0,17.12,38.0,0
1800,390.0,22.0,11.0,0.0,0.0,17.4,30.0,0.0,18.24,34.0,25.0,17.12,38.0,0
2400,390.0,22.0,11.0,0.0,0.0,17.6,30.0,0.0,18.4,34.0,25.0,17.12,38.0,0
3000,390.0,22.0,11.0,0.0,0.0,17.6,30.0,0.0,18.4,34.0,25.0,17.12,38.0,0
3600,390.0,22.0,11.0,0.0,0.0,17.6,30.0,0.0,18.4,34.0,25.0,17.28,38.4,0
4200,390.0,22.0,11.0,0.0,0.0,17.6,30.0,0.0,18.56,33.6,25.0,17.12,38.8,0
4800,390.0,22.0,11.0,0.0,0.0,17.6,30.0,0.0,18.56,33.6,25.0,17.12,38.8,0
5400,390.0,22.0,11.0,0.0,0.0,17.8,30.0,0.0,18.72,33.6,25.0,17.12,38.8,0
6000,390.0,22.0,11.0,0.0,0.0,17.8,30.0,0.0,18.72,33.6,26.0,17.12,38.8,0
6600,390.0,22.0,11.0,0.0,0.0,17.8,30.0,0.0,18.72,33.2,26.0,17.12,38.8,0
7200,390.0,22.0,11.0,0.0,0.0,17.8,30.0,0.0,18.72,33.2,26.0,17.28,38.8,0
7800,390.0,22.0,11.0,0.0,0.0,17.8,30.0,1.0,18.88,34.4,26.0,17.28,38.8,0
8400,410.0,22.0,11.0,0.0,0.0,17.8,33.0,0.0,18.88,34.4,33.0,17.6,40.8,0
9000,410.0,22.0,11.0,0.0,0.0,18.0,31.0,0.0,19.04,34.8,31.0,17.6,40.8,0
9600,410.0,22.0,11.0,0.0,0.0,18.0,31.0,0.0,19.2,34.4,31.0,17.6,40.8,0
10200,410.0,22.0,11.0,0.0,0.0,18.0,31.0,0.0,19.2,34.4,31.0,17.44,40.0,0
10800,410.0,22.0,11.0,0.0,0.0,18.0,31.0,1.0,19.2,34.4,31.0,17.44,40.0,0
11400,450.0,22.0,11.0,0.0,0.0,18.0,31.0,0.0,19.52,35.6,31.0,17.6,40.0,1
12000,510.0,22.0,11.0,0.0,0.0,18.2,32.0,1.0,19.68,35.6,33.0,17.76,42.0,1
12600,520.0,22.0,11.0,0.0,0.0,18.0,31.0,1.0,19.68,36.0,30.0,17.76,42.0,1
13200,580.0,22.0,11.0,0.0,0.0,18.2,33.0,1.0,19.68,36.0,33.0,17.6,40.8,1
13800,630.0,22.0,11.0,0.0,0.0,18.4,33.0,1.0,19.68,36.0,35.0,17.6,40.8,1
14400,680.0,22.0,11.0,0.0,0.0,18.4,33.0,0.0,19.84,36.4,35.0,17.6,40.8,1
15000,730.0,22.0,11.0,0.0,0.0,18.6,33.0,1.0,19.84,36.4,36.0,17.76,42.8,1
15600,690.0,22.0,11.0,0.0,0.0,18.4,32.0,1.0,20.0,35.6,30.0,17.76,42.8,1
16200,740.0,22.0,11.0,0.0,0.0,18.4,33.0,0.0,20.16,35.6,32.0,17.6,41.2,1
16800,780.0,22.0,11.0,100.0,0.0,18.6,33.0,0.0,20.32,36.0,32.0,17.6,41.2,1
17400,840.0,22.0,11.0,100.0,0.0,18.8,33.0,0.0,20.32,36.0,33.0,17.92,41.2,1
18000,860.0,22.0,11.0,100.0,0.0,18.8,33.0,0.0,20.32,36.4,33.0,17.92,41.2,1
18600,910.0,22.0,11.0,100.0,0.0,18.8,33.0,0.0,20.48,37.2,34.0,17.92,41.2,1
19200,940.0,22.0,11.0,100.0,64.0,19.0,33.0,0.0,20.48,37.2,34.0,18.08,42.4,1
19800,1080.0,27.0,127.0,90.0,68.0,19.0,34.0,0.0,20.64,38.4,35.0,18.08,42.4,2
20400,1260.0,92.0,134.0,72.0,66.0,19.2,35.0,1.0,20.64,38.8,38.0,18.56,40.8,3
21000,1410.0,90.0,126.0,59.0,66.0,19.4,35.0,1.0,20.64,38.8,41.0,18.56,40.8,2
21600,1520.0,88.0,128.0,58.0,50.0,19.6,36.0,0.0,20.64,40.0,42.0,18.72,43.6,2
22200,1610.0,79.0,109.0,51.0,59.0,19.6,36.0,0.0,20.64,40.0,43.0,18.72,41.6,2
22800,1660.0,73.0,39.0,47.0,60.0,19.8,36.0,0.0,20.8,40.8,45.0,18.88,41.6,2
23400,1770.0,33.0,65.0,35.0,54.0,19.6,36.0,0.0,20.8,40.8,46.0,18.88,44.8,2
24000,1690.0,90.0,61.0,35.0,46.0,19.6,36.0,0.0,20.96,40.8,44.0,18.88,44.8,2
24600,1760.0,82.0,40.0,29.0,44.0,19.8,37.0,0.0,20.96,40.8,44.0,18.88,42.4,3
25200,1870.0,94.0,111.0,0.0,40.0,20.0,37.0,0.0,20.96,41.6,45.0,19.04,44.8,3
25800,2040.0,76.0,105.0,0.0,40.0,19.8,36.0,0.0,21.12,42.0,46.0,19.04,42.4,2
26400,2200.0,87.0,102.0,0.0,43.0,19.8,37.0,0.0,21.12,42.0,47.0,19.04,42.4,2
27000,2260.0,89.0,106.0,0.0,43.0,20.0,37.0,0.0,21.12,42.4,48.0,19.2,41.2,2
27600,2380.0,84.0,110.0,0.0,36.0,20.0,37.0,0.0,21.12,42.4,49.0,19.2,41.2,2
28200,2460.0,74.0,97.0,0.0,36.0,20.2,37.0,0.0,20.96,43.6,49.0,19.36,40.8,2
28800,2550.0,87.0,92.0,0.0,35.0,20.0,37.0,0.0,20.96,43.6,50.0,19.36,40.8,3
29400,2550.0,37.0,104.0,0.0,39.0,20.2,37.0,0.0,20.96,43.6,50.0,19.52,40.8,3
30000,2550.0,40.0,21.0,0.0,17.0,20.2,38.0,0.0,20.8,43.6,51.0,19.52,40.8,3
30600,2550.0,35.0,20.0,19.0,16.0,20.2,37.0,0.0,20.8,43.6,52.0,19.52,40.4,1
31200,2550.0,34.0,20.0,57.0,16.0,20.2,37.0,0.0,20.64,43.6,53.0,19.52,40.4,1
31800,2550.0,24.0,21.0,60.0,17.0,20.0,37.0,0.0,20.48,43.2,52.0,19.52,40.4,1
32400,2550.0,24.0,20.0,53.0,16.0,20.0,37.0,0.0,20.48,43.2,52.0,19.52,40.4,1
33000,2550.0,24.0,20.0,36.0,16.0,20.0,37.0,1.0,20.48,43.2,51.0,19.52,40.4,1
33600,2550.0,81.0,22.0,37.0,16.0,20.0,36.0,0.0,20.48,43.2,50.0,19.52,40.4,1
34200,2540.0,75.0,23.0,31.0,17.0,19.8,36.0,0.0,20.48,43.2,51.0,19.52,40.4,1
34800,2520.0,83.0,20.0,32.0,16.0,19.8,36.0,0.0,20.48,43.6,55.0,19.52,40.4,1
35400,2540.0,102.0,20.0,32.0,30.0,19.8,37.0,0.0,20.32,43.6,59.0,19.68,39.2,1
36000,2550.0,90.0,20.0,31.0,31.0,20.0,37.0,0.0,20.48,44.0,63.0,19.68,39.2,2
36600,2550.0,76.0,31.0,40.0,26.0,20.0,37.0,0.0,20.48,44.0,63.0,19.68,40.4,2
37200,2550.0,76.0,33.0,22.0,17.0,20.0,37.0,0.0,20.32,44.8,72.0,19.68,44.8,3
37800,2550.0,75.0,36.0,28.0,17.0,20.2,37.0,0.0,20.48,45.2,87.0,19.68,42.0,2
38400,2550.0,75.0,25.0,25.0,17.0,20.2,37.0,0.0,20.48,45.2,93.0,19.68,42.0,2
39000,2550.0,77.0,24.0,25.0,16.0,20.0,38.0,0.0,20.32,45.2,96.0,19.68,42.0,1
39600,2550.0,82.0,34.0,30.0,16.0,20.0,38.0,0.0,20.32,45.2,88.0,19.68,42.0,1
40200,2550.0,79.0,35.0,25.0,16.0,20.2,37.0,0.0,20.16,45.2,88.0,19.84,42.8,2
40800,2550.0,76.0,26.0,37.0,16.0,20.2,37.0,0.0,20.16,45.2,92.0,19.84,42.8,2
41400,2550.0,73.0,28.0,35.0,16.0,20.2,37.0,0.0,20.0,44.8,93.0,19.68,43.2,2
42000,2550.0,73.0,11.0,19.0,16.0,20.2,38.0,0.0,20.0,44.8,95.0,19.68,43.2,2
42600,2550.0,74.0,11.0,15.0,17.0,20.0,37.0,0.0,20.0,44.0,91.0,19.68,44.0,1
43200,2550.0,71.0,11.0,24.0,16.0,20.0,37.0,0.0,20.0,43.6,86.0,19.68,44.0,1
43800,2550.0,75.0,11.0,30.0,16.0,20.0,37.0,0.0,20.0,43.6,82.0,19.68,47.2,1
44400,2520.0,73.0,11.0,25.0,16.0,20.0,36.0,0.0,20.0,43.6,79.0,19.68,45.2,1
45000,2480.0,34.0,11.0,22.0,16.0,20.0,36.0,0.0,20.0,43.2,76.0,19.68,43.6,1
45600,2420.0,74.0,11.0,34.0,16.0,19.8,36.0,0.0,20.0,43.2,74.0,19.68,43.6,1
46200,2420.0,74.0,11.0,22.0,49.0,19.8,36.0,0.0,19.84,43.6,72.0,19.68,44.0,1
46800,2420.0,84.0,11.0,20.0,25.0,20.0,36.0,0.0,19.84,43.6,70.0,19.68,44.0,1
47400,2550.0,73.0,11.0,29.0,25.0,20.0,37.0,0.0,20.0,44.4,71.0,19.52,45.2,3
48000,2550.0,73.0,11.0,28.0,29.0,20.0,36.0,0.0,20.16,44.4,69.0,19.52,46.0,2
48600,2550.0,72.0,11.0,0.0,54.0,20.0,37.0,0.0,20.0,44.4,68.0,19.52,46.0,2
49200,2550.0,74.0,11.0,0.0,28.0,19.8,37.0,0.0,20.0,44.4,68.0,19.52,47.6,1
49800,2550.0,79.0,11.0,0.0,28.0,20.0,37.0,0.0,20.0,44.8,67.0,19.52,45.6,2
50400,2550.0,78.0,11.0,0.0,25.0,20.0,37.0,0.0,19.84,45.2,68.0,19.52,44.8,1
51000,2550.0,74.0,11.0,0.0,26.0,20.0,37.0,0.0,19.84,45.2,66.0,19.52,45.2,0
51600,2550.0,73.0,11.0,0.0,51.0,19.8,37.0,0.0,19.84,44.4,63.0,19.52,45.2,0
52200,2550.0,22.0,11.0,0.0,56.0,19.8,37.0,0.0,19.84,44.4,62.0,19.36,43.6,0
52800,2550.0,22.0,11.0,0.0,49.0,19.8,37.0,0.0,19.68,44.4,61.0,19.36,43.6,0
53400,2550.0,22.0,11.0,0.0,53.0,19.8,37.0,0.0,19.68,44.4,60.0,19.36,42.8,0
54000,2550.0,22.0,11.0,0.0,52.0,19.8,37.0,0.0,19.52,44.8,60.0,19.36,42.8,0
54600,2550.0,22.0,11.0,0.0,48.0,19.6,37.0,0.0,19.52,44.8,59.0,19.36,42.0,0
55200,2550.0,22.0,11.0,0.0,51.0,19.8,37.0,0.0,19.84,44.8,59.0,19.52,41.2,0
55800,2550.0,22.0,11.0,0.0,52.0,19.6,37.0,0.0,19.84,44.8,58.0,19.52,41.2,0
56400,2550.0,22.0,11.0,0.0,0.0,19.6,37.0,0.0,19.52,43.6,57.0,19.52,41.2,0
57000,2550.0,22.0,11.0,0.0,0.0,19.6,37.0,0.0,19.52,43.6,56.0,19.52,43.2,0
57600,2540.0,22.0,11.0,0.0,0.0,19.6,36.0,0.0,19.52,43.6,53.0,19.52,41.2,0
58200,2360.0,22.0,11.0,0.0,0.0,19.4,36.0,0.0,19.2,43.2,50.0,19.52,40.0,0
58800,2200.0,22.0,11.0,0.0,0.0,19.4,35.0,0.0,19.2,43.2,48.0,19.52,39.6,0
59400,2120.0,22.0,11.0,0.0,0.0,19.4,35.0,0.0,18.88,42.4,48.0,19.52,39.6,0
60000,2060.0,22.0,11.0,0.0,0.0,19.2,35.0,0.0,18.88,42.4,47.0,19.52,39.2,0
60600,1990.0,22.0,11.0,0.0,0.0,19.2,35.0,0.0,18.72,42.4,46.0,19.52,39.2,0
61200,1900.0,22.0,11.0,0.0,0.0,19.2,35.0,0.0,18.72,42.4,45.0,19.52,38.8,0
61800,1860.0,22.0,11.0,0.0,0.0,19.2,34.0,0.0,18.56,42.0,44.0,19.52,38.4,0
62400,1790.0,22.0,11.0,0.0,0.0,19.0,34.0,0.0,18.4,42.0,43.0,19.52,38.4,0
63000,1740.0,22.0,11.0,0.0,0.0,19.0,34.0,0.0,18.4,42.0,43.0,19.36,38.0,0
63600,1660.0,22.0,11.0,0.0,0.0,19.0,34.0,0.0,18.56,42.0,43.0,19.36,38.0,0
64200,1630.0,22.0,11.0,0.0,0.0,19.0,34.0,0.0,18.56,42.0,41.0,19.36,38.0,0
64800,1590.0,22.0,11.0,0.0,0.0,19.0,34.0,0.0,18.4,41.6,41.0,19.36,38.0,0
65400,1510.0,22.0,11.0,0.0,0.0,19.0,34.0,0.0,18.4,41.6,41.0,19.36,38.0,0
66000,1480.0,22.0,11.0,0.0,0.0,19.0,34.0,0.0,18.4,41.6,40.0,19.36,38.0,0
66600,1440.0,22.0,11.0,0.0,0.0,18.8,33.0,0.0,18.4,41.6,40.0,19.36,37.6,0
67200,1410.0,22.0,11.0,0.0,0.0,18.8,33.0,0.0,18.24,41.2,40.0,19.2,37.6,0
67800,1400.0,22.0,11.0,0.0,0.0,18.8,33.0,0.0,18.4,40.8,40.0,19.2,37.6,0
68400,1340.0,22.0,11.0,0.0,0.0,18.8,33.0,0.0,18.4,40.8,39.0,19.36,37.2,0
69000,1320.0,22.0,11.0,0.0,0.0,18.8,33.0,0.0,18.24,40.4,38.0,19.36,37.2,0
69600,1260.0,22.0,11.0,0.0,0.0,18.8,33.0,0.0,18.24,40.4,38.0,19.36,37.2,0
70200,1250.0,22.0,11.0,0.0,0.0,18.6,33.0,0.0,18.24,40.4,38.0,19.36,36.8,0
70800,1230.0,22.0,11.0,0.0,0.0,18.8,33.0,0.0,18.24,40.4,38.0,19.36,36.8,0
71400,1190.0,22.0,11.0,0.0,0.0,18.8,33.0,0.0,18.24,40.4,38.0,19.36,36.8,0
72000,1160.0,22.0,11.0,0.0,0.0,18.6,33.0,0.0,18.24,40.0,38.0,19.36,36.8,0
72600,1140.0,22.0,11.0,0.0,0.0,18.6,33.0,0.0,18.24,40.0,37.0,19.36,36.8,0
73200,1120.0,22.0,11.0,0.0,0.0,18.6,33.0,0.0,18.24,39.6,37.0,19.36,36.8,0
73800,1090.0,22.0,11.0,0.0,0.0,18.6,33.0,0.0,18.24,39.2,37.0,19.2,36.4,0
74400,1060.0,22.0,11.0,0.0,0.0,18.6,32.0,0.0,18.24,39.2,37.0,19.2,36.4,0
75000,1020.0,22.0,11.0,0.0,0.0,18.6,32.0,0.0,18.24,39.2,36.0,19.2,36.4,0
75600,1010.0,22.0,11.0,0.0,0.0,18.6,32.0,0.0,18.4,38.8,37.0,19.2,36.4,0
76200,1010.0,22.0,11.0,0.0,0.0,18.6,32.0,0.0,18.4,38.8,37.0,19.2,36.4,0
76800,980.0,22.0,11.0,0.0,0.0,18.6,32.0,0.0,18.4,38.4,37.0,19.04,36.0,0
77400,940.0,22.0,11.0,0.0,0.0,18.6,32.0,0.0,18.4,38.4,36.0,19.04,36.0,0
78000,910.0,22.0,11.0,0.0,0.0,18.6,32.0,0.0,18.24,38.4,35.0,19.04,36.4,0
78600,880.0,22.0,11.0,0.0,0.0,18.6,32.0,0.0,18.24,38.4,34.0,19.04,36.4,0
79200,860.0,22.0,11.0,0.0,0.0,18.6,32.0,0.0,18.24,38.4,34.0,19.04,36.4,0
79800,850.0,22.0,11.0,0.0,0.0,18.6,32.0,0.0,18.24,38.4,35.0,19.04,36.0,0
80400,850.0,22.0,11.0,0.0,0.0,18.4,32.0,0.0,18.24,38.4,35.0,19.04,36.0,0
81000,830.0,22.0,11.0,0.0,0.0,18.6,32.0,0.0,18.4,38.0,34.0,19.04,36.0,0
81600,810.0,22.0,11.0,0.0,0.0,18.6,32.0,0.0,18.4,38.0,34.0,19.04,36.0,0
82200,800.0,22.0,11.0,0.0,0.0,18.6,32.0,0.0,18.4,38.0,34.0,19.04,36.0,0
82800,780.0,22.0,11.0,0.0,0.0,18.6,32.0,0.0,18.4,38.0,34.0,19.04,36.0,0
83400,780.0,22.0,11.0,0.0,0.0,18.6,32.0,0.0,18.4,37.6,34.0,19.04,36.0,0
84000,760.0,22.0,11.0,0.0,0.0,18.6,31.0,0.0,18.4,37.2,34.0,18.88,36.0,0
84600,750.0,22.0,11.0,0.0,0.0,18.6,31.0,0.0,18.4,37.2,34.0,18.88,35.6,0
85200,740.0,22.0,11.0,0.0,0.0,18.6,31.0,0.0,18.4,37.2,34.0,18.88,35.6,0
85800,720.0,22.0,11.0,0.0,0.0,18.6,31.0,0.0,18.56,36.8,34.0,18.72,35.6,0
86400,710.0,22.0,11.0,0.0,0.0,18.6,31.0,0.0,18.56,36.8,34.0,18.72,35.6,0
87000,700.0,22.0,11.0,0.0,0.0,18.6,31.0,0.0,18.56,36.8,33.0,18.72,35.6,0
87600,680.0,22.0,11.0,0.0,0.0,18.6,31.0,0.0,18.56,36.8,33.0,18.72,35.2,0
88200,670.0,22.0,11.0,0.0,0.0,18.6,31.0,0.0,18.56,36.8,33.0,18.72,35.2,0
88800,670.0,22.0,11.0,0.0,0.0,18.6,31.0,0.0,18.56,36.8,33.0,18.72,35.2,0
89400,670.0,22.0,11.0,0.0,0.0,18.6,31.0,0.0,18.56,36.8,33.0,18.72,35.2,0
90000,670.0,22.0,11.0,0.0,0.0,18.6,31.0,0.0,18.56,36.8,33.0,18.72,35.2,0
90600,670.0,22.0,11.0,0.0,0.0,18.6,31.0,0.0,18.56,36.8,33.0,18.72,35.2,0
91200,670.0,22.0,11.0,0.0,0.0,18.6,31.0,0.0,18.56,36.8,33.0,18.72,35.2,0
91800,670.0,22.0,11.0,0.0,0.0,18.6,31.0,0.0,18.56,36.8,33.0,18.72,35.2,0
92400,670.0,22.0,11.0,0.0,0.0,18.6,31.0,0.0,18.56,36.8,33.0,18.72,35.2,0
93000,670.0,22.0,11.0,0.0,0.0,18.6,31.0,0.0,18.56,36.8,33.0,18.72,35.2,0
93600,670.0,22.0,11.0,0.0,0.0,18.6,31.0,0.0,18.56,36.8,33.0,18.72,35.2,0
94200,670.0,22.0,11.0,0.0,0.0,18.6,31.0,0.0,18.56,36.8,33.0,18.72,35.2,0
94800,670.0,22.0,11.0,0.0,0.0,18.6,31.0,0.0,18.56,36.8,33.0,18.72,35.2,0
95400,670.0,22.0,11.0,0.0,0.0,18.6,31.0,0.0,18.56,36.8,33.0,18.72,35.2,0
96000,670.0,22.0,11.0,0.0,0.0,18.6,31.0,0.0,18.56,36.8,33.0,18.72,35.2,0
96600,670.0,22.0,11.0,0.0,0.0,18.6,31.0,0.0,18.56,36.8,33.0,18.72,35.2,0
97200,670.0,22.0,11.0,0.0,0.0,18.6,31.0,0.0,18.56,36.8,33.0,18.72,35.2,0
97800,670.0,22.0,11.0,0.0,0.0,18.6,31.0,0.0,18.56,36.8,33.0,18.72,35.2,0
98400,670.0,22.0,11.0,0.0,0.0,18.6,31.0,0.0,18.56,36.8,33.0,18.72,35.2,0
99000,670.0,22.0,11.0,0.0,0.0,18.6,31.0,0.0,18.56,36.8,33.0,18.72,35.2,0
99600,670.0,22.0,11.0,0.0,0.0,18.6,31.0,0.0,18.56,36.8,33.0,18.72,35.2,0
100200,670.0,22.0,11.0,0.0,0.0,18.6,31.0,0.0,18.56,36.8,33.0,18.72,35.2,0
100800,670.0,22.0,11.0,0.0,0.0,18.6,31.0,0.0,18.56,36.8,33.0,18.72,35.2,0
101400,670.0,22.0,11.0,0.0,0.0,18.6,31.0,0.0,18.56,36.8,33.0,18.72,35.2,1
102000,670.0,22.0,11.0,0.0,0.0,18.6,31.0,0.0,18.56,36.8,33.0,18.72,35.2,1
102600,670.0,22.0,11.0,0.0,0.0,18.6,31.0,0.0,18.56,36.8,33.0,18.72,35.2,1
103200,670.0,22.0,11.0,0.0,0.0,18.6,31.0,0.0,18.56,36.8,33.0,18.72,35.2,0
103800,670.0,22.0,11.0,0.0,0.0,18.6,31.0,0.0,18.56,36.8,33.0,18.72,35.2,0
104400,670.0,22.0,11.0,0.0,0.0,18.6,31.0,0.0,18.56,36.8,33.0,18.72,35.2,2
105000,670.0,22.0,46.0,22.0,0.0,18.6,31.0,1.0,18.56,36.8,33.0,18.72,36.4,2
105600,1080.0,22.0,39.0,21.0,27.0,20.2,34.0,1.0,21.44,38.8,73.0,18.72,36.4,3
106200,1010.0,22.0,111.0,16.0,30.0,20.0,32.0,0.0,21.44,38.4,69.0,19.2,40.0,3
106800,1270.0,22.0,111.0,17.0,31.0,20.2,34.0,0.0,21.44,38.4,69.0,19.2,40.0,2
107400,1390.0,22.0,111.0,17.0,26.0,20.4,34.0,0.0,21.6,39.6,69.0,19.36,39.2,2
108000,1530.0,22.0,109.0,19.0,30.0,20.4,34.0,0.0,21.6,39.6,70.0,19.36,40.0,2
108600,1520.0,22.0,112.0,21.0,25.0,20.6,34.0,0.0,21.6,40.0,67.0,19.52,39.2,2
109200,1660.0,22.0,98.0,22.0,27.0,20.6,34.0,0.0,21.6,40.0,68.0,19.52,39.2,3
109800,1870.0,22.0,102.0,20.0,30.0,20.8,35.0,0.0,21.6,40.8,69.0,19.68,37.6,3
110400,2010.0,22.0,107.0,25.0,28.0,21.0,35.0,0.0,21.6,40.8,69.0,19.84,38.0,3
111000,2210.0,22.0,95.0,19.0,33.0,21.0,35.0,0.0,21.76,42.0,69.0,19.84,38.0,3
111600,2370.0,22.0,106.0,22.0,17.0,21.0,36.0,0.0,21.76,42.0,70.0,19.84,38.4,3
112200,2510.0,22.0,105.0,20.0,16.0,21.0,36.0,0.0,21.6,42.4,70.0,19.84,38.4,2
112800,2490.0,22.0,100.0,17.0,16.0,21.0,36.0,0.0,21.6,42.4,70.0,20.0,39.6,1
113400,2510.0,22.0,104.0,16.0,57.0,21.0,36.0,0.0,21.6,42.4,68.0,20.0,39.6,2
114000,2550.0,22.0,106.0,15.0,31.0,21.0,36.0,0.0,21.28,42.4,69.0,20.16,39.6,2
114600,2550.0,22.0,100.0,18.0,47.0,21.0,36.0,0.0,21.76,43.6,69.0,20.16,38.8,2
115200,2550.0,22.0,100.0,25.0,53.0,21.2,36.0,0.0,21.6,42.8,67.0,20.16,38.8,3
115800,2550.0,22.0,104.0,0.0,28.0,21.2,36.0,0.0,21.6,42.8,66.0,20.16,38.8,3
116400,2550.0,22.0,112.0,0.0,47.0,21.2,36.0,0.0,21.44,42.8,64.0,20.32,38.4,3
117000,2550.0,22.0,108.0,0.0,28.0,21.4,36.0,0.0,21.28,41.6,63.0,20.32,38.4,3
117600,2550.0,50.0,110.0,0.0,18.0,21.2,36.0,0.0,21.28,41.6,61.0,20.32,43.6,3
118200,2550.0,47.0,108.0,0.0,16.0,21.0,35.0,0.0,21.28,40.8,56.0,20.32,38.8,2
118800,2270.0,33.0,106.0,0.0,16.0,21.2,35.0,0.0,21.28,40.8,53.0,20.32,36.8,2
119400,2270.0,35.0,117.0,0.0,16.0,21.2,35.0,0.0,21.28,40.8,53.0,20.32,36.8,2
120000,1970.0,33.0,106.0,0.0,19.0,21.4,33.0,0.0,21.12,40.4,51.0,20.32,36.4,2
120600,2070.0,33.0,110.0,0.0,16.0,21.0,34.0,0.0,21.12,40.4,52.0,20.32,36.4,1
121200,1950.0,33.0,109.0,0.0,17.0,21.2,33.0,0.0,20.8,39.2,50.0,20.32,36.4,1
121800,1850.0,36.0,107.0,0.0,16.0,21.0,33.0,1.0,20.8,39.2,50.0,20.32,36.8,1
122400,1740.0,77.0,107.0,0.0,16.0,21.2,33.0,0.0,20.8,39.2,48.0,20.32,36.8,1
123000,1660.0,44.0,94.0,0.0,27.0,21.0,33.0,0.0,20.64,40.0,48.0,20.32,36.8,1
123600,1600.0,77.0,114.0,0.0,26.0,21.2,32.0,0.0,20.64,40.0,47.0,20.32,36.8,2
124200,1660.0,80.0,106.0,0.0,27.0,21.2,33.0,0.0,20.8,40.0,47.0,20.32,36.8,2
124800,1680.0,72.0,108.0,0.0,56.0,21.2,33.0,0.0,20.8,40.4,47.0,20.32,36.8,2
125400,1730.0,73.0,25.0,0.0,55.0,21.2,33.0,0.0,20.8,40.4,47.0,20.32,36.8,2
126000,1680.0,62.0,26.0,0.0,52.0,21.0,33.0,0.0,20.8,40.0,46.0,20.32,36.8,1
126600,1600.0,64.0,25.0,0.0,52.0,21.0,33.0,0.0,20.8,40.0,45.0,20.32,37.6,1
127200,1540.0,63.0,25.0,0.0,53.0,21.0,32.0,0.0,20.64,39.6,44.0,20.32,37.2,1
127800,1490.0,64.0,26.0,0.0,44.0,21.0,32.0,0.0,20.64,39.6,42.0,20.32,37.2,1
128400,1460.0,55.0,29.0,0.0,44.0,21.0,32.0,0.0,20.64,39.2,42.0,20.32,36.8,1
129000,1430.0,55.0,25.0,0.0,41.0,21.0,32.0,0.0,20.48,38.8,41.0,20.32,36.4,1
129600,1390.0,54.0,25.0,0.0,56.0,21.0,32.0,0.0,20.48,38.8,40.0,20.32,36.8,1
130200,1340.0,54.0,26.0,0.0,41.0,21.0,32.0,1.0,20.48,38.0,39.0,20.32,36.8,1
130800,1210.0,54.0,25.0,0.0,32.0,21.0,31.0,0.0,20.48,38.0,37.0,20.32,37.2,0
131400,1250.0,54.0,25.0,0.0,31.0,20.8,31.0,0.0,20.48,38.4,38.0,20.32,37.2,1
132000,1250.0,43.0,25.0,0.0,30.0,20.8,31.0,0.0,20.48,38.4,38.0,20.32,37.2,1
132600,1270.0,43.0,27.0,0.0,31.0,20.8,31.0,0.0,20.48,38.0,37.0,20.32,37.2,1
133200,1270.0,42.0,27.0,0.0,29.0,20.8,31.0,0.0,20.48,38.0,37.0,20.32,37.2,1
133800,1270.0,43.0,27.0,0.0,29.0,20.8,31.0,0.0,20.48,38.4,37.0,20.32,37.2,1
134400,1250.0,22.0,31.0,0.0,30.0,20.8,31.0,0.0,20.48,38.4,37.0,20.32,37.6,1
135000,1240.0,22.0,27.0,0.0,38.0,20.8,31.0,0.0,20.32,38.4,37.0,20.32,38.0,1
135600,1240.0,22.0,27.0,0.0,42.0,20.8,31.0,0.0,20.32,38.4,37.0,20.32,38.0,1
136200,1270.0,22.0,26.0,0.0,37.0,20.6,31.0,0.0,20.32,38.4,37.0,20.16,38.4,1
136800,1270.0,22.0,27.0,0.0,35.0,20.6,31.0,0.0,20.16,38.8,38.0,20.16,38.4,1
137400,1270.0,22.0,29.0,0.0,30.0,20.6,31.0,0.0,20.16,38.8,38.0,20.32,38.4,1
138000,1290.0,22.0,25.0,0.0,0.0,20.6,31.0,0.0,20.0,39.2,38.0,20.32,38.4,1
138600,1320.0,22.0,113.0,0.0,0.0,20.6,31.0,0.0,20.0,39.2,38.0,20.32,38.4,1
139200,1390.0,22.0,108.0,0.0,0.0,20.6,32.0,0.0,19.68,39.2,39.0,20.32,38.8,1
139800,1460.0,22.0,99.0,0.0,0.0,20.6,32.0,0.0,19.68,39.2,39.0,20.32,38.0,1
140400,1460.0,22.0,104.0,0.0,0.0,20.6,32.0,0.0,19.84,39.6,39.0,20.32,38.0,1
141000,1430.0,22.0,119.0,0.0,0.0,20.6,32.0,0.0,19.84,39.6,39.0,20.16,37.6,1
141600,1360.0,22.0,108.0,0.0,0.0,20.6,31.0,0.0,19.84,39.2,39.0,20.16,37.6,1
142200,1360.0,22.0,105.0,0.0,0.0,20.6,31.0,0.0,19.68,39.2,38.0,20.16,36.8,1
142800,1290.0,22.0,11.0,0.0,0.0,20.6,31.0,0.0,19.68,39.2,37.0,20.16,36.8,1
143400,1270.0,22.0,11.0,0.0,0.0,20.4,31.0,0.0,19.52,38.4,38.0,20.16,37.2,0
144000,1180.0,22.0,11.0,0.0,0.0,20.4,31.0,0.0,19.52,38.4,37.0,20.16,37.2,0
144600,1110.0,22.0,11.0,0.0,0.0,20.4,31.0,0.0,19.2,38.0,36.0,20.16,37.2,0
145200,1020.0,22.0,11.0,0.0,0.0,20.2,31.0,0.0,19.2,37.6,36.0,20.16,37.2,0
145800,970.0,22.0,11.0,0.0,0.0,20.2,30.0,0.0,19.2,37.6,35.0,20.16,36.8,0
146400,910.0,22.0,11.0,0.0,0.0,20.0,30.0,0.0,19.04,37.6,34.0,20.16,36.8,0
147000,840.0,22.0,11.0,0.0,0.0,20.0,30.0,0.0,18.88,37.2,33.0,20.16,36.4,0
147600,790.0,22.0,11.0,0.0,0.0,20.0,30.0,0.0,18.88,37.2,32.0,20.0,36.4,0
148200,730.0,22.0,11.0,0.0,0.0,20.0,30.0,0.0,18.72,37.2,32.0,20.0,36.4,0
148800,670.0,22.0,11.0,0.0,0.0,19.8,30.0,0.0,18.72,37.2,31.0,20.16,36.0,0
149400,630.0,22.0,11.0,0.0,0.0,19.8,29.0,0.0,18.72,36.8,30.0,20.16,36.0,0
150000,590.0,22.0,11.0,0.0,0.0,19.8,29.0,0.0,18.72,36.8,30.0,20.0,36.0,0
150600,570.0,22.0,11.0,0.0,0.0,19.8,29.0,0.0,18.56,36.8,29.0,20.0,36.0,0
151200,550.0,22.0,11.0,0.0,0.0,19.6,29.0,0.0,18.56,36.8,29.0,20.0,36.0,0
151800,530.0,22.0,11.0,0.0,0.0,19.6,29.0,0.0,18.4,36.8,28.0,20.0,36.0,0
152400,520.0,22.0,11.0,0.0,0.0,19.4,29.0,0.0,18.4,36.8,28.0,20.16,36.0,0
153000,500.0,22.0,11.0,0.0,0.0,19.4,29.0,0.0,18.4,36.8,28.0,20.0,36.0,0
153600,490.0,22.0,11.0,0.0,0.0,19.4,29.0,0.0,18.4,36.8,28.0,20.0,36.0,0
154200,470.0,22.0,11.0,0.0,0.0,19.6,29.0,0.0,18.4,36.8,27.0,19.84,36.0,0
154800,460.0,22.0,11.0,0.0,0.0,19.4,29.0,0.0,18.24,36.8,27.0,19.84,36.0,0
155400,450.0,22.0,11.0,0.0,0.0,19.4,29.0,0.0,18.24,36.8,26.0,19.84,36.0,0
156000,440.0,22.0,11.0,0.0,0.0,19.4,29.0,0.0,18.24,37.2,27.0,19.84,36.0,0
156600,430.0,22.0,11.0,0.0,0.0,19.2,29.0,0.0,18.24,37.2,27.0,19.84,36.0,0
157200,430.0,22.0,11.0,0.0,0.0,19.2,29.0,0.0,18.24,37.2,26.0,19.68,36.0,0
157800,420.0,22.0,11.0,0.0,0.0,19.2,29.0,0.0,18.24,37.2,26.0,19.84,36.0,0
158400,410.0,22.0,11.0,0.0,0.0,19.4,29.0,0.0,18.08,37.2,26.0,19.84,36.0,0
159000,410.0,22.0,11.0,0.0,0.0,19.2,29.0,0.0,18.08,37.2,26.0,19.84,36.0,0
159600,400.0,22.0,11.0,0.0,0.0,19.2,29.0,0.0,18.08,37.2,25.0,19.68,36.0,0
160200,390.0,22.0,11.0,0.0,0.0,19.2,29.0,0.0,18.08,37.2,25.0,19.68,36.4,0
160800,390.0,22.0,11.0,0.0,0.0,19.2,29.0,0.0,18.08,37.2,25.0,19.68,36.4,0
161400,390.0,22.0,11.0,0.0,0.0,19.2,29.0,0.0,17.92,37.2,25.0,19.68,36.0,0
162000,390.0,22.0,11.0,0.0,0.0,19.0,29.0,0.0,17.92,37.2,25.0,19.68,36.0,0
162600,390.0,22.0,11.0,0.0,0.0,19.0,29.0,0.0,17.76,37.2,25.0,19.68,36.0,0
163200,390.0,22.0,11.0,0.0,0.0,19.0,29.0,0.0,17.76,37.2,25.0,19.52,36.0,0
163800,390.0,22.0,11.0,0.0,0.0,19.0,29.0,0.0,17.76,37.2,24.0,19.52,36.0,0
164400,390.0,22.0,11.0,0.0,0.0,19.0,29.0,0.0,17.76,37.2,24.0,19.52,36.0,0
165000,390.0,22.0,11.0,0.0,0.0,19.0,29.0,0.0,17.76,37.2,24.0,19.52,36.0,0
165600,390.0,22.0,11.0,0.0,0.0,19.0,29.0,0.0,17.76,37.2,24.0,19.52,36.0,0
166200,390.0,22.0,11.0,0.0,0.0,19.0,29.0,0.0,17.76,37.2,24.0,19.52,36.0,0
166800,390.0,22.0,11.0,0.0,0.0,19.0,29.0,0.0,17.76,37.2,23.0,19.52,36.0,0
167400,390.0,22.0,11.0,0.0,0.0,18.8,29.0,0.0,17.76,37.2,23.0,19.52,36.0,0
168000,390.0,22.0,11.0,0.0,0.0,19.0,29.0,0.0,17.76,37.2,23.0,19.52,36.0,0
168600,390.0,22.0,11.0,0.0,0.0,18.8,29.0,0.0,17.6,37.6,23.0,19.52,36.0,0
169200,390.0,22.0,11.0,0.0,0.0,19.0,29.0,0.0,17.76,37.2,23.0,19.52,36.0,0
169800,390.0,22.0,11.0,0.0,0.0,19.0,29.0,0.0,17.76,37.2,23.0,19.36,36.0,0
170400,390.0,22.0,11.0,0.0,0.0,18.8,29.0,0.0,17.76,37.2,23.0,19.36,36.0,0
171000,390.0,22.0,11.0,0.0,0.0,18.8,29.0,0.0,17.6,37.2,23.0,19.36,36.4,0
171600,390.0,22.0,11.0,0.0,0.0,18.8,29.0,0.0,17.6,37.2,23.0,19.36,36.4,0
172200,390.0,22.0,11.0,0.0,0.0,18.8,29.0,0.0,17.6,37.2,23.0,19.36,36.4,0
172800,390.0,22.0,11.0,0.0,0.0,19.0,29.0,0.0,17.6,37.2,22.0,19.36,36.4,0
173400,390.0,22.0,11.0,0.0,0.0,18.8,29.0,0.0,17.6,37.2,22.0,19.36,36.4,0
174000,390.0,22.0,11.0,0.0,0.0,18.8,29.0,0.0,17.6,37.2,22.0,19.36,36.4,0
174600,390.0,22.0,11.0,0.0,0.0,18.8,29.0,0.0,17.6,37.2,22.0,19.36,36.0,0
175200,390.0,22.0,11.0,0.0,0.0,18.8,29.0,0.0,17.6,37.2,22.0,19.36,36.0,0
175800,390.0,22.0,11.0,0.0,0.0,18.6,29.0,0.0,17.6,37.2,21.0,19.36,36.0,0
176400,390.0,22.0,11.0,0.0,0.0,18.8,29.0,0.0,18.08,36.4,21.0,19.36,36.0,0
177000,390.0,22.0,11.0,0.0,0.0,19.0,29.0,0.0,18.08,36.4,21.0,19.36,36.0,0
177600,390.0,22.0,11.0,0.0,0.0,19.0,29.0,0.0,18.08,36.4,21.0,19.36,36.4,0
178200,390.0,22.0,11.0,0.0,0.0,19.2,29.0,0.0,18.4,36.0,21.0,19.36,36.4,0
178800,390.0,22.0,11.0,0.0,0.0,19.2,29.0,0.0,18.4,36.0,21.0,19.36,37.6,0
179400,390.0,22.0,11.0,0.0,0.0,19.4,29.0,0.0,18.72,35.6,22.0,19.36,37.6,0
180000,390.0,22.0,11.0,0.0,0.0,19.4,29.0,1.0,18.72,35.6,23.0,19.52,37.2,0
180600,420.0,22.0,11.0,0.0,0.0,19.4,29.0,0.0,18.88,36.8,25.0,19.52,39.6,0
181200,420.0,22.0,11.0,0.0,0.0,19.4,29.0,0.0,19.36,36.4,26.0,19.52,42.0,0
181800,420.0,22.0,11.0,0.0,0.0,19.4,30.0,0.0,19.36,36.4,30.0,19.52,38.0,0
182400,420.0,22.0,11.0,0.0,0.0,19.4,30.0,0.0,19.52,35.6,31.0,19.52,38.0,0
183000,410.0,22.0,11.0,0.0,0.0,19.6,30.0,0.0,19.52,35.6,30.0,19.52,37.2,0
183600,410.0,22.0,11.0,0.0,0.0,19.6,30.0,0.0,19.52,35.2,29.0,19.52,36.4,0
184200,400.0,22.0,11.0,0.0,0.0,19.6,29.0,0.0,19.52,34.8,28.0,19.52,36.4,0
184800,400.0,22.0,11.0,0.0,0.0,19.6,29.0,0.0,19.52,34.8,27.0,19.68,36.0,0
185400,400.0,22.0,11.0,0.0,0.0,19.6,29.0,0.0,19.52,34.8,26.0,19.68,36.0,0
186000,400.0,22.0,11.0,0.0,0.0,19.6,29.0,0.0,19.52,34.8,25.0,19.68,36.4,0
186600,410.0,22.0,11.0,0.0,0.0,19.6,29.0,0.0,19.68,34.8,24.0,19.68,36.4,0
187200,410.0,22.0,11.0,0.0,0.0,19.8,29.0,0.0,19.52,34.4,24.0,19.68,36.4,0
187800,420.0,22.0,11.0,0.0,0.0,19.8,29.0,0.0,19.52,34.4,23.0,19.68,36.8,0
188400,420.0,22.0,11.0,0.0,0.0,19.8,29.0,0.0,19.52,34.4,23.0,19.68,36.8,0
189000,430.0,22.0,11.0,0.0,0.0,19.8,29.0,0.0,19.84,34.4,22.0,19.68,36.8,0
189600,440.0,22.0,11.0,0.0,0.0,19.8,29.0,0.0,19.84,34.4,22.0,19.68,36.8,0
190200,460.0,22.0,11.0,0.0,0.0,19.8,29.0,0.0,19.84,34.8,22.0,19.68,38.8,0
190800,480.0,22.0,11.0,0.0,0.0,19.8,29.0,0.0,19.84,34.8,22.0,19.68,38.8,0
191400,500.0,22.0,11.0,0.0,0.0,19.8,29.0,0.0,20.0,34.8,23.0,19.68,38.4,0
192000,510.0,22.0,11.0,0.0,0.0,19.8,29.0,0.0,20.16,34.8,23.0,19.68,38.8,0
192600,530.0,22.0,11.0,0.0,0.0,20.0,29.0,0.0,20.16,34.8,23.0,19.68,38.8,0
193200,550.0,22.0,11.0,0.0,0.0,20.0,29.0,0.0,20.32,34.8,23.0,19.68,38.8,0
193800,570.0,22.0,11.0,0.0,0.0,20.0,29.0,0.0,20.32,34.8,23.0,19.84,38.8,0
194400,590.0,75.0,11.0,0.0,0.0,20.0,29.0,0.0,20.16,35.2,23.0,19.68,40.8,0
195000,640.0,65.0,64.0,0.0,0.0,20.0,30.0,0.0,20.16,35.2,23.0,19.68,40.8,0
195600,780.0,57.0,41.0,0.0,0.0,20.0,31.0,0.0,20.16,37.2,27.0,19.68,40.4,1
196200,930.0,58.0,0.0,0.0,0.0,20.2,31.0,0.0,20.16,37.2,30.0,19.68,40.4,1
196800,1020.0,51.0,0.0,0.0,0.0,20.2,32.0,1.0,20.32,37.6,32.0,19.68,39.6,1
197400,1090.0,82.0,0.0,0.0,0.0,20.2,32.0,1.0,20.32,37.6,36.0,19.84,39.2,1
198000,1120.0,79.0,0.0,0.0,0.0,20.2,32.0,1.0,20.32,37.6,38.0,19.84,39.2,1
198600,1160.0,22.0,0.0,0.0,0.0,20.2,32.0,1.0,20.32,37.6,36.0,19.84,40.4,1
199200,1160.0,22.0,0.0,0.0,0.0,20.4,32.0,1.0,20.48,37.2,35.0,19.84,40.4,1
199800,1210.0,22.0,0.0,0.0,0.0,20.6,32.0,1.0,20.48,37.2,35.0,19.84,39.2,1
200400,1210.0,22.0,64.0,0.0,0.0,20.6,32.0,0.0,20.48,37.2,35.0,19.84,39.2,1
201000,1160.0,22.0,69.0,0.0,0.0,20.6,31.0,0.0,20.64,37.2,33.0,19.84,39.2,1
201600,1230.0,22.0,65.0,0.0,0.0,20.6,31.0,0.0,20.64,36.8,33.0,19.84,39.2,1
202200,1260.0,22.0,71.0,0.0,0.0,20.6,31.0,0.0,20.64,36.8,33.0,19.84,38.8,1
202800,1280.0,22.0,45.0,0.0,0.0,20.6,31.0,0.0,20.8,37.2,33.0,19.84,38.8,1
203400,1290.0,22.0,46.0,0.0,0.0,20.8,31.0,1.0,20.8,37.2,33.0,19.84,39.2,1
204000,1320.0,22.0,50.0,0.0,0.0,20.8,31.0,1.0,20.8,38.0,33.0,19.84,39.2,2
204600,1380.0,22.0,49.0,0.0,0.0,20.8,32.0,1.0,20.8,38.0,35.0,19.84,40.0,2
205200,1510.0,22.0,45.0,0.0,0.0,20.8,32.0,1.0,20.8,38.4,37.0,19.84,40.0,2
205800,1600.0,22.0,47.0,0.0,0.0,21.0,32.0,0.0,20.8,38.8,39.0,19.84,40.4,2
206400,1660.0,22.0,34.0,0.0,0.0,21.0,33.0,0.0,20.8,38.8,41.0,19.84,40.4,1
207000,1670.0,22.0,31.0,0.0,0.0,21.0,32.0,0.0,20.8,38.8,40.0,20.0,40.4,1
207600,1690.0,22.0,31.0,0.0,0.0,21.0,32.0,0.0,20.64,38.8,40.0,20.0,40.4,1
208200,1730.0,22.0,26.0,0.0,0.0,21.0,32.0,1.0,20.8,38.8,41.0,20.0,41.2,1
208800,1540.0,22.0,24.0,0.0,0.0,20.8,32.0,0.0,20.8,38.8,39.0,20.0,42.0,1
209400,1730.0,22.0,21.0,0.0,0.0,20.8,32.0,0.0,20.8,39.2,40.0,20.0,42.0,2
210000,1760.0,22.0,20.0,0.0,0.0,21.0,33.0,0.0,20.8,39.2,40.0,20.0,42.8,0
210600,1690.0,22.0,20.0,0.0,0.0,20.8,33.0,0.0,20.64,39.2,41.0,20.0,42.8,0
211200,1670.0,22.0,20.0,0.0,0.0,20.8,33.0,0.0,20.64,39.2,40.0,20.0,41.6,0
211800,1630.0,22.0,20.0,0.0,0.0,20.8,32.0,0.0,20.64,38.8,39.0,20.0,41.6,0
212400,1590.0,22.0,20.0,0.0,0.0,20.6,32.0,0.0,20.64,38.8,38.0,20.0,41.6,0
213000,1570.0,22.0,19.0,0.0,0.0,20.6,32.0,0.0,20.64,38.8,38.0,20.16,42.4,0
213600,1530.0,22.0,20.0,0.0,0.0,20.8,32.0,0.0,20.48,38.8,36.0,20.0,42.0,0
214200,1510.0,22.0,19.0,0.0,0.0,20.6,32.0,0.0,20.48,38.8,36.0,20.0,42.0,0
214800,1480.0,42.0,19.0,0.0,0.0,20.6,32.0,0.0,20.48,38.8,36.0,20.0,42.0,0
215400,1460.0,36.0,20.0,0.0,0.0,20.6,32.0,0.0,20.48,38.8,35.0,20.16,42.0,0
216000,1440.0,44.0,20.0,0.0,0.0,20.6,32.0,0.0,20.48,38.8,35.0,20.0,41.2,0
216600,1410.0,42.0,20.0,0.0,0.0,20.6,32.0,0.0,20.48,38.4,34.0,20.0,41.2,0
217200,1380.0,33.0,19.0,0.0,0.0,20.6,32.0,0.0,20.48,38.0,34.0,20.0,40.4,0
217800,1340.0,32.0,19.0,0.0,0.0,20.6,32.0,0.0,20.48,38.0,33.0,20.0,40.4,0
218400,1310.0,33.0,39.0,0.0,0.0,20.6,32.0,0.0,20.32,38.0,33.0,20.0,40.4,0
219000,1290.0,32.0,26.0,0.0,0.0,20.6,32.0,0.0,20.32,38.0,32.0,20.16,40.4,1
219600,1460.0,22.0,31.0,0.0,0.0,20.6,32.0,0.0,20.16,38.8,33.0,20.0,40.8,1
220200,1510.0,22.0,29.0,0.0,0.0,20.6,32.0,0.0,20.0,39.2,34.0,20.0,40.8,1
220800,1570.0,22.0,33.0,0.0,0.0,20.8,32.0,0.0,20.0,39.2,34.0,20.16,40.0,1
221400,1600.0,22.0,25.0,0.0,0.0,20.8,32.0,0.0,19.84,40.0,34.0,20.16,39.6,1
222000,1510.0,22.0,28.0,0.0,0.0,20.8,32.0,0.0,19.68,40.0,33.0,20.16,39.6,1
222600,1570.0,22.0,38.0,0.0,0.0,20.6,32.0,0.0,19.68,40.4,34.0,20.0,38.8,1
223200,1560.0,22.0,36.0,0.0,0.0,20.6,32.0,0.0,19.52,40.4,34.0,20.0,38.8,1
223800,1540.0,22.0,28.0,0.0,0.0,20.6,32.0,0.0,19.52,40.4,34.0,20.0,38.4,1
224400,1530.0,22.0,35.0,0.0,0.0,20.6,32.0,0.0,19.52,40.4,33.0,20.0,38.4,1
225000,1510.0,22.0,34.0,0.0,0.0,20.4,32.0,0.0,19.36,40.8,33.0,19.84,38.4,1
225600,1510.0,22.0,33.0,0.0,0.0,20.4,32.0,0.0,19.36,40.8,33.0,19.84,38.8,1
226200,1480.0,22.0,28.0,0.0,0.0,20.6,32.0,0.0,19.2,40.4,33.0,19.84,38.8,1
226800,1500.0,22.0,33.0,0.0,0.0,20.4,32.0,0.0,19.36,40.4,32.0,20.0,38.4,1
227400,1480.0,22.0,31.0,0.0,0.0,20.4,32.0,0.0,19.36,40.4,33.0,19.84,38.8,1
228000,1440.0,22.0,32.0,0.0,0.0,20.4,32.0,0.0,19.2,40.8,32.0,19.84,38.8,1
228600,1440.0,22.0,11.0,0.0,0.0,20.4,32.0,0.0,19.2,40.8,32.0,19.84,39.6,1
229200,1440.0,22.0,11.0,0.0,0.0,20.2,32.0,0.0,19.04,40.8,32.0,19.84,39.6,0
229800,1380.0,22.0,11.0,0.0,0.0,20.0,32.0,0.0,19.04,40.8,32.0,19.84,39.6,0
230400,1320.0,22.0,11.0,0.0,0.0,20.0,32.0,0.0,18.88,40.4,31.0,19.84,39.6,0
231000,1260.0,22.0,11.0,0.0,0.0,20.0,32.0,0.0,18.88,40.4,30.0,19.84,38.4,0
231600,1190.0,22.0,11.0,0.0,0.0,19.8,31.0,0.0,18.72,40.0,29.0,19.84,38.4,0
232200,1120.0,22.0,11.0,0.0,0.0,19.8,31.0,0.0,18.72,39.6,29.0,19.84,37.6,0
232800,1040.0,22.0,11.0,0.0,0.0,19.8,31.0,0.0,18.72,39.6,28.0,19.84,37.6,0
233400,980.0,22.0,11.0,0.0,0.0,19.8,31.0,0.0,18.72,39.2,28.0,19.84,37.6,0
234000,920.0,22.0,11.0,0.0,0.0,19.8,31.0,0.0,18.56,38.8,27.0,19.84,37.2,0
234600,860.0,22.0,11.0,0.0,0.0,19.8,30.0,0.0,18.56,38.8,26.0,19.84,37.2,0
235200,830.0,22.0,11.0,0.0,0.0,19.6,30.0,0.0,18.56,38.4,25.0,19.68,36.8,0
235800,780.0,22.0,11.0,0.0,0.0,19.6,30.0,0.0,18.56,38.4,25.0,19.68,36.8,0
236400,750.0,22.0,11.0,0.0,0.0,19.6,30.0,0.0,18.4,38.0,24.0,19.68,36.8,0
237000,720.0,22.0,11.0,0.0,0.0,19.6,30.0,0.0,18.4,38.0,24.0,19.84,36.8,0
237600,690.0,22.0,11.0,0.0,0.0,19.6,30.0,0.0,18.56,38.0,24.0,19.68,36.8,0
238200,670.0,22.0,11.0,0.0,0.0,19.4,30.0,0.0,18.4,38.0,24.0,19.68,36.8,0
238800,650.0,22.0,11.0,0.0,0.0,19.4,30.0,0.0,18.4,38.0,23.0,19.68,36.8,0
239400,640.0,22.0,11.0,0.0,0.0,19.4,30.0,0.0,18.56,38.0,23.0,19.68,36.8,0
240000,620.0,22.0,11.0,0.0,0.0,19.2,30.0,0.0,18.56,37.6,23.0,19.68,36.8,0
240600,600.0,22.0,11.0,0.0,0.0,19.4,30.0,0.0,18.56,37.6,23.0,19.68,36.8,0
241200,590.0,22.0,11.0,0.0,0.0,19.4,30.0,0.0,18.72,37.2,23.0,19.68,36.8,0
241800,580.0,22.0,11.0,0.0,0.0,19.2,30.0,0.0,18.72,36.8,22.0,19.68,36.8,0
242400,570.0,22.0,11.0,0.0,0.0,19.2,30.0,0.0,18.72,36.8,22.0,19.68,36.8,0
243000,560.0,22.0,11.0,0.0,0.0,19.2,30.0,0.0,18.88,36.4,22.0,19.68,36.8,0
243600,550.0,22.0,11.0,0.0,0.0,19.2,30.0,0.0,19.04,36.0,22.0,19.68,36.4,0
244200,540.0,22.0,11.0,0.0,0.0,19.2,30.0,0.0,19.04,36.0,22.0,19.52,36.4,0
244800,530.0,22.0,11.0,0.0,0.0,19.2,30.0,0.0,19.2,35.2,22.0,19.52,36.4,0
245400,530.0,22.0,11.0,0.0,0.0,19.2,30.0,0.0,19.2,35.2,21.0,19.52,36.4,0
246000,520.0,22.0,11.0,0.0,0.0,19.2,30.0,0.0,19.2,35.2,21.0,19.36,36.4,0
246600,510.0,22.0,11.0,0.0,0.0,19.2,29.0,0.0,19.2,35.2,21.0,19.36,36.4,0
247200,510.0,22.0,11.0,0.0,0.0,19.2,29.0,0.0,19.36,34.8,21.0,19.36,36.4,0
247800,510.0,22.0,11.0,0.0,0.0,19.2,29.0,0.0,19.36,34.8,21.0,19.36,36.4,0
248400,500.0,22.0,11.0,0.0,0.0,19.2,29.0,0.0,19.36,34.8,21.0,19.36,36.4,0
249000,500.0,22.0,11.0,0.0,0.0,19.2,29.0,0.0,19.36,34.4,21.0,19.36,36.4,0
249600,490.0,22.0,11.0,0.0,0.0,19.2,29.0,0.0,19.36,34.4,21.0,19.52,36.4,0
250200,490.0,22.0,11.0,0.0,0.0,19.2,29.0,0.0,19.36,34.4,21.0,19.52,36.4,0
250800,490.0,22.0,11.0,0.0,0.0,19.2,29.0,0.0,19.52,34.4,21.0,19.52,36.4,0
251400,480.0,22.0,11.0,0.0,0.0,19.2,29.0,0.0,19.52,34.0,21.0,19.36,36.4,0
252000,480.0,22.0,11.0,0.0,0.0,19.2,29.0,0.0,19.52,34.0,21.0,19.2,36.4,0
252600,480.0,22.0,11.0,0.0,0.0,19.2,29.0,0.0,19.52,34.0,21.0,19.2,36.4,0
253200,480.0,22.0,11.0,0.0,0.0,19.2,29.0,0.0,19.52,34.0,21.0,19.2,36.4,0
253800,480.0,22.0,11.0,0.0,0.0,19.2,29.0,0.0,19.52,34.0,21.0,19.36,36.4,0
254400,480.0,22.0,11.0,0.0,0.0,19.2,29.0,0.0,19.52,34.0,21.0,19.36,36.4,0
255000,470.0,22.0,11.0,0.0,0.0,19.2,29.0,0.0,19.52,34.0,20.0,19.36,36.4,0
255600,470.0,22.0,11.0,0.0,0.0,19.2,29.0,0.0,19.52,34.0,20.0,19.36,36.4,0
256200,470.0,22.0,11.0,0.0,0.0,19.2,29.0,0.0,19.36,34.0,20.0,19.36,36.4,0
256800,470.0,22.0,11.0,0.0,0.0,19.2,29.0,0.0,19.36,34.0,20.0,19.36,36.4,0
257400,460.0,22.0,11.0,0.0,0.0,19.2,29.0,0.0,19.36,34.0,20.0,19.36,36.4,0
258000,460.0,22.0,11.0,0.0,0.0,19.2,29.0,0.0,19.2,34.4,20.0,19.04,36.4,0
258600,460.0,22.0,11.0,0.0,0.0,19.2,29.0,0.0,19.2,34.4,20.0,19.2,36.4,0
259200,460.0,22.0,11.0,0.0,0.0,19.2,29.0,0.0,19.04,34.4,20.0,19.2,36.4,0
259800,460.0,22.0,11.0,0.0,0.0,19.0,29.0,0.0,19.2,34.4,20.0,19.2,36.4,0
260400,460.0,22.0,11.0,0.0,0.0,19.2,29.0,0.0,19.2,34.4,20.0,19.2,36.4,0
261000,450.0,22.0,11.0,0.0,0.0,19.2,29.0,0.0,18.88,34.4,19.0,19.2,36.0,0
261600,450.0,22.0,11.0,0.0,0.0,19.0,29.0,0.0,18.88,34.4,19.0,19.04,36.0,0
262200,450.0,22.0,11.0,0.0,0.0,19.2,29.0,0.0,18.72,34.4,19.0,19.04,36.0,0
262800,450.0,22.0,11.0,0.0,0.0,19.0,28.0,0.0,19.2,34.4,19.0,19.2,36.0,0
263400,440.0,22.0,11.0,0.0,0.0,19.4,29.0,0.0,19.68,33.6,19.0,19.2,36.8,0
264000,440.0,22.0,11.0,0.0,0.0,19.4,28.0,0.0,19.68,33.6,19.0,19.2,36.8,0
264600,440.0,22.0,11.0,0.0,0.0,19.4,28.0,0.0,19.68,33.6,20.0,19.2,36.4,0
265200,440.0,22.0,11.0,0.0,0.0,19.6,28.0,0.0,20.0,32.8,20.0,19.2,36.4,0
265800,390.0,22.0,11.0,0.0,0.0,19.6,28.0,0.0,20.32,32.8,20.0,19.2,36.4,0
266400,390.0,22.0,11.0,0.0,0.0,19.6,28.0,0.0,20.32,32.8,20.0,19.2,36.4,0
267000,390.0,22.0,11.0,0.0,0.0,19.8,28.0,0.0,20.32,32.8,21.0,19.36,38.0,0
267600,410.0,22.0,11.0,0.0,0.0,19.8,29.0,0.0,20.32,32.8,22.0,19.36,37.6,0
268200,400.0,22.0,11.0,0.0,0.0,19.8,29.0,0.0,20.8,32.4,23.0,19.36,37.6,0
268800,400.0,22.0,11.0,0.0,0.0,19.8,29.0,0.0,20.8,32.4,23.0,19.2,36.8,0
269400,390.0,22.0,11.0,0.0,0.0,19.8,28.0,0.0,20.8,32.0,23.0,19.2,36.8,0
270000,390.0,22.0,11.0,0.0,0.0,20.0,28.0,0.0,20.8,32.0,23.0,19.2,36.8,0
270600,390.0,22.0,11.0,0.0,0.0,20.0,28.0,0.0,20.96,31.6,22.0,19.2,36.8,0
271200,390.0,22.0,11.0,0.0,0.0,20.0,28.0,0.0,20.96,31.6,22.0,19.2,36.8,0
271800,390.0,22.0,11.0,0.0,0.0,20.0,28.0,0.0,20.8,32.0,22.0,19.2,36.8,0
272400,400.0,22.0,11.0,0.0,0.0,20.0,28.0,0.0,20.8,32.0,21.0,19.36,36.8,0
273000,410.0,22.0,11.0,0.0,0.0,20.0,28.0,0.0,20.8,32.0,21.0,19.36,36.8,0
273600,430.0,22.0,11.0,0.0,0.0,20.0,28.0,0.0,20.64,32.4,21.0,19.36,36.8,0
274200,450.0,22.0,11.0,0.0,0.0,20.0,28.0,0.0,20.64,32.4,21.0,19.36,37.6,0
274800,470.0,22.0,11.0,0.0,0.0,20.0,28.0,0.0,20.8,32.4,22.0,19.36,37.6,0
275400,490.0,22.0,11.0,0.0,0.0,20.2,28.0,0.0,20.8,32.4,23.0,19.36,38.4,0
276000,510.0,22.0,11.0,0.0,0.0,20.2,28.0,0.0,20.8,32.8,23.0,19.36,38.4,0
276600,530.0,22.0,11.0,0.0,0.0,20.2,28.0,0.0,20.8,32.8,23.0,19.36,38.0,0
277200,550.0,22.0,11.0,0.0,0.0,20.2,28.0,0.0,20.8,32.8,23.0,19.36,38.0,0
277800,560.0,22.0,11.0,0.0,0.0,20.2,28.0,0.0,21.12,32.4,23.0,19.36,38.0,0
278400,580.0,22.0,11.0,0.0,0.0,20.4,28.0,0.0,21.12,32.4,23.0,19.36,39.2,0
279000,610.0,22.0,11.0,0.0,0.0,20.2,28.0,0.0,21.28,32.4,24.0,19.36,39.2,0
279600,640.0,22.0,11.0,0.0,0.0,20.4,28.0,0.0,21.28,32.4,24.0,19.36,39.2,0
280200,640.0,22.0,11.0,0.0,0.0,20.4,28.0,0.0,21.28,31.6,24.0,19.52,37.6,0
280800,630.0,22.0,11.0,0.0,0.0,20.4,28.0,0.0,21.44,31.6,23.0,19.52,37.2,0
281400,620.0,22.0,11.0,0.0,0.0,20.4,28.0,0.0,21.44,31.6,23.0,19.52,37.2,0
282000,600.0,22.0,11.0,0.0,0.0,20.4,28.0,0.0,21.44,31.2,23.0,19.52,36.4,0
282600,590.0,22.0,15.0,0.0,0.0,20.4,28.0,0.0,21.28,32.4,23.0,19.52,36.4,0
283200,660.0,22.0,15.0,0.0,0.0,20.6,28.0,0.0,21.28,32.4,23.0,19.52,37.2,1
283800,760.0,22.0,15.0,0.0,0.0,20.6,29.0,0.0,21.28,32.4,25.0,19.52,37.2,1
284400,840.0,22.0,60.0,0.0,0.0,20.6,29.0,0.0,21.28,34.0,26.0,19.68,38.8,1
285000,920.0,22.0,49.0,0.0,0.0,20.8,29.0,0.0,21.28,34.0,28.0,19.68,38.8,1
285600,970.0,22.0,48.0,0.0,0.0,20.8,30.0,0.0,21.12,34.4,28.0,19.84,39.6,1
286200,1020.0,22.0,46.0,0.0,0.0,20.8,30.0,0.0,21.12,34.4,29.0,19.84,39.6,1
286800,1040.0,22.0,125.0,0.0,0.0,21.0,30.0,0.0,21.12,34.8,29.0,19.84,38.4,1
287400,1040.0,22.0,115.0,0.0,0.0,21.0,30.0,0.0,20.96,34.8,29.0,19.84,37.6,1
288000,1070.0,22.0,116.0,0.0,0.0,21.0,30.0,0.0,20.96,34.8,30.0,19.84,37.6,1
288600,1090.0,22.0,113.0,0.0,0.0,21.0,30.0,0.0,20.96,34.8,30.0,19.84,37.6,1
289200,1100.0,22.0,119.0,0.0,0.0,21.0,30.0,0.0,20.96,34.8,30.0,19.84,37.2,1
289800,1100.0,22.0,102.0,0.0,0.0,21.0,30.0,0.0,20.96,34.8,29.0,19.84,37.2,1
290400,1060.0,22.0,34.0,0.0,0.0,21.0,30.0,0.0,20.96,34.8,29.0,20.0,36.8,0
291000,940.0,22.0,24.0,0.0,0.0,21.0,30.0,0.0,20.96,34.4,28.0,20.0,36.8,0
291600,880.0,22.0,24.0,0.0,0.0,20.8,29.0,0.0,20.96,34.4,27.0,20.0,36.4,0
292200,830.0,22.0,29.0,0.0,0.0,20.8,29.0,0.0,20.96,34.4,27.0,20.0,36.4,0
292800,780.0,76.0,28.0,0.0,0.0,20.8,29.0,0.0,20.8,34.0,27.0,20.0,36.4,0
293400,740.0,74.0,24.0,0.0,0.0,20.8,29.0,0.0,20.96,34.0,26.0,20.0,36.4,0
294000,710.0,82.0,25.0,0.0,0.0,20.8,29.0,0.0,20.96,34.0,27.0,20.32,36.4,0
294600,690.0,84.0,24.0,0.0,0.0,20.8,29.0,0.0,20.8,33.6,27.0,20.32,36.4,0
295200,660.0,78.0,31.0,0.0,0.0,20.8,29.0,0.0,20.8,33.6,27.0,20.16,36.4,0
295800,640.0,73.0,28.0,0.0,0.0,20.8,29.0,0.0,20.8,33.6,27.0,20.16,36.4,1
296400,620.0,79.0,112.0,0.0,0.0,20.8,28.0,0.0,20.64,34.0,26.0,20.0,36.4,1
297000,720.0,74.0,107.0,0.0,0.0,20.8,29.0,0.0,20.64,34.4,27.0,20.0,36.4,1
297600,780.0,75.0,106.0,0.0,0.0,20.8,29.0,0.0,20.48,35.2,28.0,20.16,36.4,1
298200,820.0,78.0,97.0,0.0,0.0,21.0,29.0,0.0,20.48,35.2,28.0,20.16,36.4,1
298800,860.0,22.0,98.0,0.0,0.0,21.0,29.0,0.0,20.32,35.6,28.0,20.16,36.8,1
299400,920.0,22.0,108.0,0.0,0.0,21.0,29.0,0.0,20.32,36.0,28.0,20.16,36.8,1
300000,960.0,22.0,100.0,0.0,0.0,21.0,30.0,0.0,20.32,36.0,29.0,20.16,36.8,1
300600,1010.0,22.0,98.0,0.0,0.0,21.0,30.0,0.0,20.32,36.0,29.0,20.16,36.8,1
301200,1040.0,22.0,96.0,0.0,0.0,21.0,30.0,0.0,20.32,36.4,29.0,20.16,36.8,1
301800,1070.0,22.0,98.0,0.0,0.0,21.0,30.0,0.0,20.32,36.4,29.0,20.16,36.8,1
302400,1100.0,22.0,102.0,0.0,0.0,21.0,30.0,0.0,20.32,36.8,29.0,20.16,37.2,1
303000,1100.0,22.0,107.0,0.0,0.0,21.0,30.0,0.0,20.32,36.8,29.0,20.16,37.2,1
303600,1130.0,22.0,107.0,0.0,0.0,21.0,30.0,0.0,20.32,37.2,30.0,20.32,38.0,1
304200,1160.0,22.0,93.0,0.0,0.0,21.0,30.0,0.0,20.48,37.6,30.0,20.32,38.0,1
304800,1190.0,63.0,105.0,0.0,0.0,21.0,31.0,0.0,20.48,37.6,30.0,20.32,38.4,1
305400,1210.0,88.0,92.0,0.0,0.0,21.0,31.0,0.0,20.32,38.0,31.0,20.32,38.4,1
306000,1250.0,83.0,93.0,0.0,0.0,21.0,31.0,0.0,20.16,38.0,31.0,20.32,38.4,1
306600,1260.0,110.0,98.0,0.0,0.0,21.0,31.0,0.0,20.16,38.0,31.0,20.16,38.4,1
307200,1190.0,77.0,94.0,0.0,0.0,21.0,31.0,0.0,20.0,38.0,30.0,20.16,38.4,1
307800,1130.0,78.0,104.0,0.0,0.0,21.0,31.0,0.0,20.0,38.4,31.0,20.16,40.4,1
308400,1130.0,75.0,103.0,0.0,0.0,21.0,31.0,0.0,20.0,38.4,30.0,20.16,40.4,1
309000,1140.0,79.0,102.0,0.0,0.0,20.8,31.0,0.0,20.0,38.4,30.0,20.32,41.2,1
309600,1160.0,23.0,96.0,0.0,0.0,20.8,31.0,0.0,19.84,38.8,30.0,20.32,39.2,1
310200,1130.0,22.0,111.0,0.0,0.0,20.8,31.0,0.0,19.84,38.8,30.0,20.16,38.8,1
310800,1130.0,22.0,102.0,0.0,0.0,20.8,31.0,0.0,19.68,39.6,30.0,20.16,38.8,1
311400,1180.0,22.0,104.0,0.0,0.0,20.8,31.0,0.0,19.52,39.6,30.0,20.32,38.4,1
312000,1160.0,22.0,94.0,0.0,0.0,20.8,31.0,0.0,19.52,39.6,30.0,20.32,38.4,1
312600,1190.0,22.0,92.0,0.0,0.0,20.8,31.0,1.0,19.52,39.6,30.0,20.48,40.8,1
313200,980.0,22.0,93.0,0.0,0.0,20.8,30.0,1.0,19.68,38.4,29.0,20.48,40.8,3
313800,830.0,22.0,92.0,0.0,0.0,20.6,30.0,1.0,19.52,37.6,27.0,20.48,40.8,3
314400,640.0,22.0,97.0,0.0,0.0,20.4,29.0,1.0,19.52,37.6,24.0,20.48,38.8,1
315000,580.0,22.0,93.0,0.0,0.0,20.6,29.0,1.0,19.52,36.8,22.0,20.48,38.8,1
315600,530.0,22.0,92.0,0.0,0.0,20.4,29.0,1.0,19.52,36.8,21.0,20.32,38.0,1
316200,510.0,22.0,96.0,0.0,0.0,20.4,29.0,1.0,19.52,36.8,21.0,20.32,38.0,1
316800,500.0,22.0,95.0,0.0,0.0,20.2,28.0,0.0,19.52,36.8,20.0,20.32,38.0,1
317400,570.0,22.0,11.0,0.0,0.0,20.6,29.0,0.0,19.52,36.8,22.0,20.32,38.0,0
318000,570.0,22.0,11.0,0.0,0.0,20.4,29.0,0.0,19.52,36.8,22.0,20.16,36.8,0
318600,560.0,22.0,11.0,0.0,0.0,20.4,29.0,0.0,19.52,36.8,23.0,20.16,36.8,0
319200,540.0,22.0,11.0,0.0,0.0,20.2,29.0,0.0,19.36,36.8,23.0,20.0,37.2,0
319800,530.0,22.0,11.0,0.0,0.0,20.2,29.0,0.0,19.36,36.8,23.0,20.0,37.2,0
320400,510.0,22.0,11.0,0.0,0.0,20.2,29.0,0.0,19.36,36.4,23.0,20.0,37.2,0
321000,500.0,22.0,11.0,0.0,0.0,20.0,29.0,0.0,19.36,36.4,23.0,20.0,37.2,0
321600,490.0,22.0,11.0,0.0,0.0,20.0,29.0,0.0,19.36,36.4,23.0,19.84,37.2,0
322200,480.0,22.0,11.0,0.0,0.0,20.0,29.0,0.0,19.36,36.4,23.0,19.84,37.2,0
322800,470.0,22.0,11.0,0.0,0.0,20.0,29.0,0.0,19.36,36.0,22.0,19.68,37.2,0
323400,460.0,22.0,11.0,0.0,0.0,19.8,29.0,0.0,19.36,36.0,22.0,19.68,37.2,0
324000,450.0,22.0,11.0,0.0,0.0,19.8,29.0,0.0,19.36,36.0,22.0,19.68,37.2,0
324600,440.0,22.0,11.0,0.0,0.0,19.8,29.0,0.0,19.2,36.0,22.0,19.68,37.2,0
325200,430.0,22.0,11.0,0.0,0.0,19.8,29.0,0.0,19.2,36.0,22.0,19.52,36.8,0
325800,430.0,22.0,11.0,0.0,0.0,19.8,29.0,0.0,19.2,36.0,22.0,19.52,36.8,0
326400,430.0,22.0,11.0,0.0,0.0,19.8,29.0,0.0,19.2,35.6,22.0,19.52,36.8,0
327000,420.0,22.0,11.0,0.0,0.0,19.6,29.0,0.0,19.2,35.6,22.0,19.52,36.8,0
327600,420.0,22.0,11.0,0.0,0.0,19.6,29.0,0.0,19.2,35.6,22.0,19.52,36.8,0
328200,420.0,22.0,11.0,0.0,0.0,19.6,29.0,0.0,19.2,35.6,22.0,19.36,36.8,0
328800,410.0,22.0,11.0,0.0,0.0,19.6,29.0,0.0,19.2,35.6,22.0,19.36,36.8,0
329400,410.0,22.0,11.0,0.0,0.0,19.6,29.0,0.0,19.2,35.2,22.0,19.36,36.8,0
330000,410.0,22.0,11.0,0.0,0.0,19.6,29.0,0.0,19.2,35.2,22.0,19.36,36.4,0
330600,400.0,22.0,11.0,0.0,0.0,19.6,29.0,0.0,19.04,35.6,22.0,19.36,36.4,0
331200,400.0,22.0,11.0,0.0,0.0,19.6,29.0,0.0,19.04,35.6,22.0,19.2,36.4,0
331800,400.0,22.0,11.0,0.0,0.0,19.6,29.0,0.0,18.88,35.6,22.0,19.2,36.4,0
332400,400.0,22.0,11.0,0.0,0.0,19.4,29.0,0.0,18.88,35.6,21.0,19.2,36.4,0
333000,390.0,22.0,11.0,0.0,0.0,19.6,29.0,0.0,18.88,35.6,21.0,19.2,36.4,0
333600,390.0,22.0,11.0,0.0,0.0,19.4,29.0,0.0,18.88,35.2,21.0,19.2,36.4,0
334200,390.0,22.0,11.0,0.0,0.0,19.4,29.0,0.0,18.88,35.2,21.0,19.2,36.4,0
334800,390.0,22.0,11.0,0.0,0.0,19.4,29.0,0.0,19.2,34.8,21.0,19.2,36.4,0
335400,390.0,22.0,11.0,0.0,0.0,19.4,29.0,0.0,19.2,34.8,21.0,19.2,36.4,0
336000,390.0,22.0,11.0,0.0,0.0,19.4,29.0,0.0,19.04,34.4,21.0,19.04,36.4,0
336600,390.0,22.0,11.0,0.0,0.0,19.4,29.0,0.0,19.04,34.4,21.0,19.04,36.4,0
337200,390.0,22.0,11.0,0.0,0.0,19.4,28.0,0.0,19.04,34.4,21.0,19.04,36.4,0
337800,390.0,22.0,11.0,0.0,0.0,19.4,28.0,0.0,19.04,34.4,21.0,19.04,36.4,0
338400,390.0,22.0,11.0,0.0,0.0,19.4,28.0,0.0,19.04,34.4,21.0,19.04,36.4,0
339000,390.0,22.0,11.0,0.0,0.0,19.4,28.0,0.0,19.04,34.4,21.0,19.04,36.4,0
339600,390.0,22.0,11.0,0.0,0.0,19.4,28.0,0.0,19.04,34.0,20.0,19.04,36.4,0
340200,390.0,22.0,11.0,0.0,0.0,19.4,28.0,0.0,19.04,34.0,20.0,18.88,36.0,0
340800,390.0,22.0,11.0,0.0,0.0,19.2,28.0,0.0,19.2,34.0,20.0,18.88,36.0,0
341400,390.0,22.0,11.0,0.0,0.0,19.4,28.0,0.0,19.2,34.0,21.0,18.88,36.4,0
342000,390.0,22.0,11.0,0.0,0.0,19.2,28.0,0.0,19.2,33.6,21.0,18.88,36.4,0
342600,390.0,22.0,11.0,0.0,0.0,19.4,28.0,0.0,19.2,33.6,21.0,18.88,36.4,0
343200,390.0,22.0,11.0,0.0,0.0,19.2,28.0,0.0,19.04,33.6,21.0,18.88,36.4,0
343800,390.0,22.0,11.0,0.0,0.0,19.2,28.0,0.0,19.2,33.6,21.0,18.72,36.4,0
344400,390.0,22.0,11.0,0.0,0.0,19.2,28.0,0.0,19.2,33.6,21.0,18.72,36.4,0
345000,390.0,22.0,11.0,0.0,0.0,19.2,28.0,0.0,19.2,33.6,21.0,18.72,36.4,0
345600,390.0,22.0,11.0,0.0,0.0,19.2,28.0,0.0,19.36,33.2,21.0,18.72,36.4,0
346200,390.0,22.0,11.0,0.0,0.0,19.2,28.0,0.0,19.36,33.2,21.0,18.72,36.4,0
346800,390.0,22.0,11.0,0.0,0.0,19.2,28.0,0.0,19.36,33.2,21.0,18.4,36.8,0
347400,390.0,22.0,11.0,0.0,0.0,19.2,28.0,0.0,19.36,33.2,21.0,18.4,36.8,0
348000,390.0,22.0,11.0,0.0,0.0,19.2,28.0,0.0,19.36,33.2,22.0,18.4,36.8,0
348600,390.0,22.0,11.0,0.0,0.0,19.2,28.0,0.0,19.36,33.2,21.0,18.4,36.8,0
349200,390.0,22.0,11.0,0.0,0.0,19.2,28.0,0.0,19.52,32.8,21.0,18.24,37.2,0
349800,390.0,22.0,11.0,0.0,0.0,19.4,28.0,0.0,20.0,32.0,21.0,18.24,37.2,0
350400,390.0,22.0,11.0,0.0,0.0,19.4,28.0,0.0,20.0,32.0,21.0,18.24,37.2,0
351000,390.0,22.0,11.0,0.0,0.0,19.6,28.0,0.0,20.0,32.0,21.0,18.24,37.2,0
351600,390.0,22.0,11.0,0.0,0.0,19.6,28.0,0.0,20.16,32.0,21.0,18.24,37.2,0
352200,390.0,22.0,11.0,0.0,0.0,19.6,28.0,0.0,20.16,32.0,22.0,18.4,37.2,0
352800,390.0,22.0,0.0,0.0,0.0,19.6,28.0,0.0,20.32,31.6,23.0,18.72,37.2,0
353400,420.0,22.0,0.0,0.0,0.0,19.6,28.0,0.0,20.32,31.6,23.0,18.72,37.2,0
354000,430.0,22.0,0.0,0.0,0.0,19.8,27.0,0.0,20.32,31.2,24.0,18.56,36.8,0
354600,420.0,22.0,0.0,0.0,0.0,19.8,27.0,0.0,20.32,31.2,24.0,18.4,36.4,0
355200,420.0,22.0,0.0,0.0,0.0,19.8,27.0,0.0,20.64,30.8,25.0,18.4,36.4,0
355800,410.0,22.0,0.0,0.0,0.0,20.0,27.0,0.0,20.64,30.8,25.0,18.56,36.0,0
356400,410.0,22.0,0.0,0.0,0.0,19.8,27.0,0.0,20.8,30.4,25.0,18.72,36.0,0
357000,400.0,22.0,0.0,0.0,0.0,20.0,27.0,0.0,20.8,30.4,24.0,18.72,36.0,0
357600,400.0,22.0,0.0,0.0,0.0,20.0,27.0,0.0,20.8,30.4,24.0,18.72,36.0,0
358200,400.0,22.0,0.0,0.0,0.0,20.0,27.0,0.0,20.8,30.4,23.0,18.72,36.0,0
358800,400.0,22.0,0.0,0.0,0.0,20.0,27.0,0.0,20.8,30.4,23.0,18.88,36.0,0
359400,410.0,22.0,0.0,0.0,0.0,20.0,27.0,0.0,20.96,30.4,22.0,18.88,36.0,0
360000,410.0,22.0,0.0,0.0,0.0,20.0,27.0,0.0,20.96,30.4,22.0,19.04,36.4,0
360600,420.0,107.0,0.0,0.0,0.0,20.2,27.0,0.0,21.12,30.4,22.0,19.04,36.4,0
361200,420.0,99.0,0.0,0.0,0.0,20.2,27.0,0.0,21.12,30.4,22.0,19.2,36.4,0
361800,430.0,98.0,0.0,0.0,0.0,20.2,27.0,0.0,21.12,30.4,21.0,19.2,36.4,0
362400,430.0,87.0,0.0,0.0,0.0,20.2,27.0,0.0,21.12,30.4,21.0,19.2,36.0,0
363000,430.0,84.0,0.0,0.0,0.0,20.2,27.0,0.0,21.28,30.4,21.0,19.2,36.0,0
363600,430.0,80.0,0.0,0.0,0.0,20.2,27.0,0.0,21.28,30.4,21.0,19.36,36.4,0
364200,430.0,84.0,0.0,0.0,0.0,20.2,27.0,0.0,21.28,30.4,21.0,19.36,36.4,0
364800,440.0,79.0,0.0,0.0,0.0,20.2,27.0,0.0,21.28,30.4,21.0,19.68,36.8,0
365400,450.0,80.0,0.0,0.0,0.0,20.2,27.0,0.0,21.28,30.4,21.0,19.84,36.4,0
366000,450.0,77.0,0.0,0.0,0.0,20.2,27.0,0.0,21.28,30.8,21.0,19.84,36.4,0
366600,460.0,78.0,0.0,0.0,0.0,20.4,27.0,0.0,21.28,30.8,21.0,19.84,36.4,0
367200,460.0,77.0,0.0,0.0,0.0,20.2,27.0,0.0,21.28,30.8,21.0,20.16,36.0,0
367800,470.0,83.0,0.0,0.0,0.0,20.4,27.0,0.0,21.28,30.8,21.0,20.16,36.0,0
368400,470.0,88.0,0.0,0.0,0.0,20.4,27.0,0.0,21.28,31.2,21.0,20.16,36.0,0
369000,470.0,88.0,0.0,0.0,0.0,20.4,27.0,0.0,21.28,31.2,22.0,20.16,36.0,0
369600,480.0,77.0,0.0,0.0,0.0,20.4,27.0,0.0,21.28,31.2,22.0,20.32,36.4,0
370200,490.0,79.0,0.0,0.0,0.0,20.4,27.0,0.0,21.28,31.2,22.0,20.32,35.2,0
370800,500.0,75.0,0.0,0.0,0.0,20.4,27.0,0.0,21.12,31.6,22.0,20.32,35.2,0
371400,510.0,75.0,0.0,0.0,0.0,20.4,27.0,0.0,21.12,31.6,23.0,20.32,34.8,0
372000,500.0,82.0,0.0,0.0,0.0,20.4,27.0,0.0,21.12,31.6,22.0,20.32,34.8,0
372600,500.0,74.0,0.0,0.0,0.0,20.4,27.0,0.0,21.12,31.6,23.0,20.48,34.8,0
373200,500.0,38.0,0.0,0.0,0.0,20.4,27.0,0.0,20.96,31.6,23.0,20.64,34.4,0
373800,500.0,38.0,0.0,0.0,0.0,20.4,27.0,0.0,20.96,32.0,23.0,20.64,34.4,0
374400,510.0,40.0,0.0,0.0,0.0,20.4,27.0,0.0,20.96,32.0,23.0,20.64,33.2,0
375000,530.0,40.0,0.0,0.0,0.0,20.4,27.0,0.0,20.96,32.0,23.0,20.64,31.2,0
375600,560.0,40.0,0.0,0.0,0.0,20.4,27.0,0.0,20.8,31.2,23.0,20.64,30.4,0
376200,570.0,40.0,0.0,0.0,0.0,20.4,27.0,0.0,20.8,31.2,22.0,20.64,30.4,0
376800,550.0,23.0,59.0,0.0,0.0,20.4,27.0,0.0,20.64,30.8,22.0,20.64,30.4,0
377400,580.0,24.0,137.0,0.0,0.0,20.6,27.0,0.0,20.48,31.2,29.0,20.48,29.6,1
378000,690.0,24.0,133.0,0.0,0.0,20.6,27.0,0.0,20.48,31.2,43.0,20.48,29.6,1
378600,730.0,23.0,127.0,0.0,0.0,20.8,27.0,0.0,20.48,31.6,48.0,20.64,30.4,1
379200,750.0,24.0,128.0,0.0,0.0,20.6,27.0,0.0,20.48,31.6,49.0,20.64,30.4,1
379800,780.0,24.0,130.0,0.0,0.0,20.8,27.0,0.0,20.32,32.0,52.0,20.48,30.4,1
380400,790.0,24.0,121.0,0.0,0.0,20.8,27.0,0.0,20.48,34.0,54.0,20.64,30.4,1
381000,820.0,81.0,124.0,0.0,0.0,21.0,27.0,0.0,20.48,34.0,58.0,20.64,30.4,2
381600,880.0,82.0,110.0,0.0,0.0,21.0,27.0,0.0,20.64,35.2,60.0,20.64,30.8,2
382200,970.0,79.0,110.0,0.0,0.0,21.0,28.0,0.0,20.64,35.2,61.0,20.64,30.8,2
382800,1050.0,74.0,110.0,0.0,0.0,21.0,28.0,0.0,20.64,36.0,63.0,20.48,30.8,2
383400,1140.0,76.0,109.0,0.0,0.0,21.0,28.0,1.0,20.48,34.8,63.0,20.48,32.8,2
384000,1060.0,37.0,124.0,0.0,0.0,21.0,28.0,1.0,20.48,32.8,62.0,20.64,34.8,2
384600,1070.0,38.0,108.0,0.0,0.0,20.8,28.0,0.0,20.48,32.8,56.0,20.64,34.8,2
385200,940.0,88.0,107.0,0.0,0.0,21.0,28.0,0.0,20.32,34.4,51.0,20.64,33.6,2
385800,920.0,90.0,105.0,0.0,0.0,21.0,28.0,0.0,20.32,34.4,46.0,20.64,33.6,1
386400,990.0,80.0,103.0,0.0,0.0,21.0,28.0,0.0,20.16,34.4,47.0,20.64,33.6,1
387000,1010.0,48.0,105.0,0.0,0.0,21.0,28.0,0.0,20.16,34.8,47.0,20.64,34.8,1
387600,1030.0,48.0,22.0,0.0,0.0,21.0,28.0,0.0,20.16,34.8,47.0,20.64,34.8,1
388200,1040.0,42.0,41.0,0.0,0.0,21.0,28.0,0.0,20.16,35.2,48.0,20.48,35.2,1
388800,1080.0,36.0,25.0,0.0,0.0,21.0,28.0,0.0,20.0,35.6,47.0,20.48,36.0,1
389400,1100.0,35.0,32.0,0.0,0.0,21.0,29.0,0.0,20.0,35.6,48.0,20.48,36.0,1
390000,1120.0,85.0,26.0,0.0,0.0,21.0,29.0,0.0,20.16,35.6,47.0,20.48,36.0,1
390600,1130.0,88.0,39.0,0.0,0.0,20.8,29.0,0.0,20.16,35.6,47.0,20.48,36.0,1
391200,1160.0,88.0,37.0,0.0,0.0,20.8,29.0,0.0,20.0,36.4,47.0,20.48,36.4,1
391800,1180.0,75.0,30.0,0.0,0.0,21.0,29.0,0.0,20.0,36.4,47.0,20.48,36.0,1
392400,1210.0,74.0,27.0,0.0,0.0,20.8,29.0,0.0,20.16,38.4,46.0,20.48,36.0,1
393000,1190.0,35.0,99.0,0.0,0.0,21.0,29.0,0.0,20.32,40.4,45.0,20.48,36.4,1
393600,1260.0,39.0,25.0,0.0,0.0,20.8,30.0,0.0,20.32,40.4,53.0,20.48,36.4,3
394200,1440.0,75.0,99.0,0.0,0.0,21.0,30.0,0.0,20.32,39.6,73.0,20.48,35.2,3
394800,1570.0,78.0,96.0,0.0,0.0,21.0,31.0,0.0,20.32,41.6,81.0,20.48,35.2,3
395400,1670.0,22.0,95.0,0.0,0.0,21.0,32.0,1.0,20.16,39.6,96.0,20.48,37.6,3
396000,1510.0,22.0,27.0,0.0,0.0,20.6,31.0,1.0,20.16,37.6,87.0,20.48,37.6,0
396600,1090.0,22.0,28.0,0.0,0.0,20.4,30.0,1.0,19.84,35.6,65.0,20.48,37.2,0
397200,920.0,22.0,27.0,0.0,0.0,20.4,29.0,1.0,19.84,35.6,53.0,20.48,37.2,0
397800,800.0,22.0,103.0,0.0,0.0,20.4,29.0,0.0,19.68,35.6,45.0,20.64,37.6,0
398400,740.0,22.0,102.0,0.0,0.0,20.4,29.0,0.0,19.68,35.6,39.0,20.48,35.6,1
399000,780.0,22.0,106.0,0.0,0.0,20.4,29.0,0.0,19.68,36.0,41.0,20.48,35.6,1
399600,790.0,22.0,97.0,0.0,0.0,20.4,29.0,1.0,19.68,36.0,41.0,20.32,36.4,1
400200,760.0,22.0,107.0,0.0,0.0,20.6,29.0,1.0,19.68,36.4,38.0,20.32,36.4,1
400800,680.0,22.0,12.0,0.0,0.0,20.6,28.0,0.0,19.68,36.4,37.0,20.32,35.6,1
401400,820.0,22.0,11.0,0.0,0.0,20.6,29.0,0.0,19.68,36.8,38.0,20.32,35.6,2
402000,840.0,22.0,11.0,0.0,0.0,20.4,29.0,0.0,19.36,36.8,39.0,20.32,35.2,0
402600,800.0,22.0,11.0,0.0,0.0,20.2,29.0,0.0,19.36,36.8,38.0,20.32,35.2,0
403200,760.0,22.0,11.0,0.0,0.0,20.2,29.0,0.0,19.2,36.4,36.0,20.32,35.2,0
403800,720.0,22.0,11.0,0.0,0.0,20.0,29.0,0.0,19.2,36.4,36.0,20.16,35.2,0
404400,690.0,22.0,11.0,0.0,0.0,20.0,29.0,0.0,19.2,36.4,34.0,20.16,35.2,0
405000,660.0,22.0,11.0,0.0,0.0,19.8,29.0,0.0,19.04,36.0,33.0,20.16,35.2,0
405600,630.0,22.0,11.0,0.0,0.0,19.8,29.0,0.0,18.88,36.0,32.0,20.16,35.2,0
406200,600.0,22.0,11.0,0.0,0.0,19.8,29.0,0.0,18.88,36.0,31.0,20.16,35.2,0
406800,570.0,22.0,11.0,0.0,0.0,19.8,29.0,0.0,18.88,35.6,30.0,20.16,35.2,0
407400,550.0,22.0,11.0,0.0,0.0,19.8,29.0,0.0,18.88,35.6,29.0,20.0,35.2,0
408000,530.0,22.0,11.0,0.0,0.0,19.6,29.0,0.0,18.88,35.6,28.0,20.0,35.2,0
408600,510.0,22.0,11.0,0.0,0.0,19.6,29.0,0.0,18.88,35.6,27.0,20.0,35.2,0
409200,500.0,22.0,11.0,0.0,0.0,19.6,28.0,0.0,18.88,35.6,27.0,20.0,35.2,0
409800,490.0,22.0,11.0,0.0,0.0,19.6,28.0,0.0,18.88,35.6,26.0,20.0,35.2,0
410400,480.0,22.0,11.0,0.0,0.0,19.6,28.0,0.0,18.88,35.6,26.0,20.0,35.2,0
411000,470.0,22.0,11.0,0.0,0.0,19.6,28.0,0.0,18.72,35.6,26.0,20.0,35.2,0
411600,460.0,22.0,11.0,0.0,0.0,19.4,28.0,0.0,18.72,35.6,25.0,20.0,35.2,0
412200,460.0,22.0,11.0,0.0,0.0,19.4,28.0,0.0,18.72,35.2,25.0,19.84,35.6,0
412800,450.0,22.0,11.0,0.0,0.0,19.4,28.0,0.0,18.72,35.2,24.0,19.84,35.6,0
413400,440.0,22.0,11.0,0.0,0.0,19.4,28.0,0.0,18.72,34.8,24.0,19.84,35.6,0
414000,430.0,22.0,11.0,0.0,0.0,19.4,28.0,0.0,18.72,34.8,24.0,19.84,35.6,0
414600,430.0,22.0,11.0,0.0,0.0,19.4,28.0,0.0,19.04,34.4,23.0,19.84,35.6,0
415200,430.0,22.0,11.0,0.0,0.0,19.4,28.0,0.0,19.04,34.4,24.0,19.68,35.2,0
415800,420.0,22.0,11.0,0.0,0.0,19.4,28.0,0.0,19.04,34.4,23.0,19.68,35.2,0
416400,420.0,22.0,11.0,0.0,0.0,19.4,28.0,0.0,19.04,34.4,23.0,19.68,35.2,0
417000,410.0,22.0,11.0,0.0,0.0,19.4,28.0,0.0,19.04,34.4,23.0,19.68,35.2,0
417600,410.0,22.0,11.0,0.0,0.0,19.4,28.0,0.0,19.04,34.0,23.0,19.68,35.2,0
418200,410.0,22.0,11.0,0.0,0.0,19.4,28.0,0.0,19.2,34.0,23.0,19.68,35.2,0
418800,410.0,22.0,11.0,0.0,0.0,19.4,28.0,0.0,19.2,34.0,23.0,19.52,35.2,0
419400,400.0,22.0,11.0,0.0,0.0,19.2,28.0,0.0,19.2,33.6,22.0,19.52,35.2,0
420000,400.0,22.0,11.0,0.0,0.0,19.4,28.0,0.0,19.2,33.6,23.0,19.52,35.2,0
420600,400.0,22.0,11.0,0.0,0.0,19.2,28.0,0.0,19.2,33.6,23.0,19.52,35.2,0
421200,400.0,22.0,11.0,0.0,0.0,19.4,28.0,0.0,19.2,33.6,22.0,19.52,35.2,0
421800,400.0,22.0,11.0,0.0,0.0,19.2,28.0,0.0,19.2,33.6,22.0,19.52,35.2,0
422400,390.0,22.0,11.0,0.0,0.0,19.4,28.0,0.0,19.2,33.6,22.0,19.36,35.2,0
423000,390.0,22.0,11.0,0.0,0.0,19.2,28.0,0.0,19.2,33.2,22.0,19.36,35.2,0
423600,390.0,22.0,11.0,0.0,0.0,19.2,28.0,0.0,19.2,33.2,22.0,19.2,35.6,0
424200,390.0,22.0,11.0,0.0,0.0,19.2,28.0,0.0,19.2,33.2,22.0,19.2,35.6,0
424800,390.0,22.0,11.0,0.0,0.0,19.2,28.0,0.0,19.2,33.2,22.0,19.2,35.6,0
425400,390.0,22.0,11.0,0.0,0.0,19.2,28.0,0.0,19.36,33.2,22.0,19.2,35.6,0
426000,390.0,22.0,11.0,0.0,0.0,19.2,28.0,0.0,19.36,33.2,22.0,19.04,35.6,0
426600,390.0,22.0,11.0,0.0,0.0,19.2,28.0,0.0,19.36,32.8,23.0,19.04,35.6,0
427200,390.0,22.0,11.0,0.0,0.0,19.2,28.0,0.0,19.36,32.8,23.0,19.04,35.6,0
427800,390.0,22.0,11.0,0.0,0.0,19.2,28.0,0.0,19.36,32.8,23.0,19.04,35.6,0
428400,390.0,22.0,11.0,0.0,0.0,19.2,28.0,0.0,19.36,32.8,23.0,19.04,35.6,0
429000,390.0,22.0,11.0,0.0,0.0,19.2,28.0,0.0,19.36,32.8,23.0,19.04,35.6,0
429600,390.0,22.0,11.0,0.0,0.0,19.2,28.0,0.0,19.36,32.8,24.0,19.04,35.6,0
430200,390.0,22.0,11.0,0.0,0.0,19.2,28.0,0.0,19.2,32.8,23.0,18.88,35.6,0
430800,390.0,22.0,11.0,0.0,0.0,19.2,28.0,0.0,19.36,32.8,24.0,19.04,35.6,0
431400,390.0,22.0,11.0,0.0,0.0,19.2,28.0,0.0,19.36,32.8,24.0,19.04,35.6,0
432000,390.0,22.0,11.0,0.0,0.0,19.2,28.0,0.0,19.36,32.8,24.0,19.04,35.6,0
432600,390.0,22.0,11.0,0.0,0.0,19.2,28.0,0.0,19.36,32.4,24.0,18.88,35.6,0
433200,390.0,22.0,11.0,0.0,0.0,19.2,28.0,0.0,19.36,32.4,25.0,18.88,35.6,0
433800,390.0,22.0,11.0,0.0,0.0,19.2,28.0,0.0,19.36,32.4,25.0,18.72,35.6,0
434400,390.0,22.0,11.0,0.0,0.0,19.2,28.0,0.0,19.36,32.4,24.0,18.72,35.6,0
435000,390.0,22.0,11.0,0.0,0.0,19.2,28.0,0.0,19.36,32.4,25.0,18.88,35.6,0
435600,390.0,22.0,11.0,0.0,0.0,19.2,28.0,0.0,19.68,32.0,25.0,18.88,35.6,0
436200,390.0,22.0,11.0,0.0,0.0,19.4,28.0,0.0,20.0,31.6,25.0,18.88,35.6,0
436800,390.0,22.0,11.0,0.0,0.0,19.6,27.0,0.0,20.0,31.6,25.0,18.88,35.6,0
437400,390.0,22.0,11.0,0.0,0.0,19.6,27.0,0.0,20.32,31.2,24.0,18.88,35.6,0
438000,390.0,22.0,11.0,0.0,0.0,19.6,27.0,0.0,20.32,31.2,25.0,19.04,35.2,0
438600,390.0,22.0,11.0,0.0,0.0,19.8,27.0,0.0,20.32,30.8,25.0,19.04,35.2,0
439200,390.0,22.0,11.0,0.0,0.0,19.8,27.0,0.0,20.48,30.8,25.0,18.88,35.2,0
439800,390.0,22.0,11.0,0.0,0.0,19.8,27.0,0.0,20.48,30.8,24.0,19.04,35.2,0
440400,390.0,22.0,11.0,0.0,0.0,19.8,27.0,0.0,20.48,30.8,24.0,19.04,35.2,0
441000,390.0,22.0,11.0,0.0,0.0,19.8,27.0,0.0,20.48,30.8,23.0,18.88,35.6,0
441600,390.0,22.0,11.0,0.0,0.0,19.8,27.0,0.0,20.64,30.4,23.0,18.88,35.6,0
442200,390.0,22.0,11.0,0.0,0.0,19.8,27.0,0.0,20.64,30.4,22.0,19.04,35.6,0
442800,390.0,22.0,11.0,0.0,0.0,20.0,27.0,0.0,20.8,30.4,22.0,19.04,35.6,0
443400,390.0,22.0,11.0,0.0,0.0,20.0,27.0,0.0,20.96,30.4,22.0,19.04,35.6,0
444000,390.0,22.0,11.0,0.0,0.0,20.0,27.0,0.0,20.96,30.4,22.0,19.04,35.6,0
444600,390.0,22.0,11.0,0.0,0.0,20.0,27.0,0.0,20.96,30.4,22.0,19.2,35.6,0
445200,390.0,22.0,11.0,0.0,0.0,20.0,27.0,0.0,20.96,30.4,21.0,19.2,35.6,0
445800,390.0,22.0,11.0,0.0,0.0,20.0,27.0,0.0,20.96,30.4,21.0,19.2,35.6,0
446400,390.0,22.0,11.0,0.0,0.0,20.0,27.0,0.0,20.96,30.0,21.0,19.36,35.6,0
447000,390.0,22.0,11.0,0.0,0.0,20.0,27.0,0.0,20.96,30.0,21.0,19.36,35.6,0
447600,390.0,22.0,11.0,0.0,0.0,20.2,27.0,0.0,21.12,30.0,20.0,19.36,35.2,0
448200,390.0,22.0,11.0,0.0,0.0,20.2,26.0,0.0,21.12,30.0,20.0,19.52,35.2,0
448800,390.0,22.0,11.0,0.0,0.0,20.2,26.0,0.0,21.12,30.0,20.0,19.52,35.2,0
449400,390.0,22.0,11.0,0.0,0.0,20.2,26.0,0.0,21.12,30.0,19.0,19.68,34.4,0
450000,390.0,22.0,11.0,0.0,0.0,20.2,26.0,0.0,21.28,29.6,19.0,19.68,34.4,0
450600,390.0,22.0,11.0,0.0,0.0,20.2,26.0,0.0,21.28,29.6,18.0,19.84,34.0,0
451200,390.0,22.0,11.0,0.0,0.0,20.4,26.0,0.0,21.44,29.6,18.0,20.0,33.6,0
451800,390.0,22.0,11.0,0.0,0.0,20.4,26.0,0.0,21.28,29.6,18.0,20.0,33.6,0
452400,390.0,22.0,11.0,0.0,0.0,20.4,26.0,0.0,21.28,29.6,18.0,20.16,33.2,0
453000,390.0,22.0,11.0,0.0,0.0,20.4,26.0,0.0,21.28,29.2,17.0,20.16,33.2,0
453600,390.0,22.0,11.0,0.0,0.0,20.4,26.0,0.0,21.28,29.2,16.0,20.48,32.8,0
454200,390.0,22.0,11.0,0.0,0.0,20.4,26.0,0.0,21.28,29.2,16.0,20.48,32.8,0
454800,390.0,22.0,11.0,0.0,0.0,20.4,26.0,0.0,21.28,29.2,16.0,20.48,32.4,0
455400,390.0,22.0,11.0,0.0,0.0,20.4,26.0,0.0,21.44,28.8,16.0,20.64,32.0,0
456000,390.0,22.0,11.0,0.0,0.0,20.4,26.0,0.0,21.28,28.8,16.0,20.64,32.0,0
456600,390.0,22.0,11.0,0.0,0.0,20.4,25.0,0.0,21.28,28.8,16.0,20.64,32.0,0
457200,390.0,22.0,11.0,0.0,0.0,20.4,25.0,0.0,21.28,28.8,17.0,20.64,32.0,0
457800,390.0,22.0,11.0,0.0,0.0,20.4,26.0,0.0,21.28,28.8,17.0,20.64,32.0,0
458400,390.0,22.0,11.0,0.0,0.0,20.4,26.0,0.0,21.28,28.8,17.0,20.64,32.0,0
459000,390.0,22.0,11.0,0.0,0.0,20.4,26.0,0.0,21.12,29.2,17.0,20.8,32.0,0
459600,390.0,22.0,11.0,0.0,0.0,20.4,26.0,0.0,21.12,29.2,17.0,20.8,32.0,0
460200,400.0,22.0,11.0,0.0,0.0,20.4,26.0,0.0,21.12,29.2,18.0,20.8,32.0,0
460800,400.0,22.0,11.0,0.0,0.0,20.4,26.0,0.0,21.12,29.2,18.0,20.8,32.0,0
461400,410.0,22.0,11.0,0.0,0.0,20.4,26.0,0.0,20.8,29.6,18.0,20.96,32.0,0
462000,410.0,22.0,11.0,0.0,0.0,20.4,26.0,0.0,20.8,29.6,18.0,20.96,32.0,0
462600,410.0,22.0,11.0,0.0,0.0,20.4,26.0,0.0,20.64,30.0,19.0,20.96,32.0,0
463200,410.0,22.0,11.0,0.0,0.0,20.2,26.0,0.0,20.48,30.4,19.0,20.96,32.0,0
463800,400.0,22.0,11.0,0.0,0.0,20.2,26.0,0.0,20.48,30.4,19.0,20.96,32.0,0
464400,400.0,22.0,11.0,0.0,0.0,20.2,26.0,0.0,20.32,30.8,19.0,20.96,31.6,0
465000,400.0,22.0,11.0,0.0,0.0,20.2,26.0,0.0,20.32,30.8,19.0,20.96,31.6,0
465600,400.0,22.0,11.0,0.0,0.0,20.2,26.0,0.0,20.16,30.8,20.0,21.12,31.6,0
466200,400.0,22.0,11.0,0.0,0.0,20.2,26.0,0.0,20.16,30.8,20.0,21.12,31.6,0
466800,400.0,22.0,11.0,0.0,0.0,20.2,26.0,0.0,20.0,30.8,20.0,21.44,31.2,0
467400,400.0,22.0,11.0,0.0,0.0,20.2,26.0,0.0,20.0,30.8,20.0,21.44,31.2,0
468000,400.0,22.0,11.0,0.0,0.0,20.2,26.0,0.0,20.0,30.8,20.0,21.12,30.8,0
468600,400.0,22.0,11.0,0.0,0.0,20.0,26.0,0.0,19.84,31.2,20.0,21.12,30.4,0
469200,390.0,22.0,11.0,0.0,0.0,20.0,26.0,0.0,19.68,31.2,20.0,20.96,30.4,0
469800,390.0,22.0,11.0,0.0,0.0,20.0,26.0,0.0,19.68,31.2,20.0,20.96,30.4,0
470400,390.0,22.0,11.0,0.0,0.0,20.0,26.0,0.0,19.68,30.8,21.0,20.96,30.4,0
471000,390.0,22.0,11.0,0.0,0.0,20.0,25.0,0.0,19.68,30.8,21.0,20.96,30.4,0
471600,390.0,22.0,11.0,0.0,0.0,20.0,25.0,0.0,19.52,31.2,21.0,20.96,30.4,0
472200,390.0,22.0,11.0,0.0,0.0,20.0,25.0,0.0,19.52,31.2,21.0,20.96,30.4,0
472800,390.0,22.0,11.0,0.0,0.0,19.8,25.0,0.0,19.52,31.2,21.0,20.96,30.4,0
473400,390.0,22.0,11.0,0.0,0.0,19.8,25.0,0.0,19.52,31.2,21.0,20.8,30.8,0
474000,390.0,22.0,11.0,0.0,0.0,19.8,25.0,0.0,19.52,31.2,21.0,20.8,31.6,0
474600,390.0,22.0,11.0,0.0,0.0,19.8,26.0,0.0,19.36,31.2,21.0,20.8,31.6,0
475200,390.0,22.0,11.0,0.0,0.0,19.8,26.0,0.0,19.52,31.2,22.0,20.8,31.6,0
475800,390.0,22.0,11.0,0.0,0.0,19.8,26.0,0.0,19.36,31.6,22.0,20.96,32.0,0
476400,390.0,22.0,11.0,0.0,0.0,19.8,26.0,0.0,19.36,31.6,22.0,20.96,32.0,0
477000,390.0,22.0,11.0,0.0,0.0,19.8,26.0,0.0,19.36,31.6,22.0,20.8,32.0,0
477600,390.0,22.0,11.0,0.0,0.0,19.8,26.0,0.0,19.36,31.6,22.0,20.8,32.0,0
478200,390.0,22.0,11.0,0.0,0.0,19.8,26.0,0.0,19.36,31.6,22.0,20.8,32.4,0
478800,390.0,22.0,11.0,0.0,0.0,19.6,26.0,0.0,19.2,31.6,22.0,20.8,32.4,0
479400,390.0,22.0,11.0,0.0,0.0,19.6,26.0,0.0,19.2,32.0,22.0,20.8,32.4,0
480000,390.0,22.0,11.0,0.0,0.0,19.6,26.0,0.0,19.2,32.0,22.0,20.8,32.4,0
480600,390.0,22.0,11.0,0.0,0.0,19.6,26.0,0.0,19.2,32.0,21.0,20.64,32.4,0
481200,390.0,22.0,11.0,0.0,0.0,19.6,26.0,0.0,19.2,32.0,21.0,20.64,32.4,0
481800,390.0,22.0,11.0,0.0,0.0,19.6,26.0,0.0,19.2,32.0,21.0,20.8,32.8,0
482400,390.0,22.0,11.0,0.0,0.0,19.6,26.0,0.0,19.2,32.0,21.0,20.8,32.8,0
483000,390.0,22.0,11.0,0.0,0.0,19.4,26.0,0.0,19.04,32.4,21.0,20.64,32.8,0
483600,390.0,22.0,11.0,0.0,0.0,19.4,26.0,0.0,19.04,32.4,21.0,20.64,32.8,0
484200,390.0,22.0,11.0,0.0,0.0,19.4,26.0,0.0,19.04,32.4,21.0,20.64,32.8,0
484800,390.0,22.0,11.0,0.0,0.0,19.4,27.0,0.0,18.88,32.4,21.0,20.64,32.8,0
485400,390.0,22.0,11.0,0.0,0.0,19.4,27.0,0.0,18.88,32.8,21.0,20.64,32.8,0
486000,390.0,22.0,11.0,0.0,0.0,19.4,27.0,0.0,18.88,32.8,21.0,20.64,32.8,0
486600,390.0,22.0,11.0,0.0,0.0,19.4,27.0,0.0,18.88,32.8,21.0,20.64,33.2,0
487200,390.0,22.0,11.0,0.0,0.0,19.4,27.0,0.0,18.88,32.8,21.0,20.64,33.2,0
487800,390.0,22.0,11.0,0.0,0.0,19.2,27.0,0.0,18.88,32.8,21.0,20.64,33.2,0
488400,390.0,22.0,11.0,0.0,0.0,19.4,27.0,0.0,18.72,32.8,21.0,20.48,33.2,0
489000,390.0,22.0,11.0,0.0,0.0,19.4,27.0,0.0,18.72,32.8,21.0,20.48,33.2,0
489600,390.0,22.0,11.0,0.0,0.0,19.2,27.0,0.0,18.72,33.2,20.0,20.48,33.2,0
490200,390.0,22.0,11.0,0.0,0.0,19.2,27.0,0.0,18.72,33.2,20.0,20.48,33.2,0
490800,390.0,22.0,11.0,0.0,0.0,19.2,27.0,0.0,18.72,33.2,20.0,20.48,33.2,0
491400,390.0,22.0,11.0,0.0,0.0,19.2,27.0,0.0,18.72,33.2,20.0,20.48,33.6,0
492000,390.0,22.0,11.0,0.0,0.0,19.2,27.0,0.0,18.56,33.2,20.0,20.48,33.6,0
492600,390.0,22.0,11.0,0.0,0.0,19.2,27.0,0.0,18.56,33.2,20.0,20.48,33.6,0
493200,390.0,22.0,11.0,0.0,0.0,19.2,27.0,0.0,18.56,33.6,20.0,20.48,33.6,0
493800,390.0,22.0,11.0,0.0,0.0,19.2,27.0,0.0,18.56,33.6,20.0,20.48,33.6,0
494400,390.0,22.0,11.0,0.0,0.0,19.0,27.0,0.0,18.56,33.6,19.0,20.48,33.6,0
495000,390.0,22.0,11.0,0.0,0.0,19.2,27.0,0.0,18.56,33.6,19.0,20.48,33.6,0
495600,390.0,22.0,11.0,0.0,0.0,19.2,27.0,0.0,18.56,33.6,19.0,20.32,33.6,0
496200,390.0,22.0,11.0,0.0,0.0,19.0,27.0,0.0,18.72,33.6,19.0,20.32,33.6,0
496800,390.0,22.0,11.0,0.0,0.0,19.2,27.0,0.0,18.72,33.6,19.0,20.32,33.6,0
497400,390.0,22.0,11.0,0.0,0.0,19.2,27.0,0.0,18.72,33.2,19.0,20.32,34.0,0
498000,390.0,22.0,11.0,0.0,0.0,19.2,27.0,0.0,18.72,33.2,19.0,20.32,34.0,0
498600,390.0,22.0,11.0,0.0,0.0,19.2,27.0,0.0,18.88,33.6,19.0,20.32,34.0,0
499200,390.0,22.0,11.0,0.0,0.0,19.2,27.0,0.0,18.88,33.6,19.0,20.32,34.0,0
499800,390.0,22.0,11.0,0.0,0.0,19.2,27.0,0.0,18.88,33.2,19.0,20.16,34.0,0
500400,390.0,22.0,11.0,0.0,0.0,19.0,27.0,0.0,18.88,33.2,19.0,20.16,34.0,0
501000,390.0,22.0,11.0,0.0,0.0,19.2,27.0,0.0,18.88,33.2,19.0,20.16,34.0,0
501600,390.0,22.0,11.0,0.0,0.0,19.2,27.0,0.0,18.88,33.2,19.0,20.16,34.0,0
502200,390.0,22.0,11.0,0.0,0.0,19.2,27.0,0.0,18.88,33.2,19.0,20.16,34.0,0
502800,390.0,22.0,11.0,0.0,0.0,19.2,27.0,0.0,18.88,33.6,19.0,20.16,34.0,0
503400,390.0,22.0,11.0,0.0,0.0,19.2,27.0,0.0,18.88,33.2,19.0,20.16,34.0,0
504000,390.0,22.0,11.0,0.0,0.0,19.2,27.0,0.0,18.88,33.2,19.0,20.0,34.0,0
504600,390.0,22.0,11.0,0.0,0.0,19.2,27.0,0.0,18.88,33.6,19.0,20.0,34.0,0
505200,400.0,22.0,11.0,0.0,0.0,19.2,27.0,0.0,18.88,33.6,19.0,20.0,34.0,0
505800,400.0,22.0,11.0,0.0,0.0,19.0,27.0,0.0,18.72,33.6,19.0,20.0,34.0,0
506400,400.0,22.0,11.0,0.0,0.0,19.0,27.0,0.0,18.72,33.6,19.0,20.0,34.0,0
507000,400.0,22.0,11.0,0.0,0.0,19.2,27.0,0.0,18.72,33.6,19.0,20.0,34.0,0
507600,400.0,22.0,11.0,0.0,0.0,19.2,27.0,0.0,18.72,33.6,19.0,20.0,34.0,0
508200,400.0,22.0,11.0,0.0,0.0,19.0,27.0,0.0,18.72,33.6,19.0,20.0,34.4,0
508800,400.0,22.0,11.0,0.0,0.0,19.2,27.0,0.0,18.72,33.6,19.0,20.0,34.4,0
509400,400.0,22.0,11.0,0.0,0.0,19.2,27.0,0.0,18.72,33.6,19.0,19.84,34.4,0
510000,400.0,22.0,11.0,0.0,0.0,19.0,27.0,0.0,18.88,33.6,19.0,19.84,34.4,0
510600,400.0,22.0,11.0,0.0,0.0,19.0,27.0,0.0,18.88,33.6,19.0,19.84,34.4,0
511200,400.0,22.0,11.0,0.0,0.0,19.0,27.0,0.0,18.88,33.6,19.0,19.84,34.4,0
511800,400.0,22.0,11.0,0.0,0.0,19.0,27.0,0.0,18.72,33.6,19.0,19.84,34.4,0
512400,400.0,22.0,11.0,0.0,0.0,19.0,27.0,0.0,18.72,33.6,19.0,19.84,34.4,0
513000,410.0,22.0,11.0,0.0,0.0,19.0,27.0,0.0,18.88,33.2,19.0,19.84,34.4,0
513600,410.0,22.0,11.0,0.0,0.0,19.0,27.0,0.0,18.88,33.2,19.0,19.84,34.4,0
514200,410.0,22.0,11.0,0.0,0.0,19.2,27.0,0.0,18.88,33.2,19.0,19.84,34.4,0
514800,400.0,22.0,11.0,0.0,0.0,19.2,27.0,0.0,18.88,33.2,19.0,19.68,34.4,0
515400,410.0,22.0,11.0,0.0,0.0,19.2,27.0,0.0,19.04,33.2,19.0,19.68,34.4,0
516000,410.0,22.0,11.0,0.0,0.0,19.2,27.0,0.0,19.04,33.2,19.0,19.68,34.4,0
516600,410.0,22.0,11.0,0.0,0.0,19.2,27.0,0.0,19.04,33.2,19.0,19.68,34.4,0
517200,410.0,22.0,11.0,0.0,0.0,19.2,27.0,0.0,19.04,32.8,20.0,19.68,34.4,0
517800,410.0,22.0,11.0,0.0,0.0,19.2,27.0,0.0,19.04,32.8,20.0,19.68,34.8,0
518400,410.0,22.0,11.0,0.0,0.0,19.2,27.0,0.0,19.04,32.8,20.0,19.68,34.8,0
519000,410.0,22.0,11.0,0.0,0.0,19.2,27.0,0.0,19.04,32.8,20.0,19.68,34.8,0
519600,410.0,22.0,11.0,0.0,0.0,19.2,27.0,0.0,19.04,32.8,20.0,19.52,34.8,0
520200,410.0,22.0,11.0,0.0,0.0,19.2,27.0,0.0,19.04,32.8,20.0,19.52,34.8,0
520800,410.0,22.0,11.0,0.0,0.0,19.2,27.0,0.0,19.2,32.8,20.0,19.52,34.8,0
521400,410.0,22.0,11.0,0.0,0.0,19.2,27.0,0.0,19.2,32.8,21.0,19.52,34.8,0
522000,410.0,22.0,11.0,0.0,0.0,19.2,27.0,0.0,19.2,32.8,21.0,19.52,34.8,0
522600,420.0,22.0,11.0,0.0,0.0,19.0,27.0,0.0,19.2,32.8,21.0,19.36,34.8,0
523200,420.0,22.0,11.0,0.0,0.0,19.2,27.0,0.0,19.2,32.8,21.0,19.36,34.8,0
523800,420.0,22.0,11.0,0.0,0.0,19.2,27.0,0.0,19.2,32.8,21.0,19.36,34.8,0
524400,420.0,22.0,11.0,0.0,0.0,19.2,27.0,0.0,19.2,32.4,22.0,19.36,34.8,0
525000,420.0,22.0,11.0,0.0,0.0,19.2,27.0,0.0,19.2,32.4,22.0,19.36,35.2,0
525600,420.0,22.0,11.0,0.0,0.0,19.2,27.0,0.0,19.2,32.4,22.0,19.36,35.2,0
526200,420.0,22.0,11.0,0.0,0.0,19.2,27.0,0.0,19.2,32.4,22.0,19.36,35.2,0
526800,420.0,22.0,11.0,0.0,0.0,19.2,27.0,0.0,19.36,32.4,22.0,19.36,35.2,0
527400,420.0,22.0,11.0,0.0,0.0,19.2,27.0,0.0,19.2,32.4,22.0,19.36,35.2,0
528000,420.0,22.0,11.0,0.0,0.0,19.2,27.0,0.0,19.2,32.4,22.0,19.36,35.2,0
528600,420.0,22.0,11.0,0.0,0.0,19.2,27.0,0.0,19.2,32.4,22.0,19.36,35.2,0
529200,420.0,22.0,11.0,0.0,0.0,19.2,27.0,0.0,19.36,32.4,21.0,19.2,35.2,0
529800,420.0,22.0,11.0,0.0,0.0,19.2,27.0,0.0,19.36,32.4,21.0,19.2,35.2,0
530400,420.0,22.0,11.0,0.0,0.0,19.2,27.0,0.0,19.36,32.0,20.0,19.2,35.2,0
531000,420.0,22.0,11.0,0.0,0.0,19.2,27.0,0.0,19.36,32.0,20.0,19.36,34.8,0
531600,420.0,22.0,11.0,0.0,0.0,19.4,27.0,0.0,19.36,32.0,20.0,19.36,34.8,0
532200,420.0,22.0,11.0,0.0,0.0,19.4,27.0,0.0,19.36,32.0,20.0,19.2,35.2,0
532800,420.0,22.0,11.0,0.0,0.0,19.2,27.0,0.0,19.36,32.0,19.0,19.2,35.2,0
533400,420.0,22.0,11.0,0.0,0.0,19.4,27.0,0.0,19.52,32.0,19.0,19.2,35.2,0
534000,420.0,22.0,11.0,0.0,0.0,19.4,27.0,0.0,19.52,32.0,19.0,19.2,35.2,0
534600,420.0,22.0,11.0,0.0,0.0,19.4,27.0,0.0,19.68,32.0,19.0,19.52,34.8,0
535200,420.0,22.0,11.0,0.0,0.0,19.4,27.0,0.0,19.68,32.0,19.0,19.52,34.8,0
535800,420.0,22.0,11.0,0.0,0.0,19.4,27.0,0.0,19.68,32.0,19.0,19.52,34.8,0
536400,420.0,22.0,11.0,0.0,0.0,19.4,27.0,0.0,19.52,32.0,19.0,19.52,34.8,0
537000,420.0,22.0,11.0,0.0,0.0,19.4,27.0,0.0,19.52,32.0,18.0,19.68,34.8,0
537600,420.0,22.0,11.0,0.0,0.0,19.4,27.0,0.0,19.52,32.4,18.0,19.84,34.4,0
538200,420.0,22.0,11.0,0.0,0.0,19.4,27.0,0.0,19.36,32.0,18.0,19.84,34.4,0
538800,420.0,22.0,11.0,0.0,0.0,19.4,27.0,0.0,19.36,32.0,18.0,19.84,34.4,0
539400,420.0,22.0,11.0,0.0,0.0,19.4,27.0,0.0,19.36,32.0,18.0,19.84,34.4,0
540000,420.0,22.0,11.0,0.0,0.0,19.4,27.0,0.0,19.36,32.4,18.0,19.84,34.4,0
540600,410.0,22.0,11.0,0.0,0.0,19.6,27.0,0.0,19.36,32.4,18.0,19.84,34.4,0
541200,420.0,22.0,11.0,0.0,0.0,19.4,27.0,0.0,19.04,32.8,18.0,19.84,34.8,0
541800,410.0,22.0,11.0,0.0,0.0,19.4,27.0,0.0,19.04,32.8,18.0,19.84,34.8,0
542400,410.0,22.0,11.0,0.0,0.0,19.4,27.0,0.0,19.04,32.8,18.0,19.84,34.8,0
543000,410.0,22.0,11.0,0.0,0.0,19.4,27.0,0.0,19.2,33.2,18.0,19.84,34.8,0
543600,410.0,22.0,11.0,0.0,0.0,19.4,27.0,0.0,19.2,33.2,18.0,20.0,34.8,0
544200,410.0,22.0,11.0,0.0,0.0,19.4,27.0,0.0,19.2,33.2,17.0,20.0,34.8,0
544800,410.0,22.0,11.0,0.0,0.0,19.4,27.0,0.0,19.2,33.2,17.0,20.0,34.8,0
545400,400.0,22.0,11.0,0.0,0.0,19.6,27.0,0.0,19.2,33.2,18.0,20.0,34.8,0
546000,410.0,22.0,11.0,0.0,0.0,19.4,27.0,0.0,19.2,33.2,18.0,20.0,34.8,0
546600,400.0,22.0,11.0,0.0,0.0,19.4,27.0,0.0,19.2,33.2,18.0,20.0,34.8,0
547200,400.0,22.0,11.0,0.0,0.0,19.4,27.0,0.0,19.2,33.6,18.0,20.0,34.8,0
547800,400.0,22.0,11.0,0.0,0.0,19.4,27.0,0.0,19.2,33.6,18.0,20.0,34.8,0
548400,400.0,22.0,11.0,0.0,0.0,19.4,27.0,0.0,19.04,33.6,18.0,20.0,34.8,0
549000,400.0,22.0,11.0,0.0,0.0,19.4,27.0,0.0,19.04,33.6,18.0,20.16,34.8,0
549600,400.0,22.0,11.0,0.0,0.0,19.4,27.0,0.0,18.88,34.0,18.0,20.16,34.8,0
550200,400.0,22.0,11.0,0.0,0.0,19.4,28.0,0.0,18.88,34.0,18.0,20.16,35.2,0
550800,400.0,22.0,11.0,0.0,0.0,19.4,28.0,0.0,19.04,34.0,18.0,20.16,35.6,0
551400,400.0,22.0,11.0,0.0,0.0,19.4,28.0,0.0,19.04,34.0,18.0,20.16,35.6,0
552000,400.0,22.0,11.0,0.0,0.0,19.4,28.0,0.0,18.88,34.0,18.0,20.32,35.6,0
552600,400.0,22.0,11.0,0.0,0.0,19.4,28.0,0.0,18.88,34.0,19.0,20.32,35.6,0
553200,400.0,22.0,11.0,0.0,0.0,19.2,28.0,0.0,18.88,34.0,19.0,20.32,35.6,0
553800,390.0,22.0,11.0,0.0,0.0,19.4,28.0,0.0,18.88,34.4,19.0,20.32,36.0,0
554400,390.0,22.0,11.0,0.0,0.0,19.2,28.0,0.0,18.88,34.4,19.0,20.32,36.0,0
555000,390.0,22.0,11.0,0.0,0.0,19.2,28.0,0.0,18.72,34.4,19.0,20.32,36.0,0
555600,390.0,22.0,11.0,0.0,0.0,19.2,28.0,0.0,18.72,34.4,19.0,20.32,36.0,0
556200,390.0,22.0,11.0,0.0,0.0,19.2,28.0,0.0,18.72,34.8,19.0,20.16,36.0,0
556800,390.0,22.0,11.0,0.0,0.0,19.4,28.0,0.0,18.72,34.8,19.0,20.16,36.0,0
557400,390.0,22.0,11.0,0.0,0.0,19.2,28.0,0.0,18.72,34.8,20.0,20.16,36.0,0
558000,390.0,22.0,11.0,0.0,0.0,19.4,28.0,0.0,18.72,34.8,20.0,20.16,36.0,0
558600,390.0,22.0,11.0,0.0,0.0,19.2,28.0,0.0,18.72,34.8,20.0,20.32,36.0,0
559200,390.0,22.0,11.0,0.0,0.0,19.2,28.0,0.0,18.72,34.8,20.0,20.32,36.0,0
559800,390.0,22.0,11.0,0.0,0.0,19.2,28.0,0.0,18.72,35.2,20.0,20.32,36.0,0
560400,390.0,22.0,11.0,0.0,0.0,19.2,29.0,0.0,18.72,35.2,20.0,20.32,36.0,0
561000,390.0,22.0,11.0,0.0,0.0,19.2,29.0,0.0,18.72,35.2,20.0,20.16,36.4,0
561600,390.0,22.0,11.0,0.0,0.0,19.2,29.0,0.0,18.72,35.2,20.0,20.16,36.4,0
562200,390.0,22.0,11.0,0.0,0.0,19.2,29.0,0.0,18.56,35.2,20.0,20.16,36.4,0
562800,390.0,22.0,11.0,0.0,0.0,19.2,29.0,0.0,18.56,35.2,20.0,20.16,36.4,0
563400,390.0,22.0,11.0,0.0,0.0,19.2,29.0,0.0,18.72,35.6,20.0,20.16,36.4,0
564000,390.0,22.0,11.0,0.0,0.0,19.2,29.0,0.0,18.56,35.6,20.0,20.16,36.4,0
564600,390.0,22.0,11.0,0.0,0.0,19.2,29.0,0.0,18.56,35.6,20.0,20.16,36.4,0
565200,390.0,22.0,11.0,0.0,0.0,19.0,29.0,0.0,18.56,35.6,20.0,20.16,36.4,0
565800,390.0,22.0,11.0,0.0,0.0,19.0,29.0,0.0,18.56,35.6,20.0,20.16,36.8,0
566400,390.0,22.0,11.0,0.0,0.0,19.0,29.0,0.0,18.56,36.0,20.0,20.16,36.8,0
567000,390.0,22.0,11.0,0.0,0.0,19.0,29.0,0.0,18.56,36.0,20.0,20.16,36.8,0
567600,390.0,22.0,11.0,0.0,0.0,19.0,29.0,0.0,18.4,36.0,20.0,20.0,36.8,0
568200,390.0,22.0,11.0,0.0,0.0,19.0,29.0,0.0,18.4,36.4,20.0,20.0,36.8,0
568800,390.0,22.0,11.0,0.0,0.0,19.0,29.0,0.0,18.4,36.4,20.0,20.0,36.8,0
569400,390.0,22.0,11.0,0.0,0.0,19.0,29.0,0.0,18.4,36.4,20.0,20.0,36.8,0
570000,390.0,22.0,11.0,0.0,0.0,19.0,30.0,0.0,18.24,36.4,20.0,20.0,36.8,0
570600,390.0,22.0,11.0,0.0,0.0,19.0,30.0,0.0,18.24,36.4,20.0,20.0,37.2,0
571200,390.0,22.0,11.0,0.0,0.0,19.0,30.0,0.0,18.24,36.4,20.0,20.0,37.2,0
571800,390.0,22.0,11.0,0.0,0.0,19.0,30.0,0.0,18.24,36.8,20.0,20.0,37.2,0
572400,390.0,22.0,11.0,0.0,0.0,18.8,30.0,0.0,18.24,36.8,20.0,20.0,37.2,0
573000,390.0,22.0,11.0,0.0,0.0,19.0,30.0,0.0,18.24,36.8,20.0,20.0,37.2,0
573600,390.0,22.0,11.0,0.0,0.0,19.0,30.0,0.0,18.24,36.8,20.0,20.0,37.6,0
574200,390.0,22.0,11.0,0.0,0.0,19.0,30.0,0.0,18.24,36.8,20.0,20.0,37.6,0
574800,390.0,22.0,11.0,0.0,0.0,19.0,30.0,0.0,18.24,36.8,20.0,20.0,37.2,0
575400,390.0,22.0,11.0,0.0,0.0,19.0,30.0,0.0,18.24,36.8,20.0,20.0,37.2,0
576000,390.0,22.0,11.0,0.0,0.0,18.8,30.0,0.0,18.08,37.2,20.0,20.0,37.6,0
576600,390.0,22.0,11.0,0.0,0.0,18.8,30.0,0.0,18.08,37.2,19.0,20.0,37.6,0
577200,390.0,22.0,11.0,0.0,0.0,18.8,30.0,0.0,18.08,37.2,19.0,19.84,37.6,0
577800,390.0,22.0,11.0,0.0,0.0,18.8,30.0,0.0,18.08,37.2,19.0,19.84,38.0,0
578400,390.0,22.0,11.0,0.0,0.0,18.8,30.0,0.0,18.08,37.6,19.0,19.84,38.0,0
579000,390.0,22.0,11.0,0.0,0.0,18.8,30.0,0.0,18.08,37.6,19.0,19.84,38.0,0
579600,390.0,22.0,11.0,0.0,0.0,18.8,30.0,0.0,18.08,37.6,19.0,19.84,38.0,0
580200,390.0,22.0,11.0,0.0,0.0,18.8,30.0,0.0,18.08,37.6,19.0,19.84,38.0,0
580800,390.0,22.0,11.0,0.0,0.0,18.8,30.0,0.0,18.08,37.6,19.0,19.84,38.0,0
581400,390.0,22.0,11.0,0.0,0.0,18.8,30.0,0.0,17.92,38.0,19.0,19.84,38.4,0
582000,390.0,22.0,11.0,0.0,0.0,18.8,31.0,0.0,17.92,38.0,19.0,19.84,38.4,0
582600,390.0,22.0,11.0,0.0,0.0,18.8,31.0,0.0,17.92,38.0,18.0,19.84,38.4,0
583200,390.0,22.0,11.0,0.0,0.0,18.8,31.0,0.0,17.92,38.0,18.0,19.84,38.4,0
583800,390.0,22.0,11.0,0.0,0.0,18.8,31.0,0.0,17.92,38.0,18.0,19.84,38.4,0
584400,390.0,22.0,11.0,0.0,0.0,18.6,31.0,0.0,17.92,38.0,18.0,19.68,38.4,0
585000,390.0,22.0,11.0,0.0,0.0,18.8,31.0,0.0,17.92,38.0,18.0,19.84,38.8,0
585600,390.0,22.0,11.0,0.0,0.0,18.8,31.0,0.0,17.92,38.4,18.0,19.84,38.8,0
586200,390.0,22.0,11.0,0.0,0.0,18.6,31.0,0.0,17.92,38.4,18.0,19.84,38.8,0
586800,390.0,22.0,11.0,0.0,0.0,18.8,31.0,0.0,17.92,38.4,18.0,19.84,38.8,0
587400,390.0,22.0,11.0,0.0,0.0,18.8,31.0,0.0,17.92,38.8,18.0,19.84,39.2,0
588000,400.0,22.0,11.0,0.0,0.0,18.6,31.0,0.0,17.92,38.8,18.0,19.84,39.2,0
588600,400.0,22.0,11.0,0.0,0.0,18.6,31.0,0.0,17.92,38.8,18.0,19.84,39.2,0
589200,400.0,22.0,11.0,0.0,0.0,18.6,31.0,0.0,17.92,38.8,17.0,19.84,39.2,0
589800,400.0,22.0,11.0,0.0,0.0,18.6,31.0,0.0,17.92,39.2,17.0,19.68,39.6,0
590400,400.0,22.0,11.0,0.0,0.0,18.6,31.0,0.0,17.92,39.2,17.0,19.68,39.6,0
591000,400.0,22.0,11.0,0.0,0.0,18.6,31.0,0.0,17.92,39.2,17.0,19.68,39.6,0
591600,400.0,22.0,11.0,0.0,0.0,18.6,31.0,0.0,17.92,39.2,17.0,19.68,39.6,0
592200,400.0,22.0,11.0,0.0,0.0,18.6,31.0,0.0,17.92,39.6,17.0,19.68,39.6,0
592800,400.0,22.0,11.0,0.0,0.0,18.6,31.0,0.0,17.92,39.6,17.0,19.68,40.0,0
593400,400.0,22.0,11.0,0.0,0.0,18.8,31.0,0.0,17.76,39.6,17.0,19.68,40.0,0
594000,400.0,22.0,11.0,0.0,0.0,18.6,32.0,0.0,17.76,39.6,17.0,19.68,40.0,0
594600,400.0,22.0,11.0,0.0,0.0,18.6,32.0,0.0,17.76,39.6,17.0,19.68,40.0,0
595200,400.0,22.0,11.0,0.0,0.0,18.6,32.0,0.0,17.76,39.6,17.0,19.68,40.0,0
595800,400.0,22.0,11.0,0.0,0.0,18.8,32.0,0.0,17.76,39.6,17.0,19.68,40.0,0
596400,410.0,22.0,11.0,0.0,0.0,18.6,32.0,0.0,17.76,39.6,17.0,19.68,40.0,0
597000,410.0,22.0,11.0,0.0,0.0,18.6,32.0,0.0,17.76,40.0,17.0,19.68,40.4,0
597600,410.0,22.0,11.0,0.0,0.0,18.6,32.0,0.0,17.76,40.0,17.0,19.68,40.4,0
598200,410.0,22.0,11.0,0.0,0.0,18.6,32.0,0.0,17.76,40.0,17.0,19.68,40.4,0
598800,410.0,22.0,11.0,0.0,0.0,18.6,32.0,0.0,17.76,40.0,17.0,19.68,40.4,0
599400,410.0,22.0,11.0,0.0,0.0,18.6,32.0,0.0,17.76,40.0,17.0,19.68,40.4,0
600000,410.0,22.0,11.0,0.0,0.0,18.6,32.0,0.0,17.76,40.0,17.0,19.68,40.4,0
600600,410.0,22.0,11.0,0.0,0.0,18.6,32.0,0.0,17.76,40.0,17.0,19.68,40.4,0
601200,420.0,22.0,11.0,0.0,0.0,18.6,32.0,0.0,17.76,40.0,17.0,19.68,40.4,0
601800,420.0,22.0,11.0,0.0,0.0,18.6,32.0,0.0,17.6,40.4,17.0,19.68,40.4,0
602400,420.0,22.0,11.0,0.0,0.0,18.6,32.0,0.0,17.92,40.0,17.0,19.68,40.4,0
603000,420.0,22.0,11.0,0.0,0.0,18.6,32.0,0.0,17.92,40.0,16.0,19.68,40.4,0
603600,420.0,22.0,11.0,0.0,0.0,18.8,32.0,0.0,18.24,39.6,17.0,19.68,40.4,0
604200,410.0,22.0,11.0,0.0,0.0,19.0,32.0,0.0,18.4,39.2,17.0,19.68,40.4,0
604800,410.0,22.0,11.0,0.0,0.0,19.0,32.0,0.0,18.4,38.8,17.0,19.68,40.4,0
605400,410.0,22.0,11.0,0.0,0.0,19.0,32.0,0.0,18.4,38.8,17.0,19.68,40.4,0
606000,410.0,22.0,11.0,0.0,0.0,19.0,32.0,0.0,18.56,39.2,17.0,19.68,40.4,0
606600,410.0,22.0,11.0,0.0,0.0,19.0,32.0,0.0,18.56,38.8,17.0,19.68,40.4,0
607200,410.0,22.0,11.0,0.0,0.0,19.0,32.0,0.0,18.56,38.8,17.0,19.68,40.4,0
607800,410.0,22.0,11.0,0.0,0.0,19.2,32.0,0.0,18.56,38.8,17.0,19.68,40.4,0
608400,410.0,22.0,11.0,0.0,0.0,19.2,32.0,0.0,18.72,38.8,17.0,19.68,40.4,0
609000,410.0,22.0,11.0,0.0,0.0,19.2,32.0,0.0,18.72,38.8,17.0,19.68,40.4,0
609600,410.0,22.0,11.0,0.0,0.0,19.2,32.0,0.0,18.72,38.8,17.0,19.68,40.4,0
610200,420.0,22.0,11.0,0.0,0.0,19.2,32.0,0.0,18.72,38.8,17.0,19.68,40.4,0
610800,420.0,22.0,11.0,0.0,0.0,19.4,32.0,0.0,18.88,39.2,18.0,19.68,41.6,0
611400,420.0,22.0,11.0,0.0,0.0,19.4,32.0,0.0,18.88,39.2,19.0,19.84,41.6,0
612000,420.0,22.0,11.0,0.0,0.0,19.4,32.0,0.0,19.04,39.2,20.0,19.84,41.6,0
612600,430.0,22.0,11.0,0.0,0.0,19.4,32.0,0.0,19.04,42.0,21.0,19.84,41.6,0
613200,430.0,22.0,11.0,0.0,0.0,19.4,32.0,0.0,19.04,42.0,23.0,19.84,41.6,0
613800,470.0,22.0,11.0,0.0,0.0,19.6,35.0,0.0,19.04,42.4,24.0,19.84,41.2,0
614400,470.0,22.0,11.0,0.0,0.0,19.6,35.0,0.0,19.2,41.6,25.0,19.84,41.2,0
615000,470.0,22.0,11.0,0.0,0.0,19.6,34.0,0.0,19.2,41.6,26.0,19.84,41.2,0
615600,460.0,22.0,11.0,0.0,0.0,19.6,34.0,0.0,19.2,40.8,26.0,19.84,41.2,0
616200,460.0,22.0,11.0,0.0,0.0,19.8,34.0,0.0,19.2,40.8,25.0,19.84,41.2,0
616800,470.0,22.0,11.0,0.0,0.0,19.6,33.0,0.0,19.36,40.0,23.0,19.84,41.2,0
617400,470.0,22.0,11.0,0.0,0.0,19.8,33.0,1.0,19.36,40.0,23.0,19.84,41.2,0
618000,500.0,22.0,11.0,0.0,0.0,19.8,33.0,1.0,19.68,41.6,23.0,20.0,41.2,1
618600,580.0,22.0,11.0,0.0,0.0,19.8,34.0,1.0,19.68,41.6,28.0,20.0,41.2,1
619200,650.0,22.0,11.0,0.0,0.0,19.8,34.0,1.0,19.84,42.0,30.0,20.0,41.2,1
619800,700.0,82.0,11.0,0.0,0.0,19.8,35.0,1.0,19.84,42.4,30.0,20.0,41.2,1
620400,750.0,86.0,11.0,0.0,0.0,19.8,35.0,1.0,19.84,42.4,29.0,20.0,41.6,1
621000,800.0,91.0,11.0,0.0,0.0,20.0,35.0,1.0,19.84,42.4,29.0,20.0,41.6,1
621600,850.0,80.0,11.0,0.0,0.0,20.0,35.0,1.0,19.84,42.0,29.0,20.0,41.6,1
622200,920.0,39.0,11.0,0.0,0.0,20.0,35.0,0.0,19.84,42.0,28.0,20.16,41.6,1
622800,920.0,38.0,11.0,0.0,0.0,20.0,35.0,0.0,20.0,42.0,28.0,20.32,42.0,0
623400,930.0,39.0,11.0,0.0,0.0,20.0,35.0,0.0,20.0,42.0,28.0,20.32,42.0,1
624000,1020.0,80.0,33.0,0.0,0.0,20.0,35.0,0.0,20.32,43.6,28.0,20.32,42.0,1
624600,1160.0,83.0,26.0,0.0,0.0,20.4,36.0,0.0,20.32,44.4,35.0,20.48,42.0,2
625200,1320.0,74.0,108.0,0.0,0.0,20.4,37.0,0.0,20.32,44.4,46.0,20.48,42.0,2
625800,1380.0,73.0,96.0,0.0,0.0,20.4,37.0,1.0,20.48,45.2,47.0,20.64,42.0,2
626400,1480.0,73.0,94.0,0.0,0.0,20.6,37.0,1.0,20.48,45.2,48.0,20.64,42.0,2
627000,1570.0,93.0,102.0,0.0,0.0,20.4,38.0,1.0,20.32,44.8,50.0,20.64,42.0,2
627600,1440.0,81.0,100.0,0.0,0.0,21.0,37.0,0.0,20.48,46.4,48.0,20.64,41.6,2
628200,1570.0,99.0,93.0,9.0,0.0,20.8,37.0,0.0,20.48,46.4,47.0,20.64,41.6,2
628800,1610.0,98.0,95.0,10.0,0.0,20.8,37.0,0.0,20.48,44.4,49.0,20.64,41.2,2
629400,1710.0,74.0,108.0,10.0,0.0,21.0,37.0,0.0,20.48,44.4,48.0,20.8,41.2,2
630000,1770.0,65.0,102.0,10.0,0.0,21.0,37.0,0.0,20.64,44.4,50.0,20.8,41.2,2
630600,1760.0,44.0,90.0,10.0,0.0,21.0,37.0,0.0,20.64,44.4,61.0,20.8,41.2,1
631200,1690.0,44.0,96.0,10.0,0.0,21.0,36.0,0.0,20.48,44.0,84.0,20.8,41.6,2
631800,1760.0,52.0,103.0,10.0,0.0,21.0,36.0,0.0,20.48,44.0,101.0,20.8,41.6,2
632400,1730.0,43.0,99.0,10.0,0.0,21.0,36.0,0.0,20.64,45.6,84.0,21.12,40.4,2
633000,1760.0,47.0,105.0,10.0,0.0,21.0,36.0,0.0,20.64,45.6,81.0,20.96,40.4,2
633600,1790.0,43.0,93.0,10.0,0.0,21.2,36.0,0.0,20.64,44.8,76.0,20.96,40.4,2
634200,1760.0,41.0,99.0,10.0,0.0,21.2,36.0,0.0,20.64,44.8,73.0,21.12,39.2,2
634800,1710.0,35.0,91.0,10.0,0.0,21.2,36.0,0.0,20.64,44.4,68.0,21.12,39.2,2
635400,1730.0,47.0,101.0,0.0,0.0,21.4,36.0,0.0,20.64,44.4,66.0,20.96,39.2,2
636000,1730.0,34.0,91.0,0.0,0.0,21.2,36.0,0.0,20.64,44.0,64.0,20.96,39.2,2
636600,1750.0,37.0,92.0,0.0,0.0,21.2,36.0,0.0,20.64,44.0,61.0,20.96,39.6,1
637200,1510.0,24.0,25.0,0.0,0.0,21.0,35.0,0.0,20.48,42.8,54.0,20.96,39.6,1
637800,1480.0,23.0,25.0,0.0,0.0,21.0,35.0,0.0,20.48,42.8,52.0,21.12,39.6,3
638400,1400.0,23.0,118.0,0.0,0.0,21.0,35.0,1.0,20.48,42.8,49.0,21.12,39.6,2
639000,1230.0,24.0,101.0,0.0,0.0,21.2,34.0,0.0,20.48,42.4,47.0,21.12,40.0,2
639600,1410.0,23.0,98.0,0.0,0.0,21.2,34.0,0.0,20.32,42.4,43.0,21.12,40.0,2
640200,1380.0,102.0,107.0,0.0,0.0,21.4,34.0,0.0,20.32,42.4,42.0,21.12,40.4,2
